Position,Name + ID,Name,ID,Roster Position,Salary,Game Info,TeamAbbrev,AvgPointsPerGame,Status,game,opponent,home,active_for_model,model_note,dk_status,needs_injury_verification,team_implied_total,game_total,spread,pass_attempts_pg,rush_attempts_pg,qb_rush_attempts_pg,carries_pg,targets_pg,receptions_pg,receiving_yards_pg,rushing_yards_pg,red_zone_opportunities_pg,snap_share,route_participation,projected_volume,projected_dk_points,ceiling_p90,ceiling_p95,boom_probability,optimal_lineup_frequency,ownership_projection,leverage,games_played,season_dk_points,season_dk_pg,pass_yards_pg,pass_td_pg,interceptions_pg,rush_td_pg,rec_td_pg,usage_source_verified,projection_stage,role_change_flag,role_change_detail,usage_source_url,role_change_priority,dfs_research_pool,active_scenario,scenario_opportunity,scenario_opportunity_type,role_confidence,value_watch_score,carry_share,target_share,rz_share,goal_line_carries,usage_signal_source,opportunity_score_v1,simulation_candidate,proj_carries,proj_targets,proj_receptions,proj_rush_yards,proj_rec_yards,proj_rush_td,proj_rec_td,proj_dk_components,proj_value_per_1k,team_td_expectation,team_pass_attempts_pg_v1,team_pass_volume_is_fallback,proj_pass_att,proj_pass_yds,proj_pass_td,proj_int,proj_qb_rush_att,proj_qb_rush_yds,proj_qb_rush_td,qb_proj_dk_v1,injury_scenario,scenario_active_probability,pass_eff_factor,explosive_factor,pressure_factor,turnover_factor,wr_dvp_factor,te_dvp_factor,rb_rush_factor,man_rate_pct,def_matchup_factor,pre_matchup_projection,matchup_adjusted_projection,matchup_delta_dk,adot_verified,rz_share_verified,rz_targets_verified
WR,Jaxon Smith-Njigba (44312562),Jaxon Smith-Njigba,44312562,WR/FLEX,9100,LAC@SEA 10/04/2026 04:25PM ET,SEA,37.7,,LAC@SEA,LAC,1,True,,,False,25.0,43.0,-7.0,,,,0.0,12.0,9.0,135.0,0.0,,,,,25.9284,,,,,,,3.0,107.1,35.7,,,,0.0,2.0,True,V1 verified-stat baseline,,,,0,True,,,,,,,0.31,,,https://www.fantasyoutsiders.com/usage,46.7,True,0.0,10.5,7.402500000000001,0.0,98.90999999999998,0.0,0.3255,19.2465,2.115,3.571428571428572,33.0,True,,,,,,,,,,1.0,1.033687943262411,1.032258064516129,0.97,0.95,1.0159866614358573,1.0082175533717384,1.0,12.1,1.0190675963649645,19.2465,19.61348449343829,0.366984493438288,9.6,0.529,9.0
RB,Derrick Henry (44312276),Derrick Henry,44312276,RB/FLEX,8400,TEN@BAL 10/04/2026 01:00PM ET,BAL,26.0,,TEN@BAL,TEN,1,True,,,False,27.5,43.5,-11.5,,,,22.0,1.6666666666666667,1.6666666666666667,12.666666666666666,100.33333333333331,,,,,20.7792,,,,,,,3.0,77.9,25.96666666666667,,,,2.0,0.0,True,V1 verified-stat baseline,,,,0,True,,,,,,0.68,0.07,0.57,9.0,https://www.fantasyoutsiders.com/usage,50.55,True,23.32,1.7666666666666668,1.5193333333333334,102.3695,12.048666666666668,1.35,0.03069,21.245290000000004,2.529201190476191,3.928571428571429,33.0,True,,,,,,,,,,1.0,1.00531914893617,1.032258064516129,1.0,1.0,1.0159866614358573,0.9004574720433751,1.0,12.6,1.001063829787234,21.245290000000004,21.26789137234043,0.022601372340425,,,
RB,Kenneth Walker III (44312278),Kenneth Walker III,44312278,RB/FLEX,8200,KC@LV 10/04/2026 04:25PM ET,KC,28.4,,KC@LV,LV,0,True,,,False,26.0,47.5,-4.5,,,,21.666666666666668,6.0,3.6666666666666665,27.33333333333333,120.0,,,,,21.423520000000003,,,,,,,3.0,82.2,27.4,,,,0.6666666666666666,0.6666666666666666,True,V1 verified-stat baseline,,,,0,True,,,,,,0.71,0.2,0.51,5.0,https://www.fantasyoutsiders.com/usage,54.25,True,22.576666666666668,6.252000000000001,4.161053333333333,109.04095833333336,35.02509333333334,1.35,0.0829028571428571,27.165075642857147,3.312814102787457,3.7142857142857135,32.666666666666664,False,,,,,,,,,,1.0,0.99822695035461,0.9806451612903224,0.9,0.9,0.9390937622597098,1.1,1.0129411764705882,11.6,0.9930571547768045,27.165075642857147,26.976472727192387,-0.1886029156647595,,,
WR,Ja'Marr Chase (44312564),Ja'Marr Chase,44312564,WR/FLEX,8100,JAX@CIN 10/04/2026 01:00PM ET,CIN,18.2,,JAX@CIN,JAX,1,True,,,False,27.0,51.5,-2.5,,,,0.0,8.333333333333334,6.0,61.66666666666666,0.0,,,,,16.058,,,,,,,3.0,57.5,19.166666666666668,,,,0.0,1.0,True,V1 verified-stat baseline,,,,0,True,,,,,,,0.32,,,https://www.fantasyoutsiders.com/usage,49.400000000000006,True,0.0,8.783333333333335,6.060500000000001,0.0,69.21266666666668,0.0,0.36288,15.159046666666669,1.8714872427983544,3.857142857142857,34.333333333333336,False,,,,,,,,,,1.0,0.99822695035461,0.9806451612903224,1.06,0.9,1.0018634758728913,0.908590308370044,1.0,18.5,1.0025243339895182,15.159046666666669,15.197313163416029,0.03826649674936,,,
WR,CeeDee Lamb (44312566),CeeDee Lamb,44312566,WR/FLEX,7800,DAL@HOU 10/04/2026 01:00PM ET,DAL,25.6,,DAL@HOU,HOU,0,True,,,False,22.5,47.5,2.5,,,,0.3333333333333333,8.333333333333334,6.666666666666667,103.0,0.0,,,,,18.78,,,,,,,3.0,73.9,24.633333333333336,,,,0.0,1.0,True,V1 verified-stat baseline,,,,0,True,,,,,,,,,,,22.5,True,0.3333333333333333,8.333333333333334,6.083333333333334,0.7791666666666668,82.2,0.0,0.18,15.46125,1.9822115384615384,3.2142857142857144,35.0,False,,,,,,,,,,1.0,1.0372340425531914,1.1,0.9,1.05,1.071694782267556,1.0387156895967469,1.0,9.9,1.051571162658698,15.46125,16.258604638656795,0.7973546386567953,12.4,,
QB,Josh Allen (44312197),Josh Allen,44312197,QB,7700,NE@BUF 10/04/2026 01:00PM ET,BUF,33.3,Q,NE@BUF,NE,1,True,,Q,True,27.5,48.5,-6.5,28.666666666666668,,,9.333333333333334,,,,38.0,,,,,28.8912,,,,,,,3.0,102.9,34.300000000000004,262.0,1.6666666666666667,0.6666666666666666,2.0,,True,V1 verified-stat baseline,,,,0,True,,,,,,,,,,,0.0,True,,,,,,,,21.441237824,2.7845763407792203,3.928571428571429,28.666666666666668,False,28.26304,228.1616064,1.38324576,0.634209472,9.333333333333334,41.52,0.544,21.441237824,,1.0,0.9663120567375888,0.9290322580645162,0.97,1.0,1.0159866614358573,0.9,1.0,30.4,0.964646877144818,21.441237824,20.68322310904096,-0.7580147149590459,,,
RB,Christian McCaffrey (44312280),Christian McCaffrey,44312280,RB/FLEX,7700,DEN@SF 10/04/2026 04:25PM ET,SF,19.3,,DEN@SF,DEN,1,True,,,False,24.5,46.5,-2.5,,,,,,,,,,,,,,,,,,,,,,,,,,,,False,unmodeled,,,,0,True,,,,,,,,,,,0.0,True,,,,,,0.3024,0.05425,2.1399,0.2779090909090909,3.5,33.0,True,,,,,,,,,,1.0,0.9946808510638298,1.0838709677419356,0.94,0.9,0.9728324833267948,1.0549813622500848,1.0,23.0,0.989936170212766,2.1399,2.1183644106382977,-0.0215355893617021,,,
WR,Puka Nacua (44312568),Puka Nacua,44312568,WR/FLEX,7500,LAR@PHI 10/04/2026 01:00PM ET,LAR,12.4,Q,LAR@PHI,PHI,0,True,,Q,True,23.5,44.0,-3.0,,,,,,,,,,,,,,,,,,,,,,,,,,,,False,unmodeled,,,,0,True,,,,,,,,,,,23.5,True,,,,,,0.0,0.188,1.128,0.1504,3.357142857142857,37.0,False,,,,,,,,,Conditional - hopeful Week 4 return,0.55,0.9911347517730495,1.0064516129032255,1.09,1.1,1.0324637112593174,0.9,1.0,22.0,1.0226826805906004,1.128,1.1535860637061972,0.0255860637061973,,,
RB,James Cook III (44312282),James Cook III,44312282,RB/FLEX,7400,NE@BUF 10/04/2026 01:00PM ET,BUF,19.1,,NE@BUF,NE,1,True,,,False,27.5,48.5,-6.5,,,,19.33333333333333,2.6666666666666665,1.3333333333333333,5.333333333333333,115.33333333333331,,,,,15.8496,,,,,,,3.0,54.2,18.066666666666663,,,,0.6666666666666666,0.0,True,V1 verified-stat baseline,,,,0,True,,,,,,,,,,,0.0,True,20.49333333333333,2.8266666666666667,1.7242666666666666,102.91716666666666,12.946133333333334,0.3394285714285713,0.0608928571428571,15.712525238095235,2.1233142213642213,3.928571428571429,28.666666666666668,False,,,,,,,,,,1.0,0.9663120567375888,0.9290322580645162,0.97,1.0,1.0159866614358573,0.9,1.0,30.4,0.9887624113475176,15.712525238095235,15.535954342777774,-0.1765708953174609,,,
QB,Lamar Jackson (44312198),Lamar Jackson,44312198,QB,7300,TEN@BAL 10/04/2026 01:00PM ET,BAL,21.7,,TEN@BAL,TEN,1,True,,,False,27.5,43.5,-11.5,25.33333333333333,,,5.666666666666667,,,,41.333333333333336,,,,,21.6736,,,,,,,3.0,68.2,22.73333333333333,248.3333333333333,1.3333333333333333,0.3333333333333333,0.3333333333333333,,True,V1 verified-stat baseline,,,,0,True,,,,,,,,,,,0.0,True,,,,,,,,16.75841856,2.2956737753424656,3.928571428571429,33.0,True,24.23893333333333,202.908576,1.1462464,0.4582434133333334,5.666666666666667,32.513333333333335,0.2106666666666666,16.75841856,,1.0,1.00531914893617,1.032258064516129,1.0,1.0,1.0159866614358573,0.9004574720433751,1.0,12.6,1.0088452299245023,16.75841856,16.906650625334247,0.1482320653342483,,,
WR,Justin Jefferson (44312570),Justin Jefferson,44312570,WR/FLEX,7300,MIA@MIN 10/04/2026 04:05PM ET,MIN,15.0,Q,MIA@MIN,MIA,1,True,,Q,True,24.5,38.5,-10.5,,,,,,,,,,,,,,,,,,,,,,,,,,,,False,unmodeled,,,,0,True,,,,,,,,,,,24.5,True,,,,,,0.0,0.196,1.1760000000000002,0.1610958904109589,3.5,24.33333333333333,False,,,,,,,,,"Conditional - ankle, hope to play",0.65,1.0726950354609928,1.032258064516129,1.1,0.95,0.9398783836798744,1.075313453066757,1.0,21.6,1.0075706444244177,1.1760000000000002,1.184903077843115,0.0089030778431149,,,
WR,Nico Collins (44312572),Nico Collins,44312572,WR/FLEX,7200,DAL@HOU 10/04/2026 01:00PM ET,HOU,21.2,Q,DAL@HOU,DAL,1,True,,Q,True,25.0,47.5,-2.5,,,,,,,,,,,,,,,,,,,,,,,,,,,,False,unmodeled,,,,0,True,,,,,,,,,,,25.0,True,,,,,,0.0,0.2,1.2000000000000002,0.1666666666666666,3.571428571428572,40.0,False,,,,,,,,,Conditional - hopeful Week 4 return,0.55,1.0124113475177303,0.9806451612903224,1.1,1.1,0.9846018046292664,1.1,1.0,14.8,1.002302681220667,1.2000000000000002,1.2027632174648006,0.0027632174648004,,,
RB,Ashton Jeanty (44312284),Ashton Jeanty,44312284,RB/FLEX,7100,KC@LV 10/04/2026 04:25PM ET,LV,19.4,,KC@LV,KC,1,True,,,False,21.5,47.5,4.5,,,,18.33333333333333,5.0,4.0,30.666666666666668,68.66666666666667,,,,,,,,,,,,3.0,,,,,,0.6666666666666666,0.3333333333333333,True,unmodeled,,,,0,True,,,,,,0.68,0.18,0.56,6.0,https://www.fantasyoutsiders.com/usage,53.10000000000001,True,18.113333333333333,4.94,3.7544,72.86911666666667,30.79266666666667,1.2384000000000002,0.0616988571428571,21.92117147619048,3.087488940308518,3.071428571428572,33.0,True,,,,,,,,,,1.0,0.9556737588652482,0.9290322580645162,1.06,0.95,0.927324440957238,1.0366824805150796,0.9767058823529412,22.7,0.9849935753024616,21.92117147619048,21.5922130671512,-0.3289584090392807,,,
WR,DeVonta Smith (44312574),DeVonta Smith,44312574,WR/FLEX,7100,LAR@PHI 10/04/2026 01:00PM ET,PHI,19.5,,LAR@PHI,LAR,1,True,,,False,20.5,44.0,3.0,,,,0.0,9.0,6.333333333333333,78.33333333333333,0.0,,,,,,,,,,,,3.0,,,,,,0.0,0.3333333333333333,True,unmodeled,,,,0,True,,,,,,,,,,,20.5,True,0.0,8.783999999999999,5.989386666666666,0.0,73.79861333333331,0.0,0.1639999999999999,14.353247999999995,2.0215842253521124,2.9285714285714284,33.0,True,,,,,,,,,,1.0,0.9343971631205674,0.9290322580645162,1.09,0.95,0.9916633974107494,0.9065570992883768,1.0,21.8,0.9746542712278824,14.353247999999995,13.989454469193054,-0.3637935308069409,8.7,,
WR,Davante Adams (44312576),Davante Adams,44312576,WR/FLEX,7000,LAR@PHI 10/04/2026 01:00PM ET,LAR,23.9,,LAR@PHI,PHI,0,True,,,False,23.5,44.0,-3.0,,,,0.0,9.666666666666666,6.0,119.33333333333331,0.0,,,,,17.902079999999998,,,,,,,3.0,68.8,22.933333333333334,,,,0.0,0.6666666666666666,True,V1 verified-stat baseline,,,,0,True,,,,,,,,,,,23.5,True,0.0,9.782666666666666,6.264279999999999,0.0,96.4368533333333,0.0,0.188,17.03596533333333,2.433709333333333,3.357142857142857,37.0,False,,,,,,,,,,1.0,0.9911347517730495,1.0064516129032255,1.09,1.1,1.0324637112593174,0.9,1.0,22.0,1.0226826805906004,17.03596533333333,17.42238669354187,0.3864213602085407,17.2,0.167,2.0
WR,Zay Flowers (44312578),Zay Flowers,44312578,WR/FLEX,6900,TEN@BAL 10/04/2026 01:00PM ET,BAL,22.2,,TEN@BAL,TEN,1,True,,,False,27.5,43.5,-11.5,,,,,,,,,,,,,,,,,,,,,,,,,,,,False,unmodeled,,,,0,True,,,,,,,,,,,27.5,True,,,,,,0.0,0.2199999999999999,1.3199999999999994,0.1913043478260868,3.928571428571429,33.0,True,,,,,,,,,,1.0,1.00531914893617,1.032258064516129,1.0,1.0,1.0159866614358573,0.9004574720433751,1.0,12.6,1.0149753977834042,1.3199999999999994,1.3397675250740928,0.0197675250740934,,,
TE,Brock Bowers (44313018),Brock Bowers,44313018,TE/FLEX,6900,KC@LV 10/04/2026 04:25PM ET,LV,30.6,,KC@LV,KC,1,True,,,False,21.5,47.5,4.5,,,,,,,,,,,,,,,,,,,,,,,,,,,,False,unmodeled,,,,0,True,,,,,,,,,,,21.5,True,,,,,,0.0,0.172,1.032,0.1495652173913043,3.071428571428572,33.0,True,,,,,,,,,,1.0,0.9556737588652482,0.9290322580645162,1.06,0.95,0.927324440957238,1.0366824805150796,0.9767058823529412,22.7,1.0079970298060574,1.032,1.0402529347598513,0.0082529347598512,,,
QB,Joe Burrow (44312199),Joe Burrow,44312199,QB,6800,JAX@CIN 10/04/2026 01:00PM ET,CIN,18.3,,JAX@CIN,JAX,1,True,,,False,27.0,51.5,-2.5,,,,,,,,,,,,,,,,,,,,,,,,,,,,False,unmodeled,,,,0,True,,,,,,,,,,,0.0,True,,,,,,,,17.820138968000002,2.6206086717647064,3.857142857142857,34.333333333333336,False,34.85794666666667,251.19042480000005,1.7071933200000002,0.6169179706666668,1.6666666666666667,6.966666666666667,0.144,17.820138968000002,,1.0,0.99822695035461,0.9806451612903224,1.06,0.9,1.0018634758728913,0.908590308370044,1.0,18.5,0.992331159917639,17.820138968000002,17.68347917200896,-0.1366597959910436,,,
RB,Saquon Barkley (44312286),Saquon Barkley,44312286,RB/FLEX,6800,LAR@PHI 10/04/2026 01:00PM ET,PHI,6.0,,LAR@PHI,LAR,1,True,,,False,20.5,44.0,3.0,,,,18.33333333333333,3.0,2.333333333333333,18.0,60.333333333333336,,,,,,,,,,,,3.0,,,,,,0.6666666666666666,0.0,True,unmodeled,,,,0,True,,,,,,0.79,,,,https://www.fantasyoutsiders.com/usage,43.45,True,17.89333333333333,2.928,2.1927466666666664,68.32406666666667,18.09504,0.6996239999999999,0.0453928571428571,15.304758476190475,2.250699775910364,2.9285714285714284,33.0,True,,,,,,,,,,1.0,0.9343971631205674,0.9290322580645162,1.09,0.95,0.9916633974107494,0.9065570992883768,1.0,21.8,1.0003794326241136,15.304758476190475,15.31056560086052,0.0058071246700457,,,
WR,Garrett Wilson (44312580),Garrett Wilson,44312580,WR/FLEX,6800,NYJ@CHI 10/04/2026 01:00PM ET,NYJ,20.1,,NYJ@CHI,CHI,0,True,,,False,20.0,43.0,3.0,,,,0.0,9.0,7.0,81.0,0.0,,,,,15.738799999999998,,,,,,,3.0,60.3,20.1,,,,0.0,0.6666666666666666,True,V1 verified-stat baseline,,,,0,True,,,,,,,0.36,,,https://www.fantasyoutsiders.com/usage,45.2,True,0.0,8.73,6.275900000000001,0.0,74.3796,0.0,0.3024,15.52826,2.2835676470588235,2.857142857142857,33.0,True,,,,,,,,,,1.0,1.0265957446808511,1.0064516129032255,0.97,0.95,0.9681247548058062,0.969586580820061,1.044,43.4,0.9905953984134708,15.52826,15.38222290136796,-0.1460370986320391,10.1,,
QB,Brock Purdy (44312200),Brock Purdy,44312200,QB,6700,DEN@SF 10/04/2026 04:25PM ET,SF,27.3,,DEN@SF,DEN,1,True,,,False,24.5,46.5,-2.5,27.666666666666668,,,3.333333333333333,,,,31.0,,,,,24.56688,,,,,,,3.0,84.9,28.3,263.0,3.0,0.3333333333333333,0.3333333333333333,,True,V1 verified-stat baseline,,,,0,True,,,,,,,,,,,0.0,True,,,,,,,,19.066318768,2.845719219104478,3.5,33.0,True,27.54714666666667,226.9254288,1.7638471200000003,0.510086864,3.333333333333333,21.800000000000004,0.2106666666666666,19.066318768,,1.0,0.9946808510638298,1.0838709677419356,0.94,0.9,0.9728324833267948,1.0549813622500848,1.0,23.0,0.9873805765271104,19.066318768,18.825712817397505,-0.2406059506024931,,,
WR,Christian Watson (44312582),Christian Watson,44312582,WR/FLEX,6700,GB@TB 10/04/2026 01:00PM ET,GB,24.1,,GB@TB,TB,0,True,,,False,21.75,39.5,-4.0,,,,0.0,9.666666666666666,5.666666666666667,94.66666666666669,0.0,,,,,18.36912,,,,,,,3.0,72.4,24.133333333333336,,,,0.0,1.3333333333333333,True,V1 verified-stat baseline,,,,0,True,,,,,,,,,,,21.75,True,0.0,9.579666666666666,5.969123333333334,0.0,84.65782666666667,0.0,0.174,15.478906000000002,2.3102844776119404,3.107142857142857,41.333333333333336,False,,,,,,,,,,1.0,0.99822695035461,1.0064516129032255,1.0,1.0,0.9649862691251472,1.0712470349034224,1.0,30.5,0.9850908812756138,15.478906000000002,15.248129152722388,-0.2307768472776139,15.9,0.33,6.0
QB,Jalen Hurts (44312201),Jalen Hurts,44312201,QB,6600,LAR@PHI 10/04/2026 01:00PM ET,PHI,21.4,,LAR@PHI,LAR,1,True,,,False,20.5,44.0,3.0,,,,,,,,,,,,,,,,,,,,,,,,,,,,False,unmodeled,,,,0,True,,,,,,,,,,,0.0,True,,,,,,,,,,2.9285714285714284,33.0,True,,,,,,,,,,1.0,0.9343971631205674,0.9290322580645162,1.09,0.95,0.9916633974107494,0.9065570992883768,1.0,21.8,0.9667851750171588,,,,,,
RB,Javonte Williams (44312288),Javonte Williams,44312288,RB/FLEX,6600,DAL@HOU 10/04/2026 01:00PM ET,DAL,16.8,,DAL@HOU,HOU,0,True,,,False,22.5,47.5,2.5,,,,,,,,,,,,,,,,,,,,,,,,,,,,False,unmodeled,,,,0,True,,,,,,,,,,,0.0,True,,,,,,0.2777142857142857,0.0498214285714285,1.9652142857142847,0.2977597402597401,3.2142857142857144,35.0,False,,,,,,,,,,1.0,1.0372340425531914,1.1,0.9,1.05,1.071694782267556,1.0387156895967469,1.0,9.9,0.9924468085106384,1.9652142857142847,1.950370645896656,-0.014843639817629,,,
WR,Mike Evans (44312584),Mike Evans,44312584,WR/FLEX,6600,DEN@SF 10/04/2026 04:25PM ET,SF,12.6,Q,DEN@SF,DEN,1,True,,Q,True,24.5,46.5,-2.5,,,,,,,,,,,,,,,,,,,,,,,,,,,,False,unmodeled,,,,0,True,,,,,,,,,,,24.5,True,,,,,,0.0,0.196,1.1760000000000002,0.1781818181818182,3.5,33.0,True,,,,,,,,,,1.0,0.9946808510638298,1.0838709677419356,0.94,0.9,0.9728324833267948,1.0549813622500848,1.0,23.0,0.9972190238114024,1.1760000000000002,1.1727295720022093,-0.0032704279977908,,,
QB,Patrick Mahomes (44312202),Patrick Mahomes,44312202,QB,6500,KC@LV 10/04/2026 04:25PM ET,KC,23.9,,KC@LV,LV,0,True,,,False,26.0,47.5,-4.5,32.666666666666664,,,3.333333333333333,,,,13.666666666666666,,,,,22.12256,,,,,,,3.0,71.6,23.866666666666664,270.6666666666667,2.333333333333333,0.6666666666666666,0.3333333333333333,,True,V1 verified-stat baseline,,,,0,True,,,,,,,,,,,0.0,True,,,,,,,,18.866112504533334,2.902478846851282,3.7142857142857135,32.666666666666664,False,32.37240533333333,248.89755072000003,1.7134251679999997,0.6941568629333333,3.333333333333333,14.866666666666667,0.2106666666666666,18.866112504533334,,1.0,0.99822695035461,0.9806451612903224,0.9,0.9,0.9390937622597098,1.1,1.0129411764705882,11.6,0.9603311599176392,18.866112504533334,18.11771570461517,-0.7483967999181615,,,
RB,De'Von Achane (44312290),De'Von Achane,44312290,RB/FLEX,6500,MIA@MIN 10/04/2026 04:05PM ET,MIA,8.2,IR,MIA@MIN,MIN,0,False,Season-ending ACL injury; exclude,IR,True,14.0,38.5,10.5,,,,,,,,,,,,,,,,,,,,,,,,,,,,False,excluded,,,,0,False,,,,,,,,,,,0.0,False,,,,,,,,,,2.0,33.0,True,,,,,,,,,,0.0,0.9875886524822696,0.9806451612903224,0.91,1.0,1.0379560612004708,0.9411216536767196,1.0,4.4,0.984017730496454,,,,,,
WR,Parker Washington (44312586),Parker Washington,44312586,WR/FLEX,6500,JAX@CIN 10/04/2026 01:00PM ET,JAX,16.4,,JAX@CIN,CIN,0,True,,,False,24.5,51.5,2.5,,,,0.0,7.666666666666667,5.0,73.66666666666667,0.0,,,,,14.65072,,,,,,,3.0,52.1,17.366666666666667,,,,0.0,0.6666666666666666,True,V1 verified-stat baseline,,,,0,True,,,,,,,0.19,,,https://www.fantasyoutsiders.com/usage,37.8,True,0.0,7.850666666666667,5.15072,0.0,68.79914666666667,0.0,0.19551,13.203694666666667,2.031337641025641,3.5,33.0,True,,,,,,,,,,1.0,1.0088652482269502,1.1,0.9,1.05,0.9916633974107494,1.1,1.0,21.5,1.0084648408915748,13.203694666666667,13.315461841200936,0.1117671745342683,14.3,,
TE,Trey McBride (44313020),Trey McBride,44313020,TE/FLEX,6500,ARI@NYG 10/04/2026 01:00PM ET,ARI,19.7,,ARI@NYG,NYG,0,True,,,False,22.75,44.5,-1.0,,,,0.0,11.333333333333334,8.666666666666666,70.33333333333333,0.0,,,,,15.65124,,,,,,,3.0,62.1,20.7,,,,0.0,0.6666666666666666,True,V1 verified-stat baseline,,,,0,True,,,,,,,,,,,22.75,True,0.0,8.5,6.182499999999999,0.0,57.82,0.0,0.182,13.0565,2.008692307692308,3.25,39.0,False,,,,,,,,,,1.0,0.99822695035461,0.9806451612903224,0.97,1.05,1.037171439780306,1.006184344290071,1.023294117647059,18.8,0.998022643077224,13.0565,13.030682639337773,-0.0258173606622271,5.4,0.4,8.0
QB,Dak Prescott (44312203),Dak Prescott,44312203,QB,6400,DAL@HOU 10/04/2026 01:00PM ET,DAL,21.4,,DAL@HOU,HOU,0,True,,,False,22.5,47.5,2.5,,,,,,,,,,,,,,,,,,,,,,,,,,,,False,unmodeled,,,,0,True,,,,,,,,,,,0.0,True,,,,,,,,18.956503333333337,2.9619536458333338,3.2142857142857144,35.0,False,35.7,253.06200000000004,1.8385500000000004,0.6295100000000001,2.6666666666666665,12.453333333333331,0.144,18.956503333333337,,1.0,1.0372340425531914,1.1,0.9,1.05,1.071694782267556,1.0387156895967469,1.0,9.9,1.0242553191489363,18.956503333333337,19.41629937163121,0.4597960382978741,,,
RB,D'Andre Swift (44312292),D'Andre Swift,44312292,RB/FLEX,6400,NYJ@CHI 10/04/2026 01:00PM ET,CHI,24.7,,NYJ@CHI,NYJ,1,True,,,False,23.0,43.0,-3.0,,,,,,,,,,,,,,,,,,,,,,,,,,,,False,unmodeled,,,,0,True,,,,,,,,,,,0.0,True,,,,,,0.2838857142857142,0.0509285714285714,2.008885714285713,0.3138883928571427,3.2857142857142856,32.666666666666664,False,,,,,,,,,,1.0,0.9627659574468084,0.9032258064516128,0.94,1.1,0.968909376225971,0.9126567265333784,1.0,20.2,0.9835531914893616,2.008885714285713,1.9758459556230992,-0.0330397586626138,,,
WR,Rashee Rice (44312588),Rashee Rice,44312588,WR/FLEX,6400,KC@LV 10/04/2026 04:25PM ET,KC,12.7,,KC@LV,LV,0,True,,,False,26.0,47.5,-4.5,,,,,,,,,,,,,,,,,,,,,,,,,,,,False,unmodeled,,,,0,True,,,,,,,0.39,,,https://www.fantasyoutsiders.com/usage,53.3,True,,10.5,6.930000000000001,,86.1,0.0,0.4258799999999998,18.09528,2.8273874999999995,3.7142857142857135,32.666666666666664,False,,,,,,,,,,1.0,0.99822695035461,0.9806451612903224,0.9,0.9,0.9390937622597098,1.1,1.0129411764705882,11.6,0.9582779628635864,18.09528,17.340308055846197,-0.7549719441538016,6.4,,
QB,Caleb Williams (44312204),Caleb Williams,44312204,QB,6300,NYJ@CHI 10/04/2026 01:00PM ET,CHI,23.0,OUT,NYJ@CHI,NYJ,1,True,,OUT,True,23.0,43.0,-3.0,,,,,,,,,,,,,,,,,,,,,,,,,,,,False,unmodeled,,,,0,True,,,,,,,,,,,0.0,True,,,,,,,,,,3.2857142857142856,32.666666666666664,False,,,,,,,,,,1.0,0.9627659574468084,0.9032258064516128,0.94,1.1,0.968909376225971,0.9126567265333784,1.0,20.2,0.9668898421413864,,,,,,
RB,Josh Jacobs (44312294),Josh Jacobs,44312294,RB/FLEX,6300,GB@TB 10/04/2026 01:00PM ET,GB,0.0,OUT,GB@TB,TB,0,True,,OUT,True,21.75,39.5,-4.0,,,,,,,,,,,,,,,,,,,,,,,,,,,,False,unmodeled,,,,0,True,,,,,,,,,,,0.0,True,,,,,,0.2684571428571428,0.0481607142857142,1.899707142857142,0.3015408163265304,3.107142857142857,41.333333333333336,False,,,,,,,,,,1.0,0.99822695035461,1.0064516129032255,1.0,1.0,0.9649862691251472,1.0712470349034224,1.0,30.5,0.999645390070922,1.899707142857142,1.8990334878419444,-0.0006736550151975,,,
RB,Omarion Hampton (44312296),Omarion Hampton,44312296,RB/FLEX,6300,LAC@SEA 10/04/2026 04:25PM ET,LAC,11.1,,LAC@SEA,SEA,0,True,,,False,18.0,43.0,7.0,,,,16.666666666666668,1.0,0.6666666666666666,7.0,64.33333333333333,,,,,11.25952,,,,,,,3.0,36.4,12.133333333333333,,,,0.6666666666666666,0.0,True,V1 verified-stat baseline,,,,0,True,,,,,,,,,,,0.0,True,15.766666666666667,0.946,0.6558933333333333,64.24128333333334,6.224679999999999,0.2221714285714286,0.0398571428571428,9.274661095238097,1.472168427815571,2.571428571428572,33.0,True,,,,,,,,,,1.0,0.927304964539007,0.9,0.97,0.9,0.9367398979992154,0.9797526262283972,1.0,5.3,0.9809609929078014,9.274661095238097,9.09808075686812,-0.1765803383699768,,,
WR,George Pickens (44312590),George Pickens,44312590,WR/FLEX,6300,DAL@HOU 10/04/2026 01:00PM ET,DAL,10.3,,DAL@HOU,HOU,0,True,,,False,22.5,47.5,2.5,,,,,,,,,,,,,,,,,,,,,,,,,,,,False,unmodeled,,,,0,True,,,,,,,,,,,22.5,True,,,,,,0.0,0.18,1.08,0.1714285714285714,3.2142857142857144,35.0,False,,,,,,,,,,1.0,1.0372340425531914,1.1,0.9,1.05,1.071694782267556,1.0387156895967469,1.0,9.9,1.051571162658698,1.08,1.135696855671394,0.0556968556713939,,,
QB,Matthew Stafford (44312205),Matthew Stafford,44312205,QB,6200,LAR@PHI 10/04/2026 01:00PM ET,LAR,20.7,,LAR@PHI,PHI,0,True,,,False,23.5,44.0,-3.0,,,,,,,,,,,,,,,,,,,,,,,,,,,,False,unmodeled,,,,0,True,,,,,,,,,,,0.0,True,,,,,,,,17.82786093226667,2.8754614406881727,3.357142857142857,37.0,False,36.400896,272.82963456,1.736913024,0.9796432128,1.3333333333333333,0.8266666666666662,0.144,17.82786093226667,,1.0,0.9911347517730495,1.0064516129032255,1.09,1.1,1.0324637112593174,0.9,1.0,22.0,1.0303009608785174,17.82786093226667,18.36806224892293,0.5402013166562618,,,
RB,Breece Hall (44312298),Breece Hall,44312298,RB/FLEX,6200,NYJ@CHI 10/04/2026 01:00PM ET,NYJ,15.2,Q,NYJ@CHI,CHI,0,False,,Q,True,20.0,43.0,3.0,,,,17.0,3.333333333333333,3.333333333333333,34.0,54.333333333333336,,,,,13.818,,,,,,,3.0,48.5,16.166666666666668,,,,0.3333333333333333,0.0,True,V1 verified-stat baseline,,,,0,True,,,,,,,,,,,0.0,True,16.49,3.233333333333333,2.7806666666666664,62.261875,25.414,0.2468571428571428,0.0442857142857142,13.29511130952381,2.144372791858679,2.857142857142857,33.0,True,,,,,,,,,OUT working scenario - quad/thigh,0.0,1.0265957446808511,1.0064516129032255,0.97,0.95,0.9681247548058062,0.969586580820061,1.044,43.4,1.0294191489361704,13.29511130952381,13.686242169261654,0.391130859737844,,,
WR,Jaylen Waddle (44312592),Jaylen Waddle,44312592,WR/FLEX,6200,DEN@SF 10/04/2026 04:25PM ET,DEN,10.8,,DEN@SF,SF,0,True,,,False,22.0,46.5,2.5,,,,,,,,,,,,,,,,,,,,,,,,,,,,False,unmodeled,,,,0,True,,,,,,,,,,,22.0,True,,,,,,0.0,0.176,1.056,0.1703225806451613,3.142857142857143,31.0,False,,,,,,,,,,1.0,0.9911347517730495,0.9806451612903224,1.1,1.05,0.9704786190663004,0.9817858353100644,1.0,7.1,0.9906280987811622,1.056,1.0461032723129071,-0.0098967276870927,,,
RB,Cam Skattebo (44312300),Cam Skattebo,44312300,RB/FLEX,6100,ARI@NYG 10/04/2026 01:00PM ET,NYG,12.2,,ARI@NYG,ARI,1,True,,,False,21.75,44.5,1.0,,,,,,,,,,,,,,,,,,,,,,,,,,,,False,unmodeled,,,,0,True,,,,,,,,,,,0.0,True,,,,,,0.2684571428571428,0.0481607142857142,1.899707142857142,0.3114274004683839,3.107142857142857,33.0,True,,,,,,,,,,1.0,1.0797872340425532,1.032258064516129,1.06,1.05,1.0638485680659082,1.1,1.0,11.0,1.0249574468085108,1.899707142857142,1.947118982826747,0.047411839969605,,,
RB,Chase Brown (44312302),Chase Brown,44312302,RB/FLEX,6100,JAX@CIN 10/04/2026 01:00PM ET,CIN,13.0,,JAX@CIN,JAX,1,True,,,False,27.0,51.5,-2.5,,,,16.333333333333332,4.333333333333333,3.333333333333333,10.666666666666666,65.66666666666667,,,,,13.24008,,,,,,,3.0,41.9,13.966666666666669,,,,0.3333333333333333,0.0,True,V1 verified-stat baseline,,,,0,True,,,,,,0.72,0.13,0.32,3.0,https://www.fantasyoutsiders.com/usage,49.25,True,17.215333333333334,4.567333333333333,3.4009066666666663,71.38654166666667,21.761586666666663,0.8886857142857144,0.0559594285714285,18.38359035714286,3.0137033372365347,3.857142857142857,34.333333333333336,False,,,,,,,,,,1.0,0.99822695035461,0.9806451612903224,1.06,0.9,1.0018634758728913,0.908590308370044,1.0,18.5,1.008645390070922,18.38359035714286,18.542523666684403,0.1589333095415419,,,
WR,Tee Higgins (44312594),Tee Higgins,44312594,WR/FLEX,6100,JAX@CIN 10/04/2026 01:00PM ET,CIN,14.8,,JAX@CIN,JAX,1,True,,,False,27.0,51.5,-2.5,,,,,,,,,,,,,,,,,,,,,,,,,,,,False,unmodeled,,,,0,True,,,,,,,,,,,27.0,True,,,,,,0.0,0.216,1.296,0.2124590163934426,3.857142857142857,34.333333333333336,False,,,,,,,,,,1.0,0.99822695035461,0.9806451612903224,1.06,0.9,1.0018634758728913,0.908590308370044,1.0,18.5,1.0025243339895182,1.296,1.2992715368504155,0.0032715368504157,,,
QB,Drake Maye (44312206),Drake Maye,44312206,QB,6000,NE@BUF 10/04/2026 01:00PM ET,NE,9.5,,NE@BUF,BUF,0,True,,,False,21.0,48.5,6.5,,,,,,,,,,,,,,,,,,,,,,,,,,,,False,unmodeled,,,,0,True,,,,,,,,,,,0.0,True,,,,,,,,13.480009162666668,2.246668193777778,3.0,33.0,True,27.71669333333333,200.9633496,0.97701344,1.1239119146666667,3.333333333333333,17.933333333333337,0.144,13.480009162666668,,1.0,1.0159574468085106,1.1,0.91,1.05,1.0622793252255789,0.9634869535750592,1.0,12.6,1.01668085106383,13.480009162666668,13.704867187848173,0.2248580251815042,,,
RB,Aaron Jones Sr. (44312304),Aaron Jones Sr.,44312304,RB/FLEX,6000,MIA@MIN 10/04/2026 04:05PM ET,MIN,12.6,,MIA@MIN,MIA,1,True,,,False,24.5,38.5,-10.5,,,,,,,,,,,,,,,,,,,,,,,,,,,,False,unmodeled,,,,0,True,,,,,,,,,,,0.0,True,,,,,,0.3024,0.05425,2.1399,0.3566499999999999,3.5,24.33333333333333,False,,,,,,,,,,1.0,1.0726950354609928,1.032258064516129,1.1,0.95,0.9398783836798744,1.075313453066757,1.0,21.6,1.0295390070921986,2.1399,2.203110521276596,0.0632105212765958,,,
RB,Bucky Irving (44312306),Bucky Irving,44312306,RB/FLEX,6000,GB@TB 10/04/2026 01:00PM ET,TB,14.0,,GB@TB,GB,1,True,,,False,17.75,39.5,4.0,,,,,,,,,,,,,,,,,,,,,,,,,,,,False,unmodeled,,,,0,True,,,,,,,,,,,0.0,True,,,,,,0.2190857142857142,0.0393035714285714,1.5503357142857137,0.2583892857142856,2.5357142857142856,33.0,True,,,,,,,,,,1.0,1.0088652482269502,0.9290322580645162,0.97,1.0,1.0403099254609651,0.9838190443917316,1.0,13.5,0.99727304964539,1.5503357142857137,1.5461080257598778,-0.0042276885258358,,,
WR,Malik Nabers (44312596),Malik Nabers,44312596,WR/FLEX,6000,ARI@NYG 10/04/2026 01:00PM ET,NYG,7.2,,ARI@NYG,ARI,1,True,,,False,21.75,44.5,1.0,,,,,,,,,,,,,,,,,,,,,,,,,,,,False,unmodeled,,,,0,True,,,,,,,,,,,21.75,True,,,,,,0.0,0.174,1.044,0.174,3.107142857142857,33.0,True,,,,,,,,,,1.0,1.0797872340425532,1.032258064516129,1.06,1.05,1.0638485680659082,1.1,1.0,11.0,1.0611302770435227,1.044,1.1078200092334378,0.0638200092334377,,,
QB,Trevor Lawrence (44312207),Trevor Lawrence,44312207,QB,5900,JAX@CIN 10/04/2026 01:00PM ET,JAX,18.0,,JAX@CIN,CIN,0,True,,,False,24.5,51.5,2.5,,,,,,,,,,,,,,,,,,,,,,,,,,,,False,unmodeled,,,,0,True,,,,,,,,,,,0.0,True,,,,,,,,16.134215770666668,2.734612842485876,3.5,33.0,True,27.98064,223.03679040000003,1.39955016,0.400123152,2.0,11.506666666666668,0.144,16.134215770666668,,1.0,1.0088652482269502,1.1,0.9,1.05,0.9916633974107494,1.1,1.0,21.5,1.0114893617021277,16.134215770666668,16.31958761143603,0.1853718407693634,,,
RB,Kyren Williams (44312308),Kyren Williams,44312308,RB/FLEX,5900,LAR@PHI 10/04/2026 01:00PM ET,LAR,18.0,,LAR@PHI,PHI,0,True,,,False,23.5,44.0,-3.0,,,,17.0,3.333333333333333,2.6666666666666665,22.0,71.33333333333333,,,,,,,,,,,,3.0,,,,,,0.6666666666666666,0.0,True,unmodeled,,,,0,True,,,,,,0.65,,,,https://www.fantasyoutsiders.com/usage,35.75,True,17.204,3.373333333333333,2.563733333333333,72.69955,21.6568,0.65988,0.0520357142857142,16.27086261904762,2.7577733252623085,3.357142857142857,37.0,False,,,,,,,,,,1.0,0.9911347517730495,1.0064516129032255,1.09,1.1,1.0324637112593174,0.9,1.0,22.0,1.01172695035461,16.27086261904762,16.46167021720787,0.1908075981602515,,,
WR,Emeka Egbuka (44312598),Emeka Egbuka,44312598,WR/FLEX,5900,GB@TB 10/04/2026 01:00PM ET,TB,10.9,,GB@TB,GB,1,True,,,False,17.75,39.5,4.0,,,,,,,,,,,,,,,,,,,,,,,,,,,,False,unmodeled,,,,0,True,,,,,,,,,,,17.75,True,,,,,,0.0,0.142,0.8519999999999999,0.1444067796610169,2.5357142857142856,33.0,True,,,,,,,,,,1.0,1.0088652482269502,0.9290322580645162,0.97,1.0,1.0403099254609651,0.9838190443917316,1.0,13.5,1.003162230127075,0.8519999999999999,0.8546942200682678,0.0026942200682679,,,
QB,Jordan Love (44312208),Jordan Love,44312208,QB,5800,GB@TB 10/04/2026 01:00PM ET,GB,20.3,,GB@TB,TB,0,True,,,False,21.75,39.5,-4.0,,,,,,,,,,,,,,,,,,,,,,,,,,,,False,unmodeled,,,,0,True,,,,,,,,,,,0.0,True,,,,,,,,20.30199606826667,3.5003441497011503,3.107142857142857,41.333333333333336,False,39.77060266666667,279.30509376000003,1.830089184,0.7932310848,2.6666666666666665,13.386666666666663,0.2106666666666666,20.30199606826667,,1.0,0.99822695035461,1.0064516129032255,1.0,1.0,0.9649862691251472,1.0712470349034224,1.0,30.5,1.0004924502402197,20.30199606826667,20.311993791107422,0.0099977228407546,,,
RB,Jeremiyah Love (44312310),Jeremiyah Love,44312310,RB/FLEX,5800,ARI@NYG 10/04/2026 01:00PM ET,ARI,14.1,,ARI@NYG,NYG,0,True,,,False,22.75,44.5,-1.0,,,,,,,,,,,,,,,,,,,,,,,,,,,,False,unmodeled,,,,0,True,,,,,,,,,,,0.0,True,,,,,,0.2808,0.050375,1.98705,0.3425948275862069,3.25,39.0,False,,,,,,,,,,1.0,0.99822695035461,0.9806451612903224,0.97,1.05,1.037171439780306,1.006184344290071,1.023294117647059,18.8,1.0102865665415104,1.98705,2.0074899220463083,0.0204399220463082,,,
WR,Ladd McConkey (44312600),Ladd McConkey,44312600,WR/FLEX,5800,LAC@SEA 10/04/2026 04:25PM ET,LAC,12.1,,LAC@SEA,SEA,0,True,,,False,18.0,43.0,7.0,,,,,,,,,,,,,,,,,,,,,,,,,,,,False,unmodeled,,,,0,True,,,,,,,,,,,18.0,True,,,,,,0.0,0.144,0.8639999999999999,0.1489655172413793,2.571428571428572,33.0,True,,,,,,,,,,1.0,0.927304964539007,0.9,0.97,0.9,0.9367398979992154,0.9797526262283972,1.0,5.3,0.9303591952343988,0.8639999999999999,0.8038303446825203,-0.0601696553174795,,,
QB,C.J. Stroud (44312209),C.J. Stroud,44312209,QB,5700,DAL@HOU 10/04/2026 01:00PM ET,HOU,16.7,,DAL@HOU,DAL,1,True,,,False,25.0,47.5,-2.5,,,,,,,,,,,,,,,,,,,,,,,,,,,,False,unmodeled,,,,0,True,,,,,,,,,,,0.0,True,,,,,,,,18.6032928,3.2637355789473688,3.571428571428572,40.0,False,39.984,277.38899999999995,1.559376,0.5717711999999999,2.333333333333333,9.78,0.144,18.6032928,,1.0,1.0124113475177303,0.9806451612903224,1.1,1.1,0.9846018046292664,1.1,1.0,14.8,1.0367141386410434,18.6032928,19.286296671039125,0.6830038710391264,,,
RB,David Montgomery (44312312),David Montgomery,44312312,RB/FLEX,5700,DAL@HOU 10/04/2026 01:00PM ET,HOU,13.4,,DAL@HOU,DAL,1,True,,,False,25.0,47.5,-2.5,,,,,,,,,,,,,,,,,,,,,,,,,,,,False,unmodeled,,,,0,True,,,,,,,,,,,0.0,True,,,,,,0.3085714285714286,0.0553571428571428,2.1835714285714283,0.3830827067669172,3.571428571428572,40.0,False,,,,,,,,,,1.0,1.0124113475177303,0.9806451612903224,1.1,1.1,0.9846018046292664,1.1,1.0,14.8,1.017482269503546,2.1835714285714283,2.221745212765957,0.0381737841945288,,,
WR,DJ Moore (44312602),DJ Moore,44312602,WR/FLEX,5700,NE@BUF 10/04/2026 01:00PM ET,BUF,12.2,,NE@BUF,NE,1,True,,,False,27.5,48.5,-6.5,,,,,,,,,,,,,,,,,,,,,,,,,,,,False,unmodeled,,,,0,True,,,,,,,,,,,27.5,True,,,,,,0.0,0.2199999999999999,1.3199999999999994,0.2315789473684209,3.928571428571429,28.666666666666668,False,,,,,,,,,,1.0,0.9663120567375888,0.9290322580645162,0.97,1.0,1.0159866614358573,0.9,1.0,30.4,0.981578463443436,1.3199999999999994,1.295683571745335,-0.0243164282546644,,,
QB,Bo Nix (44312210),Bo Nix,44312210,QB,5600,DEN@SF 10/04/2026 04:25PM ET,DEN,15.9,,DEN@SF,SF,0,True,,,False,22.0,46.5,2.5,,,,,,,,,,,,,,,,,,,,,,,,,,,,False,unmodeled,,,,0,True,,,,,,,,,,,0.0,True,,,,,,,,,,3.142857142857143,31.0,False,,,,,,,,,,1.0,0.9911347517730495,0.9806451612903224,1.1,1.05,0.9704786190663004,0.9817858353100644,1.0,7.1,1.0196396705559367,,,,,,
RB,Bhayshul Tuten (44312314),Bhayshul Tuten,44312314,RB/FLEX,5600,JAX@CIN 10/04/2026 01:00PM ET,JAX,13.7,,JAX@CIN,CIN,0,True,,,False,24.5,51.5,2.5,,,,,,,,,,,,,,,,,,,,,,,,,,,,False,unmodeled,,,,0,True,,,,,,,,,,,0.0,True,,,,,,0.3024,0.05425,2.1399,0.382125,3.5,33.0,True,,,,,,,,,,1.0,1.0088652482269502,1.1,0.9,1.05,0.9916633974107494,1.1,1.0,21.5,0.98677304964539,2.1399,2.1115956489361705,-0.0283043510638294,,,
WR,Deebo Samuel Sr. (44312604),Deebo Samuel Sr.,44312604,WR/FLEX,5600,DEN@SF 10/04/2026 04:25PM ET,SF,13.3,,DEN@SF,DEN,1,True,,,False,24.5,46.5,-2.5,,,,,,,,,,,,,,,,,,,,,,,,,,,,False,unmodeled,,,,0,True,,,,,,,,,,,24.5,True,,,,,,0.0,0.196,1.1760000000000002,0.21,3.5,33.0,True,,,,,,,,,,1.0,0.9946808510638298,1.0838709677419356,0.94,0.9,0.9728324833267948,1.0549813622500848,1.0,23.0,0.9972190238114024,1.1760000000000002,1.1727295720022093,-0.0032704279977908,,,
QB,Sam Darnold (44312211),Sam Darnold,44312211,QB,5500,LAC@SEA 10/04/2026 04:25PM ET,SEA,16.6,,LAC@SEA,LAC,1,True,,,False,25.0,43.0,-7.0,,,,,,,,,,,,,,,,,,,,,,,,,,,,False,unmodeled,,,,0,True,,,,,,,,,,,0.0,True,,,,,,,,,,3.571428571428572,33.0,True,,,,,,,,,,1.0,1.033687943262411,1.032258064516129,0.97,0.95,1.0159866614358573,1.0082175533717384,1.0,12.1,1.008111187371311,,,,,,
RB,Ollie Gordon II (44312316),Ollie Gordon II,44312316,RB/FLEX,5500,MIA@MIN 10/04/2026 04:05PM ET,MIA,5.1,,MIA@MIN,MIN,0,True,,,False,14.0,38.5,10.5,,,,,,,,,,,,,,,,,,,,,,,,,,,,False,unmodeled,INJURY_REPLACEMENT,Achane out for season; 17 carries + 3 catches after injury in Week 3,https://www.nfl.com/news/2026-nfl-fantasy-football-waiver-wire-week-4-te-juwan-johnson-rb-braelon-allen-headline-targets,5,True,Wright OUT / limited,19.0,touches,0.72,8.0,0.55,,,,https://www.fantasyoutsiders.com/usage,40.25,True,15.0,2.5,1.8,58.0,13.0,0.3,0.03,10.88,1.427153181818182,2.0,33.0,True,,,,,,,,,Achane OUT; Wright uncertain: Gordon leads committee,1.0,0.9875886524822696,0.9806451612903224,0.91,1.0,1.0379560612004708,0.9411216536767196,1.0,4.4,0.984017730496454,10.88,10.70611290780142,-0.1738870921985817,,,
WR,Michael Wilson (44312606),Michael Wilson,44312606,WR/FLEX,5500,ARI@NYG 10/04/2026 01:00PM ET,ARI,13.4,,ARI@NYG,NYG,0,True,,,False,22.75,44.5,-1.0,,,,,,,,,,,,,,,,,,,,,,,,,,,,False,unmodeled,,,,0,True,,,,,,,,,,,22.75,True,,,,,,0.0,0.182,1.092,0.1985454545454545,3.25,39.0,False,,,,,,,,,,1.0,0.99822695035461,0.9806451612903224,0.97,1.05,1.037171439780306,1.006184344290071,1.023294117647059,18.8,1.0094129177478548,1.092,1.1022789061806575,0.0102789061806574,,,
QB,Justin Herbert (44312212),Justin Herbert,44312212,QB,5400,LAC@SEA 10/04/2026 04:25PM ET,LAC,12.6,,LAC@SEA,SEA,0,True,,,False,18.0,43.0,7.0,,,,,,,,,,,,,,,,,,,,,,,,,,,,False,unmodeled,,,,0,True,,,,,,,,,,,0.0,True,,,,,,,,,,2.571428571428572,33.0,True,,,,,,,,,,1.0,0.927304964539007,0.9,0.97,0.9,0.9367398979992154,0.9797526262283972,1.0,5.3,0.9262872340425532,,,,,,
RB,Tony Pollard (44312318),Tony Pollard,44312318,RB/FLEX,5400,TEN@BAL 10/04/2026 01:00PM ET,TEN,8.5,,TEN@BAL,BAL,0,True,,,False,16.0,43.5,11.5,,,,18.666666666666668,2.6666666666666665,2.0,14.0,61.66666666666666,,,,,,,,,,,,3.0,,,,,,0.3333333333333333,0.0,True,unmodeled,,,,0,True,,,,,,0.81,,,,https://www.fantasyoutsiders.com/usage,44.55,True,17.21066666666667,2.458666666666667,1.80712,65.81543333333335,14.45696,0.5598719999999999,0.0354285714285714,13.406162761904762,2.4826227336860667,2.2857142857142856,33.0,True,,,,,,,,,,1.0,0.9946808510638298,1.0064516129032255,1.03,1.05,1.048156139662613,1.006184344290071,0.992235294117647,14.5,0.9983891113892366,13.406162761904762,13.384566926997568,-0.0215958349071936,,,
WR,Matthew Golden (44312608),Matthew Golden,44312608,WR/FLEX,5400,GB@TB 10/04/2026 01:00PM ET,GB,16.4,,GB@TB,TB,0,True,,,False,21.75,39.5,-4.0,,,,,,,,,,,,,,,,,,,,,,,,,,,,False,unmodeled,,,,0,True,,,,,,,,,,,21.75,True,,,,,,0.0,0.174,1.044,0.1933333333333333,3.107142857142857,41.333333333333336,False,,,,,,,,,,1.0,0.99822695035461,1.0064516129032255,1.0,1.0,0.9649862691251472,1.0712470349034224,1.0,30.5,0.9850908812756138,1.044,1.0284348800517409,-0.0155651199482591,,,
QB,Kyler Murray (44312213),Kyler Murray,44312213,QB,5300,MIA@MIN 10/04/2026 04:05PM ET,MIN,6.0,,MIA@MIN,MIA,1,True,,,False,24.5,38.5,-10.5,,,,,,,,,,,,,,,,,,,,,,,,,,,,False,unmodeled,,,,0,True,,,,,,,,,,,0.0,True,,,,,,,,,,3.5,24.33333333333333,False,,,,,,,,,,1.0,1.0726950354609928,1.032258064516129,1.1,0.95,0.9398783836798744,1.075313453066757,1.0,21.6,1.0516643788606728,,,,,,
RB,J.K. Dobbins (44312320),J.K. Dobbins,44312320,RB/FLEX,5300,DEN@SF 10/04/2026 04:25PM ET,DEN,4.5,,DEN@SF,SF,0,True,,,False,22.0,46.5,2.5,,,,15.666666666666666,2.6666666666666665,2.0,15.0,68.66666666666667,,,,,,,,,,,,3.0,,,,,,0.6666666666666666,0.0,True,unmodeled,,,,0,True,,,,,,0.68,,,,https://www.fantasyoutsiders.com/usage,37.400000000000006,True,15.572666666666668,2.6506666666666665,1.94824,67.11570833333334,15.983519999999997,0.6462720000000001,0.0487142857142857,14.42808054761905,2.722279348607368,3.142857142857143,31.0,False,,,,,,,,,,1.0,0.9911347517730495,0.9806451612903224,1.1,1.05,0.9704786190663004,0.9817858353100644,1.0,7.1,1.01322695035461,14.42808054761905,14.61892005273472,0.1908395051156688,,,
RB,Tank Bigsby (44312322),Tank Bigsby,44312322,RB/FLEX,5300,LAR@PHI 10/04/2026 01:00PM ET,PHI,6.1,,LAR@PHI,LAR,1,True,,,False,20.5,44.0,3.0,,,,,,,,,,,,,,,,,,,,,,,,,,,,False,unmodeled,,,,0,True,,,,,,,,,,,0.0,True,,,,,,0.2530285714285714,0.0453928571428571,1.7905285714285708,0.3378355795148247,2.9285714285714284,33.0,True,,,,,,,,,,1.0,0.9343971631205674,0.9290322580645162,1.09,0.95,0.9916633974107494,0.9065570992883768,1.0,21.8,1.0003794326241136,1.7905285714285708,1.791207956382978,0.0006793849544073,,,
WR,Jordan Addison (44312610),Jordan Addison,44312610,WR/FLEX,5300,MIA@MIN 10/04/2026 04:05PM ET,MIN,8.0,,MIA@MIN,MIA,1,True,,,False,24.5,38.5,-10.5,,,,,,,,,,,,,,,,,,,,,,,,,,,,False,unmodeled,,,,0,True,,,,,,,0.36,,,https://www.fantasyoutsiders.com/usage,49.7,True,,8.90016,5.8741056,,72.98131199999999,0.0,0.37044,15.3948768,2.9046937358490568,3.5,24.33333333333333,False,,,,,,,,,,1.0,1.0726950354609928,1.032258064516129,1.1,0.95,0.9398783836798744,1.075313453066757,1.0,21.6,1.0075706444244177,15.3948768,15.511425938210516,0.1165491382105141,,,
TE,Dalton Kincaid (44313022),Dalton Kincaid,44313022,TE/FLEX,5300,NE@BUF 10/04/2026 01:00PM ET,BUF,16.1,,NE@BUF,NE,1,True,,,False,27.5,48.5,-6.5,,,,0.0,5.666666666666667,4.666666666666667,87.66666666666667,0.0,,,,,13.3744,,,,,,,3.0,48.3,16.099999999999998,,,,0.0,0.3333333333333333,True,V1 verified-stat baseline,,,,0,True,,,,,,,,,,,27.5,True,0.0,6.006666666666668,4.545633333333334,0.0,63.11946666666668,0.0,0.22,12.177580000000004,2.2976566037735853,3.928571428571429,28.666666666666668,False,,,,,,,,,,1.0,0.9663120567375888,0.9290322580645162,0.97,1.0,1.0159866614358573,0.9,1.0,30.4,0.9264812399908487,12.177580000000004,11.282299418487764,-0.8952805815122407,,,
QB,Baker Mayfield (44312214),Baker Mayfield,44312214,QB,5200,GB@TB 10/04/2026 01:00PM ET,TB,13.4,OUT,GB@TB,GB,1,True,,OUT,True,17.75,39.5,4.0,,,,,,,,,,,,,,,,,,,,,,,,,,,,False,unmodeled,,,,0,True,,,,,,,,,,,0.0,True,,,,,,,,,,2.5357142857142856,33.0,True,,,,,,,,,,1.0,1.0088652482269502,0.9290322580645162,0.97,1.0,1.0403099254609651,0.9838190443917316,1.0,13.5,0.983795813315031,,,,,,
QB,Geno Smith (44312215),Geno Smith,44312215,QB,5200,NYJ@CHI 10/04/2026 01:00PM ET,NYJ,18.3,,NYJ@CHI,CHI,0,True,,,False,20.0,43.0,3.0,,,,,,,,,,,,,,,,,,,,,,,,,,,,False,unmodeled,,,,0,True,,,,,,,,,,,0.0,True,,,,,,,,17.685894528000006,3.401133563076924,2.857142857142857,33.0,True,34.11968,252.9773568,1.47617792,0.487911424,3.0,12.86,0.144,17.685894528000006,,1.0,1.0265957446808511,1.0064516129032255,0.97,0.95,0.9681247548058062,0.969586580820061,1.044,43.4,0.9997584076870282,17.685894528000006,17.68162175183401,-0.0042727761659939,,,
RB,TreVeyon Henderson (44312324),TreVeyon Henderson,44312324,RB/FLEX,5200,NE@BUF 10/04/2026 01:00PM ET,NE,8.8,,NE@BUF,BUF,0,True,,,False,21.0,48.5,6.5,,,,,,,,,,,,,,,,,,,,,,,,,,,,False,unmodeled,,,,0,True,,,,,,,,,,,0.0,True,,,,,,0.2592,0.0465,1.8342,0.3527307692307692,3.0,33.0,True,,,,,,,,,,1.0,1.0159574468085106,1.1,0.91,1.05,1.0622793252255789,0.9634869535750592,1.0,12.6,0.989691489361702,1.8342,1.8152921297872344,-0.0189078702127658,,,
RB,Braelon Allen (44312326),Braelon Allen,44312326,RB/FLEX,5200,NYJ@CHI 10/04/2026 01:00PM ET,NYJ,5.7,,NYJ@CHI,CHI,0,True,,,False,20.0,43.0,3.0,,,,,,,,,,,,,,,,,,,,,,,,,,,,False,unmodeled,INJURY_UPSIDE,Breece Hall thigh injury; Allen elevated if Hall sits,https://www.nfl.com/news/2026-nfl-fantasy-football-waiver-wire-week-4-te-juwan-johnson-rb-braelon-allen-headline-targets,4,True,Hall OUT,17.0,touches,0.45,6.8,,,,,,8.0,True,14.0,3.0,2.1,52.0,15.0,0.38,0.04,11.32,0.3359340659340658,2.857142857142857,33.0,True,,,,,,,,,Hall OUT: Allen lead-back scenario,1.0,1.0265957446808511,1.0064516129032255,0.97,0.95,0.9681247548058062,0.969586580820061,1.044,43.4,1.0294191489361704,11.32,11.653024765957449,0.3330247659574485,,,
WR,Luther Burden III (44312612),Luther Burden III,44312612,WR/FLEX,5200,NYJ@CHI 10/04/2026 01:00PM ET,CHI,8.4,,NYJ@CHI,NYJ,1,True,,,False,23.0,43.0,-3.0,,,,,,,,,,,,,,,,,,,,,,,,,,,,False,unmodeled,,,,0,True,,,,,,,0.32,,,https://www.fantasyoutsiders.com/usage,45.400000000000006,True,,10.495146666666669,6.926796800000001,,86.06020266666665,0.0,0.3091199999999999,17.387537066666667,3.343757128205128,3.2857142857142856,32.666666666666664,False,,,,,,,,,,1.0,0.9627659574468084,0.9032258064516128,0.94,1.1,0.968909376225971,0.9126567265333784,1.0,20.2,0.9513458699537116,17.387537066666667,16.541561577040408,-0.8459754896262588,10.2,0.33,6.0
QB,Kirk Cousins (44312216),Kirk Cousins,44312216,QB,5100,KC@LV 10/04/2026 04:25PM ET,LV,19.7,,KC@LV,KC,1,True,,,False,21.5,47.5,4.5,,,,,,,,,,,,,,,,,,,,,,,,,,,,False,unmodeled,,,,0,True,,,,,,,,,,,0.0,True,,,,,,,,,,3.071428571428572,33.0,True,,,,,,,,,,1.0,0.9556737588652482,0.9290322580645162,1.06,0.95,0.927324440957238,1.0366824805150796,0.9767058823529412,22.7,0.9703596431022647,,,,,,
RB,Rhamondre Stevenson (44312328),Rhamondre Stevenson,44312328,RB/FLEX,5100,NE@BUF 10/04/2026 01:00PM ET,NE,8.6,,NE@BUF,BUF,0,True,,,False,21.0,48.5,6.5,,,,,,,,,,,,,,,,,,,,,,,,,,,,False,unmodeled,,,,0,True,,,,,,,,,,,0.0,True,,,,,,0.2592,0.0465,1.8342,0.3596470588235294,3.0,33.0,True,,,,,,,,,,1.0,1.0159574468085106,1.1,0.91,1.05,1.0622793252255789,0.9634869535750592,1.0,12.6,0.989691489361702,1.8342,1.8152921297872344,-0.0189078702127658,,,
RB,Jadarian Price (44312330),Jadarian Price,44312330,RB/FLEX,5100,LAC@SEA 10/04/2026 04:25PM ET,SEA,5.3,,LAC@SEA,LAC,1,True,,,False,25.0,43.0,-7.0,,,,,,,,,,,,,,,,,,,,,,,,,,,,False,unmodeled,,,,0,True,,,,,,,,,,,0.0,True,,,,,,0.3085714285714286,0.0553571428571428,2.1835714285714283,0.4281512605042016,3.571428571428572,33.0,True,,,,,,,,,,1.0,1.033687943262411,1.032258064516129,0.97,0.95,1.0159866614358573,1.0082175533717384,1.0,12.1,1.0022375886524824,2.1835714285714283,2.188457363221884,0.0048859346504559,,,
WR,Tre Tucker (44312614),Tre Tucker,44312614,WR/FLEX,5100,KC@LV 10/04/2026 04:25PM ET,LV,13.0,,KC@LV,KC,1,True,,,False,21.5,47.5,4.5,,,,,,,,,,,,,,,,,,,,,,,,,,,,False,unmodeled,,,,0,True,,,,,,,,,,,21.5,True,,,,,,0.0,0.172,1.032,0.2023529411764706,3.071428571428572,33.0,True,,,,,,,,,,1.0,0.9556737588652482,0.9290322580645162,1.06,0.95,0.927324440957238,1.0366824805150796,0.9767058823529412,22.7,0.9480208897599725,1.032,0.9783575582322916,-0.0536424417677084,,,
TE,George Kittle (44313024),George Kittle,44313024,TE/FLEX,5100,DEN@SF 10/04/2026 04:25PM ET,SF,15.8,,DEN@SF,DEN,1,True,,,False,24.5,46.5,-2.5,,,,,,,,,,,,,,,,,,,,,,,,,,,,False,unmodeled,,,,0,True,,,,,,,0.27,,,https://www.fantasyoutsiders.com/usage,43.400000000000006,True,,8.5,5.864999999999999,,61.20000000000001,0.0,0.27783,13.65198,2.676858823529412,3.5,33.0,True,,,,,,,,,,1.0,0.9946808510638298,1.0838709677419356,0.94,0.9,0.9728324833267948,1.0549813622500848,1.0,23.0,1.0312970587776975,13.65198,14.079246820491951,0.4272668204919529,,,
QB,Jacoby Brissett (44312217),Jacoby Brissett,44312217,QB,5000,ARI@NYG 10/04/2026 01:00PM ET,ARI,16.5,,ARI@NYG,NYG,0,True,,,False,22.75,44.5,-1.0,,,,,,,,,,,,,,,,,,,,,,,,,,,,False,unmodeled,,,,0,True,,,,,,,,,,,0.0,True,,,,,,,,,,3.25,39.0,False,,,,,,,,,,1.0,0.99822695035461,0.9806451612903224,0.97,1.05,1.037171439780306,1.006184344290071,1.023294117647059,18.8,0.9968311599176388,,,,,,
RB,RJ Harvey (44312332),RJ Harvey,44312332,RB/FLEX,5000,DEN@SF 10/04/2026 04:25PM ET,DEN,9.4,,DEN@SF,SF,0,True,,,False,22.0,46.5,2.5,,,,,,,,,,,,,,,,,,,,,,,,,,,,False,unmodeled,,,,0,True,,,,,,,,,,,0.0,True,,,,,,0.2715428571428571,0.0487142857142857,1.9215428571428568,0.3843085714285713,3.142857142857143,31.0,False,,,,,,,,,,1.0,0.9911347517730495,0.9806451612903224,1.1,1.05,0.9704786190663004,0.9817858353100644,1.0,7.1,1.01322695035461,1.9215428571428568,1.9469590091185405,0.0254161519756837,,,
RB,Jaylen Wright (44312334),Jaylen Wright,44312334,RB/FLEX,5000,MIA@MIN 10/04/2026 04:05PM ET,MIA,0.5,Q,MIA@MIN,MIN,0,True,,Q,True,14.0,38.5,10.5,,,,,,,,,,,,,,,,,,,,,,,,,,,,False,unmodeled,STATUS_DEPENDENT,"Competing for post-Achane role; stinger/foot, day-to-day",https://dknetwork.draftkings.com/2026/09/29/nfl-injury-report-week-4/,5,True,Cleared to play,12.0,touches,0.35,8.5,,,,,,10.0,True,8.0,1.5,1.0,34.0,8.0,0.16,0.02,6.28,0.2445599999999999,2.0,33.0,True,,,,,,,,,If active: secondary committee role,0.55,0.9875886524822696,0.9806451612903224,0.91,1.0,1.0379560612004708,0.9411216536767196,1.0,4.4,0.984017730496454,6.28,6.179631347517731,-0.1003686524822695,,,
WR,Rome Odunze (44312616),Rome Odunze,44312616,WR/FLEX,5000,NYJ@CHI 10/04/2026 01:00PM ET,CHI,7.3,,NYJ@CHI,NYJ,1,True,,,False,23.0,43.0,-3.0,,,,,,,,,,,,,,,,,,,,,,,,,,,,False,unmodeled,,,,0,True,,,,,,,,,,,23.0,True,,,,,,0.0,0.1839999999999999,1.1039999999999994,0.2207999999999998,3.2857142857142856,32.666666666666664,False,,,,,,,,,,1.0,0.9627659574468084,0.9032258064516128,0.94,1.1,0.968909376225971,0.9126567265333784,1.0,20.2,0.9513458699537116,1.1039999999999994,1.050285840428897,-0.0537141595711023,,,
WR,Jakobi Meyers (44312618),Jakobi Meyers,44312618,WR/FLEX,5000,JAX@CIN 10/04/2026 01:00PM ET,JAX,11.8,,JAX@CIN,CIN,0,True,,,False,24.5,51.5,2.5,,,,,,,,,,,,,,,,,,,,,,,,,,,,False,unmodeled,,,,0,True,,,,,,,0.3,,,https://www.fantasyoutsiders.com/usage,45.5,True,,10.0584,6.638544,,82.47888,0.0,0.3087,16.738632000000003,3.3477264000000004,3.5,33.0,True,,,,,,,,,,1.0,1.0088652482269502,1.1,0.9,1.05,0.9916633974107494,1.1,1.0,21.5,1.0084648408915748,16.738632000000003,16.880321856622626,0.141689856622623,10.7,,
TE,Travis Kelce (44313026),Travis Kelce,44313026,TE/FLEX,5000,KC@LV 10/04/2026 04:25PM ET,KC,17.4,,KC@LV,LV,0,True,,,False,26.0,47.5,-4.5,,,,,,,,,,,,,,,,,,,,,,,,,,,,False,unmodeled,,,,0,True,,,,,,,,,,,26.0,True,,,,,,0.0,0.208,1.248,0.2496,3.7142857142857135,32.666666666666664,False,,,,,,,,,,1.0,0.99822695035461,0.9806451612903224,0.9,0.9,0.9390937622597098,1.1,1.0129411764705882,11.6,1.0426212537176849,1.248,1.301191324639671,0.0531913246396706,,,
QB,Malik Willis (44312218),Malik Willis,44312218,QB,4900,MIA@MIN 10/04/2026 04:05PM ET,MIA,14.1,,MIA@MIN,MIN,0,True,,,False,14.0,38.5,10.5,,,,,,,,,,,,,,,,,,,,,,,,,,,,False,unmodeled,,,,0,True,,,,,,,,,,,0.0,True,,,,,,,,,,2.0,33.0,True,,,,,,,,,,1.0,0.9875886524822696,0.9806451612903224,0.91,1.0,1.0379560612004708,0.9411216536767196,1.0,4.4,0.972543925875086,,,,,,
RB,Kyle Monangai (44312336),Kyle Monangai,44312336,RB/FLEX,4900,NYJ@CHI 10/04/2026 01:00PM ET,CHI,15.6,,NYJ@CHI,NYJ,1,True,,,False,23.0,43.0,-3.0,,,,,,,,,,,,,,,,,,,,,,,,,,,,False,unmodeled,,,,0,True,,,,,,,,,,,0.0,True,,,,,,0.2838857142857142,0.0509285714285714,2.008885714285713,0.4099766763848395,3.2857142857142856,32.666666666666664,False,,,,,,,,,,1.0,0.9627659574468084,0.9032258064516128,0.94,1.1,0.968909376225971,0.9126567265333784,1.0,20.2,0.9835531914893616,2.008885714285713,1.9758459556230992,-0.0330397586626138,,,
RB,Tyjae Spears (44312338),Tyjae Spears,44312338,RB/FLEX,4900,TEN@BAL 10/04/2026 01:00PM ET,TEN,4.6,,TEN@BAL,BAL,0,True,,,False,16.0,43.5,11.5,,,,,,,,,,,,,,,,,,,,,,,,,,,,False,unmodeled,,,,0,True,,,,,,,,,,,0.0,True,,,,,,0.1974857142857142,0.0354285714285714,1.3974857142857136,0.2852011661807578,2.2857142857142856,33.0,True,,,,,,,,,,1.0,0.9946808510638298,1.0064516129032255,1.03,1.05,1.048156139662613,1.006184344290071,0.992235294117647,14.5,0.9983891113892366,1.3974857142857136,1.3952345204648662,-0.0022511938208473,,,
RB,Blake Corum (44312340),Blake Corum,44312340,RB/FLEX,4900,LAR@PHI 10/04/2026 01:00PM ET,LAR,6.4,,LAR@PHI,PHI,0,True,,,False,23.5,44.0,-3.0,,,,,,,,,,,,,,,,,,,,,,,,,,,,False,unmodeled,,,,0,True,,,,,,,,,,,0.0,True,,,,,,0.2900571428571428,0.0520357142857142,2.052557142857142,0.4188892128279881,3.357142857142857,37.0,False,,,,,,,,,,1.0,0.9911347517730495,1.0064516129032255,1.09,1.1,1.0324637112593174,0.9,1.0,22.0,1.01172695035461,2.052557142857142,2.076627378571428,0.0240702357142859,,,
WR,Chris Godwin Jr. (44312620),Chris Godwin Jr.,44312620,WR/FLEX,4900,GB@TB 10/04/2026 01:00PM ET,TB,7.5,,GB@TB,GB,1,True,,,False,17.75,39.5,4.0,,,,,,,,,,,,,,,,,,,,,,,,,,,,False,unmodeled,,,,0,True,,,,,,,,,,,17.75,True,,,,,,0.0,0.142,0.8519999999999999,0.1738775510204081,2.5357142857142856,33.0,True,,,,,,,,,,1.0,1.0088652482269502,0.9290322580645162,0.97,1.0,1.0403099254609651,0.9838190443917316,1.0,13.5,1.003162230127075,0.8519999999999999,0.8546942200682678,0.0026942200682679,,,
WR,Courtland Sutton (44312622),Courtland Sutton,44312622,WR/FLEX,4900,DEN@SF 10/04/2026 04:25PM ET,DEN,5.4,,DEN@SF,SF,0,True,,,False,22.0,46.5,2.5,,,,,,,,,,,,,,,,,,,,,,,,,,,,False,unmodeled,,,,0,True,,,,,,,,,,,22.0,True,,,,,,0.0,0.176,1.056,0.2155102040816326,3.142857142857143,31.0,False,,,,,,,,,,1.0,0.9911347517730495,0.9806451612903224,1.1,1.05,0.9704786190663004,0.9817858353100644,1.0,7.1,0.9906280987811622,1.056,1.0461032723129071,-0.0098967276870927,,,
QB,Tyson Bagent (44312219),Tyson Bagent,44312219,QB,4800,NYJ@CHI 10/04/2026 01:00PM ET,CHI,2.2,,NYJ@CHI,NYJ,1,True,,,False,23.0,43.0,-3.0,,,,,,,,,,,,,,,,,,,,,,,,,,,,False,unmodeled,,,,0,True,,,,,,,,,,,0.0,True,,,,,,,,,,3.2857142857142856,32.666666666666664,False,,,,,,,,,,1.0,0.9627659574468084,0.9032258064516128,0.94,1.1,0.968909376225971,0.9126567265333784,1.0,20.2,0.9668898421413864,,,,,,
RB,MarShawn Lloyd (44312344),MarShawn Lloyd,44312344,RB/FLEX,4800,GB@TB 10/04/2026 01:00PM ET,GB,5.7,,GB@TB,TB,0,True,,,False,21.75,39.5,-4.0,,,,,,,,,,,,,,,,,,,,,,,,,,,,False,unmodeled,,,,0,True,,,,,,,,,,,0.0,True,,,,,,0.2684571428571428,0.0481607142857142,1.899707142857142,0.3957723214285712,3.107142857142857,41.333333333333336,False,,,,,,,,,,1.0,0.99822695035461,1.0064516129032255,1.0,1.0,0.9649862691251472,1.0712470349034224,1.0,30.5,0.999645390070922,1.899707142857142,1.8990334878419444,-0.0006736550151975,,,
RB,Will Shipley (44312346),Will Shipley,44312346,RB/FLEX,4800,LAR@PHI 10/04/2026 01:00PM ET,PHI,3.6,,LAR@PHI,LAR,1,True,,,False,20.5,44.0,3.0,,,,,,,,,,,,,,,,,,,,,,,,,,,,False,unmodeled,,,,0,True,,,,,,,,,,,0.0,True,,,,,,0.2530285714285714,0.0453928571428571,1.7905285714285708,0.3730267857142856,2.9285714285714284,33.0,True,,,,,,,,,,1.0,0.9343971631205674,0.9290322580645162,1.09,0.95,0.9916633974107494,0.9065570992883768,1.0,21.8,1.0003794326241136,1.7905285714285708,1.791207956382978,0.0006793849544073,,,
RB,Tyler Allgeier (44312348),Tyler Allgeier,44312348,RB/FLEX,4800,ARI@NYG 10/04/2026 01:00PM ET,ARI,5.9,,ARI@NYG,NYG,0,True,,,False,22.75,44.5,-1.0,,,,,,,,,,,,,,,,,,,,,,,,,,,,False,unmodeled,,,,0,True,,,,,,,,,,,0.0,True,,,,,,0.2808,0.050375,1.98705,0.41396875,3.25,39.0,False,,,,,,,,,,1.0,0.99822695035461,0.9806451612903224,0.97,1.05,1.037171439780306,1.006184344290071,1.023294117647059,18.8,1.0102865665415104,1.98705,2.0074899220463083,0.0204399220463082,,,
WR,Quentin Johnston (44312624),Quentin Johnston,44312624,WR/FLEX,4800,LAC@SEA 10/04/2026 04:25PM ET,LAC,4.4,,LAC@SEA,SEA,0,True,,,False,18.0,43.0,7.0,,,,,,,,,,,,,,,,,,,,,,,,,,,,False,unmodeled,,,,0,True,,,,,,,,,,,18.0,True,,,,,,0.0,0.144,0.8639999999999999,0.18,2.571428571428572,33.0,True,,,,,,,,,,1.0,0.927304964539007,0.9,0.97,0.9,0.9367398979992154,0.9797526262283972,1.0,5.3,0.9303591952343988,0.8639999999999999,0.8038303446825203,-0.0601696553174795,,,
WR,Carnell Tate (44312626),Carnell Tate,44312626,WR/FLEX,4800,TEN@BAL 10/04/2026 01:00PM ET,TEN,8.4,,TEN@BAL,BAL,0,True,,,False,16.0,43.5,11.5,,,,,,,,,,,,,,,,,,,,,,,,,,,,False,unmodeled,,,,0,True,,,,,,,,,,,16.0,True,,,,,,0.0,0.128,0.768,0.16,2.2857142857142856,33.0,True,,,,,,,,,,1.0,0.9946808510638298,1.0064516129032255,1.03,1.05,1.048156139662613,1.006184344290071,0.992235294117647,14.5,1.0246307981947784,0.768,0.7869164530135898,0.0189164530135897,,,
TE,Dalton Schultz (44313028),Dalton Schultz,44313028,TE/FLEX,4800,DAL@HOU 10/04/2026 01:00PM ET,HOU,14.2,,DAL@HOU,DAL,1,True,,,False,25.0,47.5,-2.5,,,,,8.333333333333334,6.333333333333333,63.0,,,,,,,,,,,,,3.0,,,,,,,0.3333333333333333,True,unmodeled,,,,0,True,,,,,,,,,,,25.0,True,,8.5,6.162499999999999,,62.424,0.0,0.2,13.604899999999995,2.834354166666666,3.571428571428572,40.0,False,,,,,,,,,,1.0,1.0124113475177303,0.9806451612903224,1.1,1.1,0.9846018046292664,1.1,1.0,14.8,1.066167353008465,13.604899999999995,14.50510022094486,0.9002002209448658,6.3,,
QB,Cam Ward (44312220),Cam Ward,44312220,QB,4700,TEN@BAL 10/04/2026 01:00PM ET,TEN,14.1,,TEN@BAL,BAL,0,True,,,False,16.0,43.5,11.5,,,,,,,,,,,,,,,,,,,,,,,,,,,,False,unmodeled,,,,0,True,,,,,,,,,,,0.0,True,,,,,,,,13.7338381376,2.9220932207659573,2.2857142857142856,33.0,True,30.366336,198.51302016,1.163582784,0.5550138047999998,1.6666666666666667,8.3,0.144,13.7338381376,,1.0,0.9946808510638298,1.0064516129032255,1.03,1.05,1.048156139662613,1.006184344290071,0.992235294117647,14.5,1.0123967055593686,13.7338381376,13.904092485191851,0.1702543475918538,,,
RB,Woody Marks (44312342),Woody Marks,44312342,RB/FLEX,4700,DAL@HOU 10/04/2026 01:00PM ET,HOU,7.5,,DAL@HOU,DAL,1,True,,,False,25.0,47.5,-2.5,,,,,,,,,,,,,,,,,,,,,,,,,,,,False,unmodeled,,,,0,True,,,,,,,,,,,0.0,True,,,,,,0.3085714285714286,0.0553571428571428,2.1835714285714283,0.4645896656534953,3.571428571428572,40.0,False,,,,,,,,,,1.0,1.0124113475177303,0.9806451612903224,1.1,1.1,0.9846018046292664,1.1,1.0,14.8,1.017482269503546,2.1835714285714283,2.221745212765957,0.0381737841945288,,,
RB,Kenny Gainwell (44312350),Kenny Gainwell,44312350,RB/FLEX,4700,GB@TB 10/04/2026 01:00PM ET,TB,3.4,,GB@TB,GB,1,True,,,False,17.75,39.5,4.0,,,,,,,,,,,,,,,,,,,,,,,,,,,,False,unmodeled,,,,0,True,,,,,,,,,,,0.0,True,,,,,,0.2190857142857142,0.0393035714285714,1.5503357142857137,0.3298586626139815,2.5357142857142856,33.0,True,,,,,,,,,,1.0,1.0088652482269502,0.9290322580645162,0.97,1.0,1.0403099254609651,0.9838190443917316,1.0,13.5,0.99727304964539,1.5503357142857137,1.5461080257598778,-0.0042276885258358,,,
RB,Emanuel Wilson (44312352),Emanuel Wilson,44312352,RB/FLEX,4700,LAC@SEA 10/04/2026 04:25PM ET,SEA,3.6,,LAC@SEA,LAC,1,True,,,False,25.0,43.0,-7.0,,,,,,,,,,,,,,,,,,,,,,,,,,,,False,unmodeled,,,,0,True,,,,,,,,,,,0.0,True,,,,,,0.3085714285714286,0.0553571428571428,2.1835714285714283,0.4645896656534953,3.571428571428572,33.0,True,,,,,,,,,,1.0,1.033687943262411,1.032258064516129,0.97,0.95,1.0159866614358573,1.0082175533717384,1.0,12.1,1.0022375886524824,2.1835714285714283,2.188457363221884,0.0048859346504559,,,
WR,Romeo Doubs (44312628),Romeo Doubs,44312628,WR/FLEX,4700,NE@BUF 10/04/2026 01:00PM ET,NE,6.8,,NE@BUF,BUF,0,True,,,False,21.0,48.5,6.5,,,,,,,,,,,,,,,,,,,,,,,,,,,,False,unmodeled,,,,0,True,,,,,,,,,,,21.0,True,,,,,,0.0,0.1679999999999999,1.0079999999999991,0.2144680851063828,3.0,33.0,True,,,,,,,,,,1.0,1.0159574468085106,1.1,0.91,1.05,1.0622793252255789,0.9634869535750592,1.0,12.6,1.043015058053638,1.0079999999999991,1.0513591785180665,0.0433591785180671,,,
WR,Khalil Shakir (44312630),Khalil Shakir,44312630,WR/FLEX,4700,NE@BUF 10/04/2026 01:00PM ET,BUF,5.8,,NE@BUF,NE,1,True,,,False,27.5,48.5,-6.5,,,,,,,,,,,,,,,,,,,,,,,,,,,,False,unmodeled,,,,0,True,,,,,,,,,,,27.5,True,,,,,,0.0,0.2199999999999999,1.3199999999999994,0.2808510638297871,3.928571428571429,28.666666666666668,False,,,,,,,,,,1.0,0.9663120567375888,0.9290322580645162,0.97,1.0,1.0159866614358573,0.9,1.0,30.4,0.981578463443436,1.3199999999999994,1.295683571745335,-0.0243164282546644,,,
TE,Colston Loveland (44313030),Colston Loveland,44313030,TE/FLEX,4700,NYJ@CHI 10/04/2026 01:00PM ET,CHI,0.7,,NYJ@CHI,NYJ,1,True,,,False,23.0,43.0,-3.0,,,,,,,,,,,,,,,,,,,,,,,,,,,,False,unmodeled,,,,0,True,,,,,,,,,,,23.0,True,,,,,,0.0,0.1839999999999999,1.1039999999999994,0.2348936170212764,3.2857142857142856,32.666666666666664,False,,,,,,,,,,1.0,0.9627659574468084,0.9032258064516128,0.94,1.1,0.968909376225971,0.9126567265333784,1.0,20.2,0.9269752696002216,1.1039999999999994,1.023380697638644,-0.0806193023613552,,,
QB,Case Keenum (44312221),Case Keenum,44312221,QB,4600,NYJ@CHI 10/04/2026 01:00PM ET,CHI,0.0,,NYJ@CHI,NYJ,1,True,,,False,23.0,43.0,-3.0,,,,,,,,,,,,,,,,,,,,,,,,,,,,False,unmodeled,,,,0,True,,,,,,,,,,,0.0,True,,,,,,,,,,3.2857142857142856,32.666666666666664,False,,,,,,,,,,1.0,0.9627659574468084,0.9032258064516128,0.94,1.1,0.968909376225971,0.9126567265333784,1.0,20.2,0.9668898421413864,,,,,,
RB,Chris Rodriguez Jr. (44312354),Chris Rodriguez Jr.,44312354,RB/FLEX,4600,JAX@CIN 10/04/2026 01:00PM ET,JAX,4.4,,JAX@CIN,CIN,0,True,,,False,24.5,51.5,2.5,,,,,,,,,,,,,,,,,,,,,,,,,,,,False,unmodeled,,,,0,True,,,,,,,,,,,0.0,True,,,,,,0.3024,0.05425,2.1399,0.465195652173913,3.5,33.0,True,,,,,,,,,,1.0,1.0088652482269502,1.1,0.9,1.05,0.9916633974107494,1.1,1.0,21.5,0.98677304964539,2.1399,2.1115956489361705,-0.0283043510638294,,,
RB,Kaelon Black (44312356),Kaelon Black,44312356,RB/FLEX,4600,DEN@SF 10/04/2026 04:25PM ET,SF,4.1,,DEN@SF,DEN,1,True,,,False,24.5,46.5,-2.5,,,,,,,,,,,,,,,,,,,,,,,,,,,,False,unmodeled,,,,0,True,,,,,,,,,,,0.0,True,,,,,,0.3024,0.05425,2.1399,0.465195652173913,3.5,33.0,True,,,,,,,,,,1.0,0.9946808510638298,1.0838709677419356,0.94,0.9,0.9728324833267948,1.0549813622500848,1.0,23.0,0.989936170212766,2.1399,2.1183644106382977,-0.0215355893617021,,,
RB,Kaleb Johnson (44312358),Kaleb Johnson,44312358,RB/FLEX,4600,GB@TB 10/04/2026 01:00PM ET,GB,1.9,,GB@TB,TB,0,True,,,False,21.75,39.5,-4.0,,,,,,,,,,,,,,,,,,,,,,,,,,,,False,unmodeled,,,,0,True,,,,,,,,,,,0.0,True,,,,,,0.2684571428571428,0.0481607142857142,1.899707142857142,0.4129798136645961,3.107142857142857,41.333333333333336,False,,,,,,,,,,1.0,0.99822695035461,1.0064516129032255,1.0,1.0,0.9649862691251472,1.0712470349034224,1.0,30.5,0.999645390070922,1.899707142857142,1.8990334878419444,-0.0006736550151975,,,
WR,Xavier Worthy (44312632),Xavier Worthy,44312632,WR/FLEX,4600,KC@LV 10/04/2026 04:25PM ET,KC,7.4,,KC@LV,LV,0,True,,,False,26.0,47.5,-4.5,,,,,,,,,,,,,,,,,,,,,,,,,,,,False,unmodeled,,,,0,True,,,,,,,,,,,26.0,True,,,,,,0.0,0.208,1.248,0.271304347826087,3.7142857142857135,32.666666666666664,False,,,,,,,,,,1.0,0.99822695035461,0.9806451612903224,0.9,0.9,0.9390937622597098,1.1,1.0129411764705882,11.6,0.9582779628635864,1.248,1.195930897653756,-0.052069102346244,,,
WR,Wan'Dale Robinson (44312634),Wan'Dale Robinson,44312634,WR/FLEX,4600,TEN@BAL 10/04/2026 01:00PM ET,TEN,9.8,,TEN@BAL,BAL,0,True,,,False,16.0,43.5,11.5,,,,,,,,,,,,,,,,,,,,,,,,,,,,False,unmodeled,,,,0,True,,,,,,,0.31,,,https://www.fantasyoutsiders.com/usage,37.7,True,,9.69804,6.400706400000001,,79.523928,0.0,0.2083199999999999,15.6030192,3.391960695652174,2.2857142857142856,33.0,True,,,,,,,,,,1.0,0.9946808510638298,1.0064516129032255,1.03,1.05,1.048156139662613,1.006184344290071,0.992235294117647,14.5,1.0246307981947784,15.6030192,15.987334017144454,0.3843148171444532,,,
TE,Dallas Goedert (44313032),Dallas Goedert,44313032,TE/FLEX,4600,LAR@PHI 10/04/2026 01:00PM ET,PHI,12.6,OUT,LAR@PHI,LAR,1,True,,OUT,True,20.5,44.0,3.0,,,,,,,,,,,,,,,,,,,,,,,,,,,,False,unmodeled,,,,0,True,,,,,,,,,,,20.5,True,,,,,,0.0,0.1639999999999999,0.9839999999999992,0.2139130434782607,2.9285714285714284,33.0,True,,,,,,,,,,1.0,0.9343971631205674,0.9290322580645162,1.09,0.95,0.9916633974107494,0.9065570992883768,1.0,21.8,0.9341089211952008,0.9839999999999992,0.9191631784560768,-0.0648368215439224,,,
QB,Jameis Winston (44312222),Jameis Winston,44312222,QB,4500,ARI@NYG 10/04/2026 01:00PM ET,NYG,4.8,,ARI@NYG,ARI,1,True,,,False,21.75,44.5,1.0,,,,,,,,,,,,,,,,,,,,,,,,,,,,False,unmodeled,,,,0,True,,,,,,,,,,,0.0,True,,,,,,,,,,3.107142857142857,33.0,True,,,,,,,,,,1.0,1.0797872340425532,1.032258064516129,1.06,1.05,1.0638485680659082,1.1,1.0,11.0,1.0618558682223749,,,,,,
RB,Najee Harris (44312360),Najee Harris,44312360,RB/FLEX,4500,ARI@NYG 10/04/2026 01:00PM ET,NYG,2.9,,ARI@NYG,ARI,1,True,,,False,21.75,44.5,1.0,,,,,,,,,,,,,,,,,,,,,,,,,,,,False,unmodeled,,,,0,True,,,,,,,,,,,0.0,True,,,,,,0.2684571428571428,0.0481607142857142,1.899707142857142,0.4221571428571427,3.107142857142857,33.0,True,,,,,,,,,,1.0,1.0797872340425532,1.032258064516129,1.06,1.05,1.0638485680659082,1.1,1.0,11.0,1.0249574468085108,1.899707142857142,1.947118982826747,0.047411839969605,,,
RB,George Holani (44312362),George Holani,44312362,RB/FLEX,4500,LAC@SEA 10/04/2026 04:25PM ET,SEA,5.4,,LAC@SEA,LAC,1,True,,,False,25.0,43.0,-7.0,,,,,,,,,,,,,,,,,,,,,,,,,,,,False,unmodeled,,,,0,True,,,,,,,,,,,0.0,True,,,,,,0.3085714285714286,0.0553571428571428,2.1835714285714283,0.4852380952380952,3.571428571428572,33.0,True,,,,,,,,,,1.0,1.033687943262411,1.032258064516129,0.97,0.95,1.0159866614358573,1.0082175533717384,1.0,12.1,1.0022375886524824,2.1835714285714283,2.188457363221884,0.0048859346504559,,,
RB,Tyler Badie (44312382),Tyler Badie,44312382,RB/FLEX,4500,DEN@SF 10/04/2026 04:25PM ET,DEN,3.7,,DEN@SF,SF,0,True,,,False,22.0,46.5,2.5,,,,,,,,,,,,,,,,,,,,,,,,,,,,False,unmodeled,,,,0,True,,,,,,,,,,,0.0,True,,,,,,0.2715428571428571,0.0487142857142857,1.9215428571428568,0.4270095238095237,3.142857142857143,31.0,False,,,,,,,,,,1.0,0.9911347517730495,0.9806451612903224,1.1,1.05,0.9704786190663004,0.9817858353100644,1.0,7.1,1.01322695035461,1.9215428571428568,1.9469590091185405,0.0254161519756837,,,
WR,Adonai Mitchell (44312636),Adonai Mitchell,44312636,WR/FLEX,4500,NYJ@CHI 10/04/2026 01:00PM ET,NYJ,10.7,Q,NYJ@CHI,CHI,0,True,,Q,True,20.0,43.0,3.0,,,,,,,,,,,,,,,,,,,,,,,,,,,,False,unmodeled,,,,0,True,,,,,,,,,,,20.0,True,,,,,,0.0,0.16,0.96,0.2133333333333333,2.857142857142857,33.0,True,,,,,,,,,,1.0,1.0265957446808511,1.0064516129032255,0.97,0.95,0.9681247548058062,0.969586580820061,1.044,43.4,0.9905953984134708,0.96,0.9509715824769318,-0.0090284175230681,,,
WR,Marvin Harrison Jr. (44312638),Marvin Harrison Jr.,44312638,WR/FLEX,4500,ARI@NYG 10/04/2026 01:00PM ET,ARI,3.8,,ARI@NYG,NYG,0,True,,,False,22.75,44.5,-1.0,,,,,,,,,,,,,,,,,,,,,,,,,,,,False,unmodeled,,,,0,True,,,,,,,,,,,22.75,True,,,,,,0.0,0.182,1.092,0.2426666666666667,3.25,39.0,False,,,,,,,,,,1.0,0.99822695035461,0.9806451612903224,0.97,1.05,1.037171439780306,1.006184344290071,1.023294117647059,18.8,1.0094129177478548,1.092,1.1022789061806575,0.0102789061806574,,,
TE,Isaiah Likely (44313034),Isaiah Likely,44313034,TE/FLEX,4500,ARI@NYG 10/04/2026 01:00PM ET,NYG,13.1,,ARI@NYG,ARI,1,True,,,False,21.75,44.5,1.0,,,,,,,,,,,,,,,,,,,,,,,,,,,,False,unmodeled,,,,0,True,,,,,,,,,,,21.75,True,,,,,,0.0,0.174,1.044,0.232,3.107142857142857,33.0,True,,,,,,,,,,1.0,1.0797872340425532,1.032258064516129,1.06,1.05,1.0638485680659082,1.1,1.0,11.0,1.08,1.044,1.12752,0.08352,,,
QB,Jalon Daniels (44312223),Jalon Daniels,44312223,QB,4400,GB@TB 10/04/2026 01:00PM ET,TB,-0.1,,GB@TB,GB,1,True,,,False,17.75,39.5,4.0,,,,,,,,,,,,,,,,,,,,,,,,,,,,False,unmodeled,,,,0,True,,,,,,,,,,,0.0,False,,,,,,,,,,2.5357142857142856,33.0,True,,,,,,,,,,1.0,1.0088652482269502,0.9290322580645162,0.97,1.0,1.0403099254609651,0.9838190443917316,1.0,13.5,0.983795813315031,,,,,,
RB,Emmett Johnson (44312364),Emmett Johnson,44312364,RB/FLEX,4400,KC@LV 10/04/2026 04:25PM ET,KC,5.3,,KC@LV,LV,0,True,,,False,26.0,47.5,-4.5,,,,,,,,,,,,,,,,,,,,,,,,,,,,False,unmodeled,,,,0,True,,,,,,,,,,,0.0,False,,,,,,0.3209142857142857,0.0575714285714285,2.270914285714285,0.516116883116883,3.7142857142857135,32.666666666666664,False,,,,,,,,,,1.0,0.99822695035461,0.9806451612903224,0.9,0.9,0.9390937622597098,1.1,1.0129411764705882,11.6,0.9930571547768045,2.270914285714285,2.255147679313427,-0.0157666064008581,,,
RB,Ty Johnson (44312378),Ty Johnson,44312378,RB/FLEX,4400,NE@BUF 10/04/2026 01:00PM ET,BUF,9.0,,NE@BUF,NE,1,True,,,False,27.5,48.5,-6.5,,,,,,,,,,,,,,,,,,,,,,,,,,,,False,unmodeled,,,,0,True,,,,,,,,,,,0.0,False,,,,,,0.3394285714285713,0.0608928571428571,2.40192857142857,0.5458928571428568,3.928571428571429,28.666666666666668,False,,,,,,,,,,1.0,0.9663120567375888,0.9290322580645162,0.97,1.0,1.0159866614358573,0.9,1.0,30.4,0.9887624113475176,2.40192857142857,2.3749366861702117,-0.0269918852583588,,,
WR,Kayshon Boutte (44312640),Kayshon Boutte,44312640,WR/FLEX,4400,DAL@HOU 10/04/2026 01:00PM ET,HOU,4.6,,DAL@HOU,DAL,1,True,,,False,25.0,47.5,-2.5,,,,,,,,,,,,,,,,,,,,,,,,,,,,False,unmodeled,,,,0,True,,,,,,,,,,,25.0,True,,,,,,0.0,0.2,1.2000000000000002,0.2727272727272727,3.571428571428572,40.0,False,,,,,,,,,,1.0,1.0124113475177303,0.9806451612903224,1.1,1.1,0.9846018046292664,1.1,1.0,14.8,1.002302681220667,1.2000000000000002,1.2027632174648006,0.0027632174648004,,,
WR,Malik Washington (44312642),Malik Washington,44312642,WR/FLEX,4400,MIA@MIN 10/04/2026 04:05PM ET,MIA,9.0,,MIA@MIN,MIN,0,True,,,False,14.0,38.5,10.5,,,,,,,,,,,,,,,,,,,,,,,,,,,,False,unmodeled,ROLE_EXPANSION,Led Miami with 34 routes and 10 targets in Week 3,https://www.nfl.com/news/2026-nfl-fantasy-football-waiver-wire-week-4-te-juwan-johnson-rb-braelon-allen-headline-targets,4,True,Current expanded role,7.5,targets,0.7,7.6,,0.27,,,https://www.fantasyoutsiders.com/usage,40.900000000000006,True,,8.30412,5.480719199999999,,68.09378399999999,0.0,0.1587599999999999,13.2426576,3.009694909090909,2.0,33.0,True,,,,,,,,,,1.0,0.9875886524822696,0.9806451612903224,0.91,1.0,1.0379560612004708,0.9411216536767196,1.0,4.4,1.0011064229188438,13.2426576,13.25730957987504,0.0146519798750404,,,
TE,Tucker Kraft (44313036),Tucker Kraft,44313036,TE/FLEX,4400,GB@TB 10/04/2026 01:00PM ET,GB,6.5,,GB@TB,TB,0,True,,,False,21.75,39.5,-4.0,,,,,,,,,,,,,,,,,,,,,,,,,,,,False,unmodeled,,,,0,True,,,,,,,,,,,21.75,True,,,,,,0.0,0.174,1.044,0.2372727272727272,3.107142857142857,41.333333333333336,False,,,,,,,,,,1.0,0.99822695035461,1.0064516129032255,1.0,1.0,0.9649862691251472,1.0712470349034224,1.0,30.5,1.0393877680758576,1.044,1.0851208298711954,0.0411208298711953,,,
QB,Joe Flacco (44312224),Joe Flacco,44312224,QB,4300,JAX@CIN 10/04/2026 01:00PM ET,CIN,0.0,,JAX@CIN,JAX,1,True,,,False,27.0,51.5,-2.5,,,,,,,,,,,,,,,,,,,,,,,,,,,,False,unmodeled,,,,0,True,,,,,,,,,,,0.0,False,,,,,,,,,,3.857142857142857,34.333333333333336,False,,,,,,,,,,1.0,0.99822695035461,0.9806451612903224,1.06,0.9,1.0018634758728913,0.908590308370044,1.0,18.5,0.992331159917639,,,,,,
RB,Chris Brooks (44312368),Chris Brooks,44312368,RB/FLEX,4300,GB@TB 10/04/2026 01:00PM ET,GB,2.6,,GB@TB,TB,0,True,,,False,21.75,39.5,-4.0,,,,,,,,,,,,,,,,,,,,,,,,,,,,False,unmodeled,,,,0,True,,,,,,,,,,,0.0,False,,,,,,0.2684571428571428,0.0481607142857142,1.899707142857142,0.4417923588039865,3.107142857142857,41.333333333333336,False,,,,,,,,,,1.0,0.99822695035461,1.0064516129032255,1.0,1.0,0.9649862691251472,1.0712470349034224,1.0,30.5,0.999645390070922,1.899707142857142,1.8990334878419444,-0.0006736550151975,,,
RB,Keaton Mitchell (44312370),Keaton Mitchell,44312370,RB/FLEX,4300,LAC@SEA 10/04/2026 04:25PM ET,LAC,6.5,,LAC@SEA,SEA,0,True,,,False,18.0,43.0,7.0,,,,,,,,,,,,,,,,,,,,,,,,,,,,False,unmodeled,RED_ZONE_ROLE,Five red-zone snaps in Week 3; scored on 1-yard reception,https://www.nfl.com/news/2026-nfl-fantasy-football-waiver-wire-week-4-te-juwan-johnson-rb-braelon-allen-headline-targets,3,True,Change-of-pace + RZ,8.0,touches,0.5,6.2,,,,,,6.0,False,,,,,,0.2221714285714286,0.0398571428571428,1.5721714285714286,0.3656212624584717,2.571428571428572,33.0,True,,,,,,,,,,1.0,0.927304964539007,0.9,0.97,0.9,0.9367398979992154,0.9797526262283972,1.0,5.3,0.9809609929078014,1.5721714285714286,1.542238845592705,-0.0299325829787235,,,
WR,Dontayvion Wicks (44312644),Dontayvion Wicks,44312644,WR/FLEX,4300,LAR@PHI 10/04/2026 01:00PM ET,PHI,13.9,,LAR@PHI,LAR,1,True,,,False,20.5,44.0,3.0,,,,,,,,,,,,,,,,,,,,,,,,,,,,False,unmodeled,ROLE_EXPANSION,Current Philadelphia WR2 behind DeVonta Smith,https://www.nfl.com/news/2026-nfl-fantasy-football-waiver-wire-week-4-te-juwan-johnson-rb-braelon-allen-headline-targets,4,True,Current WR2 role,6.5,targets,0.68,7.8,,,,,,28.5,True,,6.343999999999999,4.18704,,52.0208,0.0,0.1639999999999999,10.373119999999998,2.412353488372093,2.9285714285714284,33.0,True,,,,,,,,,,1.0,0.9343971631205674,0.9290322580645162,1.09,0.95,0.9916633974107494,0.9065570992883768,1.0,21.8,0.9746542712278824,10.373119999999998,10.110205713959369,-0.2629142860406297,,,
WR,Brian Thomas Jr. (44312646),Brian Thomas Jr.,44312646,WR/FLEX,4300,JAX@CIN 10/04/2026 01:00PM ET,JAX,5.3,,JAX@CIN,CIN,0,True,,,False,24.5,51.5,2.5,,,,,,,,,,,,,,,,,,,,,,,,,,,,False,unmodeled,,,,0,True,,,,,,,,,,,24.5,True,,,,,,0.0,0.196,1.1760000000000002,0.2734883720930233,3.5,33.0,True,,,,,,,,,,1.0,1.0088652482269502,1.1,0.9,1.05,0.9916633974107494,1.1,1.0,21.5,1.0084648408915748,1.1760000000000002,1.185954652888492,0.0099546528884919,,,
WR,Xavier Hutchinson (44312648),Xavier Hutchinson,44312648,WR/FLEX,4300,DAL@HOU 10/04/2026 01:00PM ET,HOU,7.1,,DAL@HOU,DAL,1,True,,,False,25.0,47.5,-2.5,,,,,,,,,,,,,,,,,,,,,,,,,,,,False,unmodeled,,,,0,True,,,,,,,,,,,25.0,True,,,,,,0.0,0.2,1.2000000000000002,0.2790697674418605,3.571428571428572,40.0,False,,,,,,,,,,1.0,1.0124113475177303,0.9806451612903224,1.1,1.1,0.9846018046292664,1.1,1.0,14.8,1.002302681220667,1.2000000000000002,1.2027632174648006,0.0027632174648004,,,
TE,Jake Ferguson (44313038),Jake Ferguson,44313038,TE/FLEX,4300,DAL@HOU 10/04/2026 01:00PM ET,DAL,11.1,,DAL@HOU,HOU,0,True,,,False,22.5,47.5,2.5,,,,,,,,,,,,,,,,,,,,,,,,,,,,False,unmodeled,,,,0,True,,,,,,,,,,,22.5,True,,,,,,0.0,0.18,1.08,0.2511627906976744,3.2142857142857144,35.0,False,,,,,,,,,,1.0,1.0372340425531914,1.1,0.9,1.05,1.071694782267556,1.0387156895967469,1.0,9.9,1.0306021399165086,1.08,1.113050311109829,0.0330503111098292,,,
RB,Isaiah Davis (44312372),Isaiah Davis,44312372,RB/FLEX,4200,NYJ@CHI 10/04/2026 01:00PM ET,NYJ,0.0,,NYJ@CHI,CHI,0,True,,,False,20.0,43.0,3.0,,,,,,,,,,,,,,,,,,,,,,,,,,,,False,unmodeled,,,,0,True,,,,,,,,,,,0.0,False,,,,,,0.2468571428571428,0.0442857142857142,1.746857142857142,0.4159183673469385,2.857142857142857,33.0,True,,,,,,,,,,1.0,1.0265957446808511,1.0064516129032255,0.97,0.95,0.9681247548058062,0.969586580820061,1.044,43.4,1.0294191489361704,1.746857142857142,1.7982481933130694,0.0513910504559274,,,
RB,Justice Hill (44312374),Justice Hill,44312374,RB/FLEX,4200,TEN@BAL 10/04/2026 01:00PM ET,BAL,3.6,,TEN@BAL,TEN,1,True,,,False,27.5,43.5,-11.5,,,,,,,,,,,,,,,,,,,,,,,,,,,,False,unmodeled,,,,0,True,,,,,,,,,,,0.0,False,,,,,,0.3394285714285713,0.0608928571428571,2.40192857142857,0.5718877551020405,3.928571428571429,33.0,True,,,,,,,,,,1.0,1.00531914893617,1.032258064516129,1.0,1.0,1.0159866614358573,0.9004574720433751,1.0,12.6,1.001063829787234,2.40192857142857,2.4044838145896645,0.0025552431610944,,,
RB,DeeJay Dallas (44312376),DeeJay Dallas,44312376,RB/FLEX,4200,MIA@MIN 10/04/2026 04:05PM ET,MIN,1.4,,MIA@MIN,MIA,1,True,,,False,24.5,38.5,-10.5,,,,,,,,,,,,,,,,,,,,,,,,,,,,False,unmodeled,,,,0,True,,,,,,,,,,,0.0,False,,,,,,0.3024,0.05425,2.1399,0.5095,3.5,24.33333333333333,False,,,,,,,,,,1.0,1.0726950354609928,1.032258064516129,1.1,0.95,0.9398783836798744,1.075313453066757,1.0,21.6,1.0295390070921986,2.1399,2.203110521276596,0.0632105212765958,,,
WR,Rashod Bateman (44312650),Rashod Bateman,44312650,WR/FLEX,4200,TEN@BAL 10/04/2026 01:00PM ET,BAL,9.2,,TEN@BAL,TEN,1,True,,,False,27.5,43.5,-11.5,,,,,,,,,,,,,,,,,,,,,,,,,,,,False,unmodeled,,,,0,True,,,,,,,,,,,27.5,True,,,,,,0.0,0.2199999999999999,1.3199999999999994,0.3142857142857141,3.928571428571429,33.0,True,,,,,,,,,,1.0,1.00531914893617,1.032258064516129,1.0,1.0,1.0159866614358573,0.9004574720433751,1.0,12.6,1.0149753977834042,1.3199999999999994,1.3397675250740928,0.0197675250740934,,,
WR,Jayden Reed (44312652),Jayden Reed,44312652,WR/FLEX,4200,GB@TB 10/04/2026 01:00PM ET,GB,3.2,D,GB@TB,TB,0,True,,D,True,21.75,39.5,-4.0,,,,,,,,,,,,,,,,,,,,,,,,,,,,False,unmodeled,,,,0,True,,,,,,,,,,,21.75,True,,,,,,0.0,0.174,1.044,0.2485714285714285,3.107142857142857,41.333333333333336,False,,,,,,,,,,1.0,0.99822695035461,1.0064516129032255,1.0,1.0,0.9649862691251472,1.0712470349034224,1.0,30.5,0.9850908812756138,1.044,1.0284348800517409,-0.0155651199482591,,,
WR,Pat Bryant (44312654),Pat Bryant,44312654,WR/FLEX,4200,DEN@SF 10/04/2026 04:25PM ET,DEN,8.1,,DEN@SF,SF,0,True,,,False,22.0,46.5,2.5,,,,,,,,,,,,,,,,,,,,,,,,,,,,False,unmodeled,,,,0,True,,,,,,,,,,,22.0,True,,,,,,0.0,0.176,1.056,0.2514285714285714,3.142857142857143,31.0,False,,,,,,,,,,1.0,0.9911347517730495,0.9806451612903224,1.1,1.05,0.9704786190663004,0.9817858353100644,1.0,7.1,0.9906280987811622,1.056,1.0461032723129071,-0.0098967276870927,,,
TE,Mark Andrews (44313040),Mark Andrews,44313040,TE/FLEX,4200,TEN@BAL 10/04/2026 01:00PM ET,BAL,8.4,,TEN@BAL,TEN,1,True,,,False,27.5,43.5,-11.5,,,,,,,,,,,,,,,,,,,,,,,,,,,,False,unmodeled,,,,0,True,,,,,,,,,,,27.5,True,,,,,,0.0,0.2199999999999999,1.3199999999999994,0.3142857142857141,3.928571428571429,33.0,True,,,,,,,,,,1.0,1.00531914893617,1.032258064516129,1.0,1.0,1.0159866614358573,0.9004574720433751,1.0,12.6,0.9498072033095118,1.3199999999999994,1.2537455083685551,-0.0662544916314442,,,
QB,Fernando Mendoza (44312225),Fernando Mendoza,44312225,QB,4100,KC@LV 10/04/2026 04:25PM ET,LV,0.0,,KC@LV,KC,1,True,,,False,21.5,47.5,4.5,,,,,,,,,,,,,,,,,,,,,,,,,,,,False,unmodeled,,,,0,True,,,,,,,,,,,0.0,False,,,,,,,,,,3.071428571428572,33.0,True,,,,,,,,,,1.0,0.9556737588652482,0.9290322580645162,1.06,0.95,0.927324440957238,1.0366824805150796,0.9767058823529412,22.7,0.9703596431022647,,,,,,
RB,Mike Washington Jr. (44312366),Mike Washington Jr.,44312366,RB/FLEX,4100,KC@LV 10/04/2026 04:25PM ET,LV,5.4,,KC@LV,KC,1,True,,,False,21.5,47.5,4.5,,,,,,,,,,,,,,,,,,,,,,,,,,,,False,unmodeled,,,,0,True,,,,,,,,,,,0.0,False,,,,,,0.2653714285714286,0.0476071428571428,1.8778714285714284,0.4580174216027874,3.071428571428572,33.0,True,,,,,,,,,,1.0,0.9556737588652482,0.9290322580645162,1.06,0.95,0.927324440957238,1.0366824805150796,0.9767058823529412,22.7,0.9849935753024616,1.8778714285714284,1.849691292386912,-0.0281801361845162,,,
RB,Samaje Perine (44312380),Samaje Perine,44312380,RB/FLEX,4100,JAX@CIN 10/04/2026 01:00PM ET,CIN,4.5,,JAX@CIN,JAX,1,True,,,False,27.0,51.5,-2.5,,,,,,,,,,,,,,,,,,,,,,,,,,,,False,unmodeled,,,,0,True,,,,,,,,,,,0.0,False,,,,,,0.3332571428571428,0.0597857142857142,2.358257142857142,0.5751846689895469,3.857142857142857,34.333333333333336,False,,,,,,,,,,1.0,0.99822695035461,0.9806451612903224,1.06,0.9,1.0018634758728913,0.908590308370044,1.0,18.5,1.008645390070922,2.358257142857142,2.37864519574468,0.0203880528875379,,,
RB,Tyrone Tracy Jr. (44312384),Tyrone Tracy Jr.,44312384,RB/FLEX,4100,ARI@NYG 10/04/2026 01:00PM ET,NYG,0.2,,ARI@NYG,ARI,1,True,,,False,21.75,44.5,1.0,,,,,,,,,,,,,,,,,,,,,,,,,,,,False,unmodeled,,,,0,True,,,,,,,,,,,0.0,False,,,,,,0.2684571428571428,0.0481607142857142,1.899707142857142,0.4633432055749127,3.107142857142857,33.0,True,,,,,,,,,,1.0,1.0797872340425532,1.032258064516129,1.06,1.05,1.0638485680659082,1.1,1.0,11.0,1.0249574468085108,1.899707142857142,1.947118982826747,0.047411839969605,,,
WR,Tre' Harris (44312656),Tre' Harris,44312656,WR/FLEX,4100,LAC@SEA 10/04/2026 04:25PM ET,LAC,8.3,,LAC@SEA,SEA,0,True,,,False,18.0,43.0,7.0,,,,,,,,,,,,,,,,,,,,,,,,,,,,False,unmodeled,,,,0,True,,,,,,,,,,,18.0,False,,,,,,0.0,0.144,0.8639999999999999,0.2107317073170731,2.571428571428572,33.0,True,,,,,,,,,,1.0,0.927304964539007,0.9,0.97,0.9,0.9367398979992154,0.9797526262283972,1.0,5.3,0.9303591952343988,0.8639999999999999,0.8038303446825203,-0.0601696553174795,,,
WR,Makai Lemon (44312658),Makai Lemon,44312658,WR/FLEX,4100,LAR@PHI 10/04/2026 01:00PM ET,PHI,2.2,,LAR@PHI,LAR,1,True,,,False,20.5,44.0,3.0,,,,,,,,,,,,,,,,,,,,,,,,,,,,False,unmodeled,,,,0,True,,,,,,,,,,,20.5,True,,,,,,0.0,0.1639999999999999,0.9839999999999992,0.2399999999999998,2.9285714285714284,33.0,True,,,,,,,,,,1.0,0.9343971631205674,0.9290322580645162,1.09,0.95,0.9916633974107494,0.9065570992883768,1.0,21.8,0.9746542712278824,0.9839999999999992,0.9590598028882354,-0.0249401971117637,,,
WR,Cooper Kupp (44312660),Cooper Kupp,44312660,WR/FLEX,4100,LAC@SEA 10/04/2026 04:25PM ET,SEA,8.0,,LAC@SEA,LAC,1,True,,,False,25.0,43.0,-7.0,,,,,,,,,,,,,,,,,,,,,,,,,,,,False,unmodeled,,,,0,True,,,,,,,,,,,25.0,True,,,,,,0.0,0.2,1.2000000000000002,0.2926829268292684,3.571428571428572,33.0,True,,,,,,,,,,1.0,1.033687943262411,1.032258064516129,0.97,0.95,1.0159866614358573,1.0082175533717384,1.0,12.1,1.0190675963649645,1.2000000000000002,1.2228811156379575,0.0228811156379573,,,
QB,Drew Lock (44312226),Drew Lock,44312226,QB,4000,LAC@SEA 10/04/2026 04:25PM ET,SEA,17.1,,LAC@SEA,LAC,1,True,,,False,25.0,43.0,-7.0,,,,,,,,,,,,,,,,,,,,,,,,,,,,False,unmodeled,,,,0,True,,,,,,,,,,,0.0,False,,,,,,,,,,3.571428571428572,33.0,True,,,,,,,,,,1.0,1.033687943262411,1.032258064516129,0.97,0.95,1.0159866614358573,1.0082175533717384,1.0,12.1,1.008111187371311,,,,,,
QB,Carson Wentz (44312227),Carson Wentz,44312227,QB,4000,MIA@MIN 10/04/2026 04:05PM ET,MIN,12.8,,MIA@MIN,MIA,1,True,,,False,24.5,38.5,-10.5,,,,,,,,,,,,,,,,,,,,,,,,,,,,False,unmodeled,,,,0,True,,,,,,,,,,,0.0,False,,,,,,,,,,3.5,24.33333333333333,False,,,,,,,,,,1.0,1.0726950354609928,1.032258064516129,1.1,0.95,0.9398783836798744,1.075313453066757,1.0,21.6,1.0516643788606728,,,,,,
QB,J.J. McCarthy (44312228),J.J. McCarthy,44312228,QB,4000,MIA@MIN 10/04/2026 04:05PM ET,MIN,0.0,,MIA@MIN,MIA,1,True,,,False,24.5,38.5,-10.5,,,,,,,,,,,,,,,,,,,,,,,,,,,,False,unmodeled,,,,0,True,,,,,,,,,,,0.0,False,,,,,,,,,,3.5,24.33333333333333,False,,,,,,,,,,1.0,1.0726950354609928,1.032258064516129,1.1,0.95,0.9398783836798744,1.075313453066757,1.0,21.6,1.0516643788606728,,,,,,
QB,Tyrod Taylor (44312229),Tyrod Taylor,44312229,QB,4000,GB@TB 10/04/2026 01:00PM ET,GB,0.0,,GB@TB,TB,0,True,,,False,21.75,39.5,-4.0,,,,,,,,,,,,,,,,,,,,,,,,,,,,False,unmodeled,,,,0,True,,,,,,,,,,,0.0,False,,,,,,,,,,3.107142857142857,41.333333333333336,False,,,,,,,,,,1.0,0.99822695035461,1.0064516129032255,1.0,1.0,0.9649862691251472,1.0712470349034224,1.0,30.5,1.0004924502402197,,,,,,
QB,Jaxson Dart (44312230),Jaxson Dart,44312230,QB,4000,ARI@NYG 10/04/2026 01:00PM ET,NYG,13.7,IR,ARI@NYG,ARI,1,True,,IR,True,21.75,44.5,1.0,,,,,,,,,,,,,,,,,,,,,,,,,,,,False,unmodeled,,,,0,True,,,,,,,,,,,0.0,False,,,,,,,,,,3.107142857142857,33.0,True,,,,,,,,,,1.0,1.0797872340425532,1.032258064516129,1.06,1.05,1.0638485680659082,1.1,1.0,11.0,1.0618558682223749,,,,,,
QB,Jalen Milroe (44312231),Jalen Milroe,44312231,QB,4000,LAC@SEA 10/04/2026 04:25PM ET,SEA,0.0,,LAC@SEA,LAC,1,True,,,False,25.0,43.0,-7.0,,,,,,,,,,,,,,,,,,,,,,,,,,,,False,unmodeled,,,,0,True,,,,,,,,,,,0.0,False,,,,,,,,,,3.571428571428572,33.0,True,,,,,,,,,,1.0,1.033687943262411,1.032258064516129,0.97,0.95,1.0159866614358573,1.0082175533717384,1.0,12.1,1.008111187371311,,,,,,
QB,Trey Lance (44312232),Trey Lance,44312232,QB,4000,LAC@SEA 10/04/2026 04:25PM ET,LAC,0.0,,LAC@SEA,SEA,0,True,,,False,18.0,43.0,7.0,,,,,,,,,,,,,,,,,,,,,,,,,,,,False,unmodeled,,,,0,True,,,,,,,,,,,0.0,False,,,,,,,,,,2.571428571428572,33.0,True,,,,,,,,,,1.0,0.927304964539007,0.9,0.97,0.9,0.9367398979992154,0.9797526262283972,1.0,5.3,0.9262872340425532,,,,,,
QB,DJ Uiagalelei (44312233),DJ Uiagalelei,44312233,QB,4000,LAC@SEA 10/04/2026 04:25PM ET,LAC,0.0,,LAC@SEA,SEA,0,True,,,False,18.0,43.0,7.0,,,,,,,,,,,,,,,,,,,,,,,,,,,,False,unmodeled,,,,0,True,,,,,,,,,,,0.0,False,,,,,,,,,,2.571428571428572,33.0,True,,,,,,,,,,1.0,0.927304964539007,0.9,0.97,0.9,0.9367398979992154,0.9797526262283972,1.0,5.3,0.9262872340425532,,,,,,
QB,Aidan O'Connell (44312234),Aidan O'Connell,44312234,QB,4000,KC@LV 10/04/2026 04:25PM ET,LV,0.0,Q,KC@LV,KC,1,True,,Q,True,21.5,47.5,4.5,,,,,,,,,,,,,,,,,,,,,,,,,,,,False,unmodeled,,,,0,True,,,,,,,,,,,0.0,False,,,,,,,,,,3.071428571428572,33.0,True,,,,,,,,,,1.0,0.9556737588652482,0.9290322580645162,1.06,0.95,0.927324440957238,1.0366824805150796,0.9767058823529412,22.7,0.9703596431022647,,,,,,
QB,Justin Fields (44312235),Justin Fields,44312235,QB,4000,KC@LV 10/04/2026 04:25PM ET,KC,0.0,,KC@LV,LV,0,True,,,False,26.0,47.5,-4.5,,,,,,,,,,,,,,,,,,,,,,,,,,,,False,unmodeled,,,,0,True,,,,,,,,,,,0.0,False,,,,,,,,,,3.7142857142857135,32.666666666666664,False,,,,,,,,,,1.0,0.99822695035461,0.9806451612903224,0.9,0.9,0.9390937622597098,1.1,1.0129411764705882,11.6,0.9603311599176392,,,,,,
QB,Garrett Nussmeier (44312236),Garrett Nussmeier,44312236,QB,4000,KC@LV 10/04/2026 04:25PM ET,KC,0.0,,KC@LV,LV,0,True,,,False,26.0,47.5,-4.5,,,,,,,,,,,,,,,,,,,,,,,,,,,,False,unmodeled,,,,0,True,,,,,,,,,,,0.0,False,,,,,,,,,,3.7142857142857135,32.666666666666664,False,,,,,,,,,,1.0,0.99822695035461,0.9806451612903224,0.9,0.9,0.9390937622597098,1.1,1.0129411764705882,11.6,0.9603311599176392,,,,,,
QB,Sam Howell (44312237),Sam Howell,44312237,QB,4000,DAL@HOU 10/04/2026 01:00PM ET,DAL,0.0,,DAL@HOU,HOU,0,True,,,False,22.5,47.5,2.5,,,,,,,,,,,,,,,,,,,,,,,,,,,,False,unmodeled,,,,0,True,,,,,,,,,,,0.0,False,,,,,,,,,,3.2142857142857144,35.0,False,,,,,,,,,,1.0,1.0372340425531914,1.1,0.9,1.05,1.071694782267556,1.0387156895967469,1.0,9.9,1.0242553191489363,,,,,,
QB,Joe Milton III (44312238),Joe Milton III,44312238,QB,4000,DAL@HOU 10/04/2026 01:00PM ET,DAL,0.0,,DAL@HOU,HOU,0,True,,,False,22.5,47.5,2.5,,,,,,,,,,,,,,,,,,,,,,,,,,,,False,unmodeled,,,,0,True,,,,,,,,,,,0.0,False,,,,,,,,,,3.2142857142857144,35.0,False,,,,,,,,,,1.0,1.0372340425531914,1.1,0.9,1.05,1.071694782267556,1.0387156895967469,1.0,9.9,1.0242553191489363,,,,,,
QB,Davis Mills (44312239),Davis Mills,44312239,QB,4000,DAL@HOU 10/04/2026 01:00PM ET,HOU,0.0,,DAL@HOU,DAL,1,True,,,False,25.0,47.5,-2.5,,,,,,,,,,,,,,,,,,,,,,,,,,,,False,unmodeled,,,,0,True,,,,,,,,,,,0.0,False,,,,,,,,,,3.571428571428572,40.0,False,,,,,,,,,,1.0,1.0124113475177303,0.9806451612903224,1.1,1.1,0.9846018046292664,1.1,1.0,14.8,1.0367141386410434,,,,,,
QB,Graham Mertz (44312240),Graham Mertz,44312240,QB,4000,DAL@HOU 10/04/2026 01:00PM ET,HOU,0.0,IR,DAL@HOU,DAL,1,True,,IR,True,25.0,47.5,-2.5,,,,,,,,,,,,,,,,,,,,,,,,,,,,False,unmodeled,,,,0,True,,,,,,,,,,,0.0,False,,,,,,,,,,3.571428571428572,40.0,False,,,,,,,,,,1.0,1.0124113475177303,0.9806451612903224,1.1,1.1,0.9846018046292664,1.1,1.0,14.8,1.0367141386410434,,,,,,
QB,Cade Klubnik (44312241),Cade Klubnik,44312241,QB,4000,NYJ@CHI 10/04/2026 01:00PM ET,NYJ,0.0,,NYJ@CHI,CHI,0,True,,,False,20.0,43.0,3.0,,,,,,,,,,,,,,,,,,,,,,,,,,,,False,unmodeled,,,,0,True,,,,,,,,,,,0.0,False,,,,,,,,,,2.857142857142857,33.0,True,,,,,,,,,,1.0,1.0265957446808511,1.0064516129032255,0.97,0.95,0.9681247548058062,0.969586580820061,1.044,43.4,0.9997584076870282,,,,,,
QB,Will Levis (44312242),Will Levis,44312242,QB,4000,NYJ@CHI 10/04/2026 01:00PM ET,NYJ,0.0,,NYJ@CHI,CHI,0,True,,,False,20.0,43.0,3.0,,,,,,,,,,,,,,,,,,,,,,,,,,,,False,unmodeled,,,,0,True,,,,,,,,,,,0.0,False,,,,,,,,,,2.857142857142857,33.0,True,,,,,,,,,,1.0,1.0265957446808511,1.0064516129032255,0.97,0.95,0.9681247548058062,0.969586580820061,1.044,43.4,0.9997584076870282,,,,,,
QB,Miller Moss (44312243),Miller Moss,44312243,QB,4000,NYJ@CHI 10/04/2026 01:00PM ET,CHI,0.0,,NYJ@CHI,NYJ,1,True,,,False,23.0,43.0,-3.0,,,,,,,,,,,,,,,,,,,,,,,,,,,,False,unmodeled,,,,0,True,,,,,,,,,,,0.0,False,,,,,,,,,,3.2857142857142856,32.666666666666664,False,,,,,,,,,,1.0,0.9627659574468084,0.9032258064516128,0.94,1.1,0.968909376225971,0.9126567265333784,1.0,20.2,0.9668898421413864,,,,,,
QB,Mac Jones (44312244),Mac Jones,44312244,QB,4000,DEN@SF 10/04/2026 04:25PM ET,SF,-0.2,,DEN@SF,DEN,1,True,,,False,24.5,46.5,-2.5,,,,,,,,,,,,,,,,,,,,,,,,,,,,False,unmodeled,,,,0,True,,,,,,,,,,,0.0,False,,,,,,,,,,3.5,33.0,True,,,,,,,,,,1.0,0.9946808510638298,1.0838709677419356,0.94,0.9,0.9728324833267948,1.0549813622500848,1.0,23.0,0.9873805765271104,,,,,,
QB,Kurtis Rourke (44312245),Kurtis Rourke,44312245,QB,4000,DEN@SF 10/04/2026 04:25PM ET,SF,0.0,,DEN@SF,DEN,1,True,,,False,24.5,46.5,-2.5,,,,,,,,,,,,,,,,,,,,,,,,,,,,False,unmodeled,,,,0,True,,,,,,,,,,,0.0,False,,,,,,,,,,3.5,33.0,True,,,,,,,,,,1.0,0.9946808510638298,1.0838709677419356,0.94,0.9,0.9728324833267948,1.0549813622500848,1.0,23.0,0.9873805765271104,,,,,,
QB,Jarrett Stidham (44312246),Jarrett Stidham,44312246,QB,4000,DEN@SF 10/04/2026 04:25PM ET,DEN,0.0,,DEN@SF,SF,0,True,,,False,22.0,46.5,2.5,,,,,,,,,,,,,,,,,,,,,,,,,,,,False,unmodeled,,,,0,True,,,,,,,,,,,0.0,False,,,,,,,,,,3.142857142857143,31.0,False,,,,,,,,,,1.0,0.9911347517730495,0.9806451612903224,1.1,1.05,0.9704786190663004,0.9817858353100644,1.0,7.1,1.0196396705559367,,,,,,
QB,Sam Ehlinger (44312247),Sam Ehlinger,44312247,QB,4000,DEN@SF 10/04/2026 04:25PM ET,DEN,0.0,,DEN@SF,SF,0,True,,,False,22.0,46.5,2.5,,,,,,,,,,,,,,,,,,,,,,,,,,,,False,unmodeled,,,,0,True,,,,,,,,,,,0.0,False,,,,,,,,,,3.142857142857143,31.0,False,,,,,,,,,,1.0,0.9911347517730495,0.9806451612903224,1.1,1.05,0.9704786190663004,0.9817858353100644,1.0,7.1,1.0196396705559367,,,,,,
QB,Max Brosmer (44312248),Max Brosmer,44312248,QB,4000,MIA@MIN 10/04/2026 04:05PM ET,MIN,0.0,,MIA@MIN,MIA,1,True,,,False,24.5,38.5,-10.5,,,,,,,,,,,,,,,,,,,,,,,,,,,,False,unmodeled,,,,0,True,,,,,,,,,,,0.0,False,,,,,,,,,,3.5,24.33333333333333,False,,,,,,,,,,1.0,1.0726950354609928,1.032258064516129,1.1,0.95,0.9398783836798744,1.075313453066757,1.0,21.6,1.0516643788606728,,,,,,
QB,Kyle McCord (44312249),Kyle McCord,44312249,QB,4000,MIA@MIN 10/04/2026 04:05PM ET,MIA,0.0,,MIA@MIN,MIN,0,True,,,False,14.0,38.5,10.5,,,,,,,,,,,,,,,,,,,,,,,,,,,,False,unmodeled,,,,0,True,,,,,,,,,,,0.0,False,,,,,,,,,,2.0,33.0,True,,,,,,,,,,1.0,0.9875886524822696,0.9806451612903224,0.91,1.0,1.0379560612004708,0.9411216536767196,1.0,4.4,0.972543925875086,,,,,,
QB,Brady Cook (44312250),Brady Cook,44312250,QB,4000,MIA@MIN 10/04/2026 04:05PM ET,MIA,0.0,,MIA@MIN,MIN,0,True,,,False,14.0,38.5,10.5,,,,,,,,,,,,,,,,,,,,,,,,,,,,False,unmodeled,,,,0,True,,,,,,,,,,,0.0,False,,,,,,,,,,2.0,33.0,True,,,,,,,,,,1.0,0.9875886524822696,0.9806451612903224,0.91,1.0,1.0379560612004708,0.9411216536767196,1.0,4.4,0.972543925875086,,,,,,
QB,Gardner Minshew II (44312251),Gardner Minshew II,44312251,QB,4000,ARI@NYG 10/04/2026 01:00PM ET,ARI,0.0,,ARI@NYG,NYG,0,True,,,False,22.75,44.5,-1.0,,,,,,,,,,,,,,,,,,,,,,,,,,,,False,unmodeled,,,,0,True,,,,,,,,,,,0.0,False,,,,,,,,,,3.25,39.0,False,,,,,,,,,,1.0,0.99822695035461,0.9806451612903224,0.97,1.05,1.037171439780306,1.006184344290071,1.023294117647059,18.8,0.9968311599176388,,,,,,
QB,Carson Beck (44312252),Carson Beck,44312252,QB,4000,ARI@NYG 10/04/2026 01:00PM ET,ARI,0.0,,ARI@NYG,NYG,0,True,,,False,22.75,44.5,-1.0,,,,,,,,,,,,,,,,,,,,,,,,,,,,False,unmodeled,,,,0,True,,,,,,,,,,,0.0,False,,,,,,,,,,3.25,39.0,False,,,,,,,,,,1.0,0.99822695035461,0.9806451612903224,0.97,1.05,1.037171439780306,1.006184344290071,1.023294117647059,18.8,0.9968311599176388,,,,,,
QB,Jake Haener (44312253),Jake Haener,44312253,QB,4000,ARI@NYG 10/04/2026 01:00PM ET,NYG,0.0,,ARI@NYG,ARI,1,True,,,False,21.75,44.5,1.0,,,,,,,,,,,,,,,,,,,,,,,,,,,,False,unmodeled,,,,0,True,,,,,,,,,,,0.0,False,,,,,,,,,,3.107142857142857,33.0,True,,,,,,,,,,1.0,1.0797872340425532,1.032258064516129,1.06,1.05,1.0638485680659082,1.1,1.0,11.0,1.0618558682223749,,,,,,
QB,Andy Dalton (44312254),Andy Dalton,44312254,QB,4000,LAR@PHI 10/04/2026 01:00PM ET,PHI,0.0,,LAR@PHI,LAR,1,True,,,False,20.5,44.0,3.0,,,,,,,,,,,,,,,,,,,,,,,,,,,,False,unmodeled,,,,0,True,,,,,,,,,,,0.0,False,,,,,,,,,,2.9285714285714284,33.0,True,,,,,,,,,,1.0,0.9343971631205674,0.9290322580645162,1.09,0.95,0.9916633974107494,0.9065570992883768,1.0,21.8,0.9667851750171588,,,,,,
QB,Tanner McKee (44312255),Tanner McKee,44312255,QB,4000,LAR@PHI 10/04/2026 01:00PM ET,PHI,0.0,OUT,LAR@PHI,LAR,1,True,,OUT,True,20.5,44.0,3.0,,,,,,,,,,,,,,,,,,,,,,,,,,,,False,unmodeled,,,,0,True,,,,,,,,,,,0.0,False,,,,,,,,,,2.9285714285714284,33.0,True,,,,,,,,,,1.0,0.9343971631205674,0.9290322580645162,1.09,0.95,0.9916633974107494,0.9065570992883768,1.0,21.8,0.9667851750171588,,,,,,
QB,Cole Payton (44312256),Cole Payton,44312256,QB,4000,LAR@PHI 10/04/2026 01:00PM ET,PHI,0.0,OUT,LAR@PHI,LAR,1,True,,OUT,True,20.5,44.0,3.0,,,,,,,,,,,,,,,,,,,,,,,,,,,,False,unmodeled,,,,0,True,,,,,,,,,,,0.0,False,,,,,,,,,,2.9285714285714284,33.0,True,,,,,,,,,,1.0,0.9343971631205674,0.9290322580645162,1.09,0.95,0.9916633974107494,0.9065570992883768,1.0,21.8,0.9667851750171588,,,,,,
QB,Stetson Bennett IV (44312257),Stetson Bennett IV,44312257,QB,4000,LAR@PHI 10/04/2026 01:00PM ET,LAR,1.4,,LAR@PHI,PHI,0,True,,,False,23.5,44.0,-3.0,,,,,,,,,,,,,,,,,,,,,,,,,,,,False,unmodeled,,,,0,True,,,,,,,,,,,0.0,False,,,,,,,,,,3.357142857142857,37.0,False,,,,,,,,,,1.0,0.9911347517730495,1.0064516129032255,1.09,1.1,1.0324637112593174,0.9,1.0,22.0,1.0303009608785174,,,,,,
QB,Ty Simpson (44312258),Ty Simpson,44312258,QB,4000,LAR@PHI 10/04/2026 01:00PM ET,LAR,0.0,,LAR@PHI,PHI,0,True,,,False,23.5,44.0,-3.0,,,,,,,,,,,,,,,,,,,,,,,,,,,,False,unmodeled,,,,0,True,,,,,,,,,,,0.0,False,,,,,,,,,,3.357142857142857,37.0,False,,,,,,,,,,1.0,0.9911347517730495,1.0064516129032255,1.09,1.1,1.0324637112593174,0.9,1.0,22.0,1.0303009608785174,,,,,,
QB,Matthew Caldwell (44312259),Matthew Caldwell,44312259,QB,4000,LAR@PHI 10/04/2026 01:00PM ET,LAR,0.0,IR,LAR@PHI,PHI,0,True,,IR,True,23.5,44.0,-3.0,,,,,,,,,,,,,,,,,,,,,,,,,,,,False,unmodeled,,,,0,True,,,,,,,,,,,0.0,False,,,,,,,,,,3.357142857142857,37.0,False,,,,,,,,,,1.0,0.9911347517730495,1.0064516129032255,1.09,1.1,1.0324637112593174,0.9,1.0,22.0,1.0303009608785174,,,,,,
QB,Tyler Huntley (44312260),Tyler Huntley,44312260,QB,4000,TEN@BAL 10/04/2026 01:00PM ET,BAL,0.0,,TEN@BAL,TEN,1,True,,,False,27.5,43.5,-11.5,,,,,,,,,,,,,,,,,,,,,,,,,,,,False,unmodeled,,,,0,True,,,,,,,,,,,0.0,False,,,,,,,,,,3.928571428571429,33.0,True,,,,,,,,,,1.0,1.00531914893617,1.032258064516129,1.0,1.0,1.0159866614358573,0.9004574720433751,1.0,12.6,1.0088452299245023,,,,,,
QB,Joe Fagnano (44312261),Joe Fagnano,44312261,QB,4000,TEN@BAL 10/04/2026 01:00PM ET,BAL,0.0,,TEN@BAL,TEN,1,True,,,False,27.5,43.5,-11.5,,,,,,,,,,,,,,,,,,,,,,,,,,,,False,unmodeled,,,,0,True,,,,,,,,,,,0.0,False,,,,,,,,,,3.928571428571429,33.0,True,,,,,,,,,,1.0,1.00531914893617,1.032258064516129,1.0,1.0,1.0159866614358573,0.9004574720433751,1.0,12.6,1.0088452299245023,,,,,,
QB,Skylar Thompson (44312262),Skylar Thompson,44312262,QB,4000,TEN@BAL 10/04/2026 01:00PM ET,BAL,0.0,IR,TEN@BAL,TEN,1,True,,IR,True,27.5,43.5,-11.5,,,,,,,,,,,,,,,,,,,,,,,,,,,,False,unmodeled,,,,0,True,,,,,,,,,,,0.0,False,,,,,,,,,,3.928571428571429,33.0,True,,,,,,,,,,1.0,1.00531914893617,1.032258064516129,1.0,1.0,1.0159866614358573,0.9004574720433751,1.0,12.6,1.0088452299245023,,,,,,
QB,Mitchell Trubisky (44312263),Mitchell Trubisky,44312263,QB,4000,TEN@BAL 10/04/2026 01:00PM ET,TEN,0.0,,TEN@BAL,BAL,0,True,,,False,16.0,43.5,11.5,,,,,,,,,,,,,,,,,,,,,,,,,,,,False,unmodeled,,,,0,True,,,,,,,,,,,0.0,False,,,,,,,,,,2.2857142857142856,33.0,True,,,,,,,,,,1.0,0.9946808510638298,1.0064516129032255,1.03,1.05,1.048156139662613,1.006184344290071,0.992235294117647,14.5,1.0123967055593686,,,,,,
QB,Hendon Hooker (44312264),Hendon Hooker,44312264,QB,4000,TEN@BAL 10/04/2026 01:00PM ET,TEN,0.0,,TEN@BAL,BAL,0,True,,,False,16.0,43.5,11.5,,,,,,,,,,,,,,,,,,,,,,,,,,,,False,unmodeled,,,,0,True,,,,,,,,,,,0.0,False,,,,,,,,,,2.2857142857142856,33.0,True,,,,,,,,,,1.0,0.9946808510638298,1.0064516129032255,1.03,1.05,1.048156139662613,1.006184344290071,0.992235294117647,14.5,1.0123967055593686,,,,,,
QB,Easton Stick (44312265),Easton Stick,44312265,QB,4000,GB@TB 10/04/2026 01:00PM ET,TB,0.0,,GB@TB,GB,1,True,,,False,17.75,39.5,4.0,,,,,,,,,,,,,,,,,,,,,,,,,,,,False,unmodeled,,,,0,True,,,,,,,,,,,0.0,False,,,,,,,,,,2.5357142857142856,33.0,True,,,,,,,,,,1.0,1.0088652482269502,0.9290322580645162,0.97,1.0,1.0403099254609651,0.9838190443917316,1.0,13.5,0.983795813315031,,,,,,
QB,Kedon Slovis (44312266),Kedon Slovis,44312266,QB,4000,GB@TB 10/04/2026 01:00PM ET,GB,0.0,,GB@TB,TB,0,True,,,False,21.75,39.5,-4.0,,,,,,,,,,,,,,,,,,,,,,,,,,,,False,unmodeled,,,,0,True,,,,,,,,,,,0.0,False,,,,,,,,,,3.107142857142857,41.333333333333336,False,,,,,,,,,,1.0,0.99822695035461,1.0064516129032255,1.0,1.0,0.9649862691251472,1.0712470349034224,1.0,30.5,1.0004924502402197,,,,,,
QB,Quinn Ewers (44312267),Quinn Ewers,44312267,QB,4000,JAX@CIN 10/04/2026 01:00PM ET,JAX,0.0,,JAX@CIN,CIN,0,True,,,False,24.5,51.5,2.5,,,,,,,,,,,,,,,,,,,,,,,,,,,,False,unmodeled,,,,0,True,,,,,,,,,,,0.0,False,,,,,,,,,,3.5,33.0,True,,,,,,,,,,1.0,1.0088652482269502,1.1,0.9,1.05,0.9916633974107494,1.1,1.0,21.5,1.0114893617021277,,,,,,
QB,Nick Mullens (44312268),Nick Mullens,44312268,QB,4000,JAX@CIN 10/04/2026 01:00PM ET,JAX,-0.3,,JAX@CIN,CIN,0,True,,,False,24.5,51.5,2.5,,,,,,,,,,,,,,,,,,,,,,,,,,,,False,unmodeled,,,,0,True,,,,,,,,,,,0.0,False,,,,,,,,,,3.5,33.0,True,,,,,,,,,,1.0,1.0088652482269502,1.1,0.9,1.05,0.9916633974107494,1.1,1.0,21.5,1.0114893617021277,,,,,,
QB,Joey Aguilar (44312269),Joey Aguilar,44312269,QB,4000,JAX@CIN 10/04/2026 01:00PM ET,JAX,0.0,,JAX@CIN,CIN,0,True,,,False,24.5,51.5,2.5,,,,,,,,,,,,,,,,,,,,,,,,,,,,False,unmodeled,,,,0,True,,,,,,,,,,,0.0,False,,,,,,,,,,3.5,33.0,True,,,,,,,,,,1.0,1.0088652482269502,1.1,0.9,1.05,0.9916633974107494,1.1,1.0,21.5,1.0114893617021277,,,,,,
QB,Sean Clifford (44312270),Sean Clifford,44312270,QB,4000,JAX@CIN 10/04/2026 01:00PM ET,CIN,0.0,,JAX@CIN,JAX,1,True,,,False,27.0,51.5,-2.5,,,,,,,,,,,,,,,,,,,,,,,,,,,,False,unmodeled,,,,0,True,,,,,,,,,,,0.0,False,,,,,,,,,,3.857142857142857,34.333333333333336,False,,,,,,,,,,1.0,0.99822695035461,0.9806451612903224,1.06,0.9,1.0018634758728913,0.908590308370044,1.0,18.5,0.992331159917639,,,,,,
QB,Josh Johnson (44312271),Josh Johnson,44312271,QB,4000,JAX@CIN 10/04/2026 01:00PM ET,CIN,0.0,,JAX@CIN,JAX,1,True,,,False,27.0,51.5,-2.5,,,,,,,,,,,,,,,,,,,,,,,,,,,,False,unmodeled,,,,0,True,,,,,,,,,,,0.0,False,,,,,,,,,,3.857142857142857,34.333333333333336,False,,,,,,,,,,1.0,0.99822695035461,0.9806451612903224,1.06,0.9,1.0018634758728913,0.908590308370044,1.0,18.5,0.992331159917639,,,,,,
QB,Tommy DeVito (44312272),Tommy DeVito,44312272,QB,4000,NE@BUF 10/04/2026 01:00PM ET,NE,1.4,,NE@BUF,BUF,0,True,,,False,21.0,48.5,6.5,,,,,,,,,,,,,,,,,,,,,,,,,,,,False,unmodeled,,,,0,True,,,,,,,,,,,0.0,False,,,,,,,,,,3.0,33.0,True,,,,,,,,,,1.0,1.0159574468085106,1.1,0.91,1.05,1.0622793252255789,0.9634869535750592,1.0,12.6,1.01668085106383,,,,,,
QB,Behren Morton (44312273),Behren Morton,44312273,QB,4000,NE@BUF 10/04/2026 01:00PM ET,NE,0.0,,NE@BUF,BUF,0,True,,,False,21.0,48.5,6.5,,,,,,,,,,,,,,,,,,,,,,,,,,,,False,unmodeled,,,,0,True,,,,,,,,,,,0.0,False,,,,,,,,,,3.0,33.0,True,,,,,,,,,,1.0,1.0159574468085106,1.1,0.91,1.05,1.0622793252255789,0.9634869535750592,1.0,12.6,1.01668085106383,,,,,,
QB,Kyle Allen (44312274),Kyle Allen,44312274,QB,4000,NE@BUF 10/04/2026 01:00PM ET,BUF,0.0,,NE@BUF,NE,1,True,,,False,27.5,48.5,-6.5,,,,,,,,,,,,,,,,,,,,,,,,,,,,False,unmodeled,,,,0,True,,,,,,,,,,,0.0,False,,,,,,,,,,3.928571428571429,28.666666666666668,False,,,,,,,,,,1.0,0.9663120567375888,0.9290322580645162,0.97,1.0,1.0159866614358573,0.9,1.0,30.4,0.964646877144818,,,,,,
QB,Shane Buechele (44312275),Shane Buechele,44312275,QB,4000,NE@BUF 10/04/2026 01:00PM ET,BUF,0.0,,NE@BUF,NE,1,True,,,False,27.5,48.5,-6.5,,,,,,,,,,,,,,,,,,,,,,,,,,,,False,unmodeled,,,,0,True,,,,,,,,,,,0.0,False,,,,,,,,,,3.928571428571429,28.666666666666668,False,,,,,,,,,,1.0,0.9663120567375888,0.9290322580645162,0.97,1.0,1.0159866614358573,0.9,1.0,30.4,0.964646877144818,,,,,,
RB,Devin Singletary (44312386),Devin Singletary,44312386,RB/FLEX,4000,ARI@NYG 10/04/2026 01:00PM ET,NYG,7.4,,ARI@NYG,ARI,1,True,,,False,21.75,44.5,1.0,,,,,,,,,,,,,,,,,,,,,,,,,,,,False,unmodeled,,,,0,True,,,,,,,,,,,0.0,False,,,,,,0.2684571428571428,0.0481607142857142,1.899707142857142,0.4749267857142855,3.107142857142857,33.0,True,,,,,,,,,,1.0,1.0797872340425532,1.032258064516129,1.06,1.05,1.0638485680659082,1.1,1.0,11.0,1.0249574468085108,1.899707142857142,1.947118982826747,0.047411839969605,,,
RB,Emari Demercado (44312388),Emari Demercado,44312388,RB/FLEX,4000,DAL@HOU 10/04/2026 01:00PM ET,DAL,0.8,,DAL@HOU,HOU,0,True,,,False,22.5,47.5,2.5,,,,,,,,,,,,,,,,,,,,,,,,,,,,False,unmodeled,,,,0,True,,,,,,,,,,,0.0,False,,,,,,0.2777142857142857,0.0498214285714285,1.9652142857142847,0.4913035714285713,3.2142857142857144,35.0,False,,,,,,,,,,1.0,1.0372340425531914,1.1,0.9,1.05,1.071694782267556,1.0387156895967469,1.0,9.9,0.9924468085106384,1.9652142857142847,1.950370645896656,-0.014843639817629,,,
RB,Jonah Coleman (44312390),Jonah Coleman,44312390,RB/FLEX,4000,DEN@SF 10/04/2026 04:25PM ET,DEN,7.4,IR,DEN@SF,SF,0,True,,IR,True,22.0,46.5,2.5,,,,,,,,,,,,,,,,,,,,,,,,,,,,False,unmodeled,,,,0,True,,,,,,,,,,,0.0,False,,,,,,0.2715428571428571,0.0487142857142857,1.9215428571428568,0.4803857142857142,3.142857142857143,31.0,False,,,,,,,,,,1.0,0.9911347517730495,0.9806451612903224,1.1,1.05,0.9704786190663004,0.9817858353100644,1.0,7.1,1.01322695035461,1.9215428571428568,1.9469590091185405,0.0254161519756837,,,
RB,Ray Davis (44312392),Ray Davis,44312392,RB/FLEX,4000,NE@BUF 10/04/2026 01:00PM ET,BUF,0.1,,NE@BUF,NE,1,True,,,False,27.5,48.5,-6.5,,,,,,,,,,,,,,,,,,,,,,,,,,,,False,unmodeled,,,,0,True,,,,,,,,,,,0.0,False,,,,,,0.3394285714285713,0.0608928571428571,2.40192857142857,0.6004821428571425,3.928571428571429,28.666666666666668,False,,,,,,,,,,1.0,0.9663120567375888,0.9290322580645162,0.97,1.0,1.0159866614358573,0.9,1.0,30.4,0.9887624113475176,2.40192857142857,2.3749366861702117,-0.0269918852583588,,,
RB,Velus Jones Jr. (44312394),Velus Jones Jr.,44312394,RB/FLEX,4000,LAC@SEA 10/04/2026 04:25PM ET,SEA,0.0,,LAC@SEA,LAC,1,True,,,False,25.0,43.0,-7.0,,,,,,,,,,,,,,,,,,,,,,,,,,,,False,unmodeled,,,,0,True,,,,,,,,,,,0.0,False,,,,,,0.3085714285714286,0.0553571428571428,2.1835714285714283,0.5458928571428571,3.571428571428572,33.0,True,,,,,,,,,,1.0,1.033687943262411,1.032258064516129,0.97,0.95,1.0159866614358573,1.0082175533717384,1.0,12.1,1.0022375886524824,2.1835714285714283,2.188457363221884,0.0048859346504559,,,
RB,Zach Charbonnet (44312396),Zach Charbonnet,44312396,RB/FLEX,4000,LAC@SEA 10/04/2026 04:25PM ET,SEA,0.0,OUT,LAC@SEA,LAC,1,True,,OUT,True,25.0,43.0,-7.0,,,,,,,,,,,,,,,,,,,,,,,,,,,,False,unmodeled,,,,0,True,,,,,,,,,,,0.0,False,,,,,,0.3085714285714286,0.0553571428571428,2.1835714285714283,0.5458928571428571,3.571428571428572,33.0,True,,,,,,,,,,1.0,1.033687943262411,1.032258064516129,0.97,0.95,1.0159866614358573,1.0082175533717384,1.0,12.1,1.0022375886524824,2.1835714285714283,2.188457363221884,0.0048859346504559,,,
RB,Jacardia Wright (44312398),Jacardia Wright,44312398,RB/FLEX,4000,LAC@SEA 10/04/2026 04:25PM ET,SEA,0.0,,LAC@SEA,LAC,1,True,,,False,25.0,43.0,-7.0,,,,,,,,,,,,,,,,,,,,,,,,,,,,False,unmodeled,,,,0,True,,,,,,,,,,,0.0,False,,,,,,0.3085714285714286,0.0553571428571428,2.1835714285714283,0.5458928571428571,3.571428571428572,33.0,True,,,,,,,,,,1.0,1.033687943262411,1.032258064516129,0.97,0.95,1.0159866614358573,1.0082175533717384,1.0,12.1,1.0022375886524824,2.1835714285714283,2.188457363221884,0.0048859346504559,,,
RB,Brady Russell (44312400),Brady Russell,44312400,RB/FLEX,4000,LAC@SEA 10/04/2026 04:25PM ET,SEA,2.3,,LAC@SEA,LAC,1,True,,,False,25.0,43.0,-7.0,,,,,,,,,,,,,,,,,,,,,,,,,,,,False,unmodeled,,,,0,True,,,,,,,,,,,0.0,False,,,,,,0.3085714285714286,0.0553571428571428,2.1835714285714283,0.5458928571428571,3.571428571428572,33.0,True,,,,,,,,,,1.0,1.033687943262411,1.032258064516129,0.97,0.95,1.0159866614358573,1.0082175533717384,1.0,12.1,1.0022375886524824,2.1835714285714283,2.188457363221884,0.0048859346504559,,,
RB,Robbie Ouzts (44312402),Robbie Ouzts,44312402,RB/FLEX,4000,LAC@SEA 10/04/2026 04:25PM ET,SEA,0.0,IR,LAC@SEA,LAC,1,True,,IR,True,25.0,43.0,-7.0,,,,,,,,,,,,,,,,,,,,,,,,,,,,False,unmodeled,,,,0,True,,,,,,,,,,,0.0,False,,,,,,0.3085714285714286,0.0553571428571428,2.1835714285714283,0.5458928571428571,3.571428571428572,33.0,True,,,,,,,,,,1.0,1.033687943262411,1.032258064516129,0.97,0.95,1.0159866614358573,1.0082175533717384,1.0,12.1,1.0022375886524824,2.1835714285714283,2.188457363221884,0.0048859346504559,,,
RB,Kimani Vidal (44312404),Kimani Vidal,44312404,RB/FLEX,4000,LAC@SEA 10/04/2026 04:25PM ET,LAC,1.0,,LAC@SEA,SEA,0,True,,,False,18.0,43.0,7.0,,,,,,,,,,,,,,,,,,,,,,,,,,,,False,unmodeled,,,,0,True,,,,,,,,,,,0.0,False,,,,,,0.2221714285714286,0.0398571428571428,1.5721714285714286,0.3930428571428571,2.571428571428572,33.0,True,,,,,,,,,,1.0,0.927304964539007,0.9,0.97,0.9,0.9367398979992154,0.9797526262283972,1.0,5.3,0.9809609929078014,1.5721714285714286,1.542238845592705,-0.0299325829787235,,,
RB,Alec Ingold (44312406),Alec Ingold,44312406,RB/FLEX,4000,LAC@SEA 10/04/2026 04:25PM ET,LAC,2.2,,LAC@SEA,SEA,0,True,,,False,18.0,43.0,7.0,,,,,,,,,,,,,,,,,,,,,,,,,,,,False,unmodeled,,,,0,True,,,,,,,,,,,0.0,False,,,,,,0.2221714285714286,0.0398571428571428,1.5721714285714286,0.3930428571428571,2.571428571428572,33.0,True,,,,,,,,,,1.0,0.927304964539007,0.9,0.97,0.9,0.9367398979992154,0.9797526262283972,1.0,5.3,0.9809609929078014,1.5721714285714286,1.542238845592705,-0.0299325829787235,,,
RB,Amar Johnson (44312408),Amar Johnson,44312408,RB/FLEX,4000,LAC@SEA 10/04/2026 04:25PM ET,LAC,0.0,,LAC@SEA,SEA,0,True,,,False,18.0,43.0,7.0,,,,,,,,,,,,,,,,,,,,,,,,,,,,False,unmodeled,,,,0,True,,,,,,,,,,,0.0,False,,,,,,0.2221714285714286,0.0398571428571428,1.5721714285714286,0.3930428571428571,2.571428571428572,33.0,True,,,,,,,,,,1.0,0.927304964539007,0.9,0.97,0.9,0.9367398979992154,0.9797526262283972,1.0,5.3,0.9809609929078014,1.5721714285714286,1.542238845592705,-0.0299325829787235,,,
RB,Gregory Desrosiers (44312410),Gregory Desrosiers,44312410,RB/FLEX,4000,LAC@SEA 10/04/2026 04:25PM ET,LAC,0.0,,LAC@SEA,SEA,0,True,,,False,18.0,43.0,7.0,,,,,,,,,,,,,,,,,,,,,,,,,,,,False,unmodeled,,,,0,True,,,,,,,,,,,0.0,False,,,,,,0.2221714285714286,0.0398571428571428,1.5721714285714286,0.3930428571428571,2.571428571428572,33.0,True,,,,,,,,,,1.0,0.927304964539007,0.9,0.97,0.9,0.9367398979992154,0.9797526262283972,1.0,5.3,0.9809609929078014,1.5721714285714286,1.542238845592705,-0.0299325829787235,,,
RB,Scott Matlock (44312412),Scott Matlock,44312412,RB/FLEX,4000,LAC@SEA 10/04/2026 04:25PM ET,LAC,0.0,IR,LAC@SEA,SEA,0,True,,IR,True,18.0,43.0,7.0,,,,,,,,,,,,,,,,,,,,,,,,,,,,False,unmodeled,,,,0,True,,,,,,,,,,,0.0,False,,,,,,0.2221714285714286,0.0398571428571428,1.5721714285714286,0.3930428571428571,2.571428571428572,33.0,True,,,,,,,,,,1.0,0.927304964539007,0.9,0.97,0.9,0.9367398979992154,0.9797526262283972,1.0,5.3,0.9809609929078014,1.5721714285714286,1.542238845592705,-0.0299325829787235,,,
RB,Dylan Laube (44312414),Dylan Laube,44312414,RB/FLEX,4000,KC@LV 10/04/2026 04:25PM ET,LV,-0.3,,KC@LV,KC,1,True,,,False,21.5,47.5,4.5,,,,,,,,,,,,,,,,,,,,,,,,,,,,False,unmodeled,,,,0,True,,,,,,,,,,,0.0,False,,,,,,0.2653714285714286,0.0476071428571428,1.8778714285714284,0.4694678571428571,3.071428571428572,33.0,True,,,,,,,,,,1.0,0.9556737588652482,0.9290322580645162,1.06,0.95,0.927324440957238,1.0366824805150796,0.9767058823529412,22.7,0.9849935753024616,1.8778714285714284,1.849691292386912,-0.0281801361845162,,,
RB,Chris Collier (44312416),Chris Collier,44312416,RB/FLEX,4000,KC@LV 10/04/2026 04:25PM ET,LV,0.0,IR,KC@LV,KC,1,True,,IR,True,21.5,47.5,4.5,,,,,,,,,,,,,,,,,,,,,,,,,,,,False,unmodeled,,,,0,True,,,,,,,,,,,0.0,False,,,,,,0.2653714285714286,0.0476071428571428,1.8778714285714284,0.4694678571428571,3.071428571428572,33.0,True,,,,,,,,,,1.0,0.9556737588652482,0.9290322580645162,1.06,0.95,0.927324440957238,1.0366824805150796,0.9767058823529412,22.7,0.9849935753024616,1.8778714285714284,1.849691292386912,-0.0281801361845162,,,
RB,Roman Hemby (44312418),Roman Hemby,44312418,RB/FLEX,4000,KC@LV 10/04/2026 04:25PM ET,LV,0.0,,KC@LV,KC,1,True,,,False,21.5,47.5,4.5,,,,,,,,,,,,,,,,,,,,,,,,,,,,False,unmodeled,,,,0,True,,,,,,,,,,,0.0,False,,,,,,0.2653714285714286,0.0476071428571428,1.8778714285714284,0.4694678571428571,3.071428571428572,33.0,True,,,,,,,,,,1.0,0.9556737588652482,0.9290322580645162,1.06,0.95,0.927324440957238,1.0366824805150796,0.9767058823529412,22.7,0.9849935753024616,1.8778714285714284,1.849691292386912,-0.0281801361845162,,,
RB,Dare Ogunbowale (44312420),Dare Ogunbowale,44312420,RB/FLEX,4000,KC@LV 10/04/2026 04:25PM ET,LV,0.0,,KC@LV,KC,1,True,,,False,21.5,47.5,4.5,,,,,,,,,,,,,,,,,,,,,,,,,,,,False,unmodeled,,,,0,True,,,,,,,,,,,0.0,False,,,,,,0.2653714285714286,0.0476071428571428,1.8778714285714284,0.4694678571428571,3.071428571428572,33.0,True,,,,,,,,,,1.0,0.9556737588652482,0.9290322580645162,1.06,0.95,0.927324440957238,1.0366824805150796,0.9767058823529412,22.7,0.9849935753024616,1.8778714285714284,1.849691292386912,-0.0281801361845162,,,
RB,Connor Heyward (44312422),Connor Heyward,44312422,RB/FLEX,4000,KC@LV 10/04/2026 04:25PM ET,LV,0.1,,KC@LV,KC,1,True,,,False,21.5,47.5,4.5,,,,,,,,,,,,,,,,,,,,,,,,,,,,False,unmodeled,,,,0,True,,,,,,,,,,,0.0,False,,,,,,0.2653714285714286,0.0476071428571428,1.8778714285714284,0.4694678571428571,3.071428571428572,33.0,True,,,,,,,,,,1.0,0.9556737588652482,0.9290322580645162,1.06,0.95,0.927324440957238,1.0366824805150796,0.9767058823529412,22.7,0.9849935753024616,1.8778714285714284,1.849691292386912,-0.0281801361845162,,,
RB,Brashard Smith (44312424),Brashard Smith,44312424,RB/FLEX,4000,KC@LV 10/04/2026 04:25PM ET,KC,0.5,,KC@LV,LV,0,True,,,False,26.0,47.5,-4.5,,,,,,,,,,,,,,,,,,,,,,,,,,,,False,unmodeled,,,,0,True,,,,,,,,,,,0.0,False,,,,,,0.3209142857142857,0.0575714285714285,2.270914285714285,0.5677285714285714,3.7142857142857135,32.666666666666664,False,,,,,,,,,,1.0,0.99822695035461,0.9806451612903224,0.9,0.9,0.9390937622597098,1.1,1.0129411764705882,11.6,0.9930571547768045,2.270914285714285,2.255147679313427,-0.0157666064008581,,,
RB,Jaydn Ott (44312426),Jaydn Ott,44312426,RB/FLEX,4000,KC@LV 10/04/2026 04:25PM ET,KC,0.0,,KC@LV,LV,0,True,,,False,26.0,47.5,-4.5,,,,,,,,,,,,,,,,,,,,,,,,,,,,False,unmodeled,,,,0,True,,,,,,,,,,,0.0,False,,,,,,0.3209142857142857,0.0575714285714285,2.270914285714285,0.5677285714285714,3.7142857142857135,32.666666666666664,False,,,,,,,,,,1.0,0.99822695035461,0.9806451612903224,0.9,0.9,0.9390937622597098,1.1,1.0129411764705882,11.6,0.9930571547768045,2.270914285714285,2.255147679313427,-0.0157666064008581,,,
RB,Nate Carter (44312428),Nate Carter,44312428,RB/FLEX,4000,KC@LV 10/04/2026 04:25PM ET,KC,0.0,,KC@LV,LV,0,True,,,False,26.0,47.5,-4.5,,,,,,,,,,,,,,,,,,,,,,,,,,,,False,unmodeled,,,,0,True,,,,,,,,,,,0.0,False,,,,,,0.3209142857142857,0.0575714285714285,2.270914285714285,0.5677285714285714,3.7142857142857135,32.666666666666664,False,,,,,,,,,,1.0,0.99822695035461,0.9806451612903224,0.9,0.9,0.9390937622597098,1.1,1.0129411764705882,11.6,0.9930571547768045,2.270914285714285,2.255147679313427,-0.0157666064008581,,,
RB,Ben VanSumeren (44312430),Ben VanSumeren,44312430,RB/FLEX,4000,KC@LV 10/04/2026 04:25PM ET,KC,0.0,,KC@LV,LV,0,True,,,False,26.0,47.5,-4.5,,,,,,,,,,,,,,,,,,,,,,,,,,,,False,unmodeled,,,,0,True,,,,,,,,,,,0.0,False,,,,,,0.3209142857142857,0.0575714285714285,2.270914285714285,0.5677285714285714,3.7142857142857135,32.666666666666664,False,,,,,,,,,,1.0,0.99822695035461,0.9806451612903224,0.9,0.9,0.9390937622597098,1.1,1.0129411764705882,11.6,0.9930571547768045,2.270914285714285,2.255147679313427,-0.0157666064008581,,,
RB,Tyler Goodson (44312432),Tyler Goodson,44312432,RB/FLEX,4000,DAL@HOU 10/04/2026 01:00PM ET,DAL,2.7,,DAL@HOU,HOU,0,True,,,False,22.5,47.5,2.5,,,,,,,,,,,,,,,,,,,,,,,,,,,,False,unmodeled,,,,0,True,,,,,,,,,,,0.0,False,,,,,,0.2777142857142857,0.0498214285714285,1.9652142857142847,0.4913035714285713,3.2142857142857144,35.0,False,,,,,,,,,,1.0,1.0372340425531914,1.1,0.9,1.05,1.071694782267556,1.0387156895967469,1.0,9.9,0.9924468085106384,1.9652142857142847,1.950370645896656,-0.014843639817629,,,
RB,Malik Davis (44312434),Malik Davis,44312434,RB/FLEX,4000,DAL@HOU 10/04/2026 01:00PM ET,DAL,0.0,IR,DAL@HOU,HOU,0,True,,IR,True,22.5,47.5,2.5,,,,,,,,,,,,,,,,,,,,,,,,,,,,False,unmodeled,,,,0,True,,,,,,,,,,,0.0,False,,,,,,0.2777142857142857,0.0498214285714285,1.9652142857142847,0.4913035714285713,3.2142857142857144,35.0,False,,,,,,,,,,1.0,1.0372340425531914,1.1,0.9,1.05,1.071694782267556,1.0387156895967469,1.0,9.9,0.9924468085106384,1.9652142857142847,1.950370645896656,-0.014843639817629,,,
RB,Israel Abanikanda (44312436),Israel Abanikanda,44312436,RB/FLEX,4000,DAL@HOU 10/04/2026 01:00PM ET,DAL,0.0,,DAL@HOU,HOU,0,True,,,False,22.5,47.5,2.5,,,,,,,,,,,,,,,,,,,,,,,,,,,,False,unmodeled,,,,0,True,,,,,,,,,,,0.0,False,,,,,,0.2777142857142857,0.0498214285714285,1.9652142857142847,0.4913035714285713,3.2142857142857144,35.0,False,,,,,,,,,,1.0,1.0372340425531914,1.1,0.9,1.05,1.071694782267556,1.0387156895967469,1.0,9.9,0.9924468085106384,1.9652142857142847,1.950370645896656,-0.014843639817629,,,
RB,Hunter Luepke (44312438),Hunter Luepke,44312438,RB/FLEX,4000,DAL@HOU 10/04/2026 01:00PM ET,DAL,0.3,,DAL@HOU,HOU,0,True,,,False,22.5,47.5,2.5,,,,,,,,,,,,,,,,,,,,,,,,,,,,False,unmodeled,,,,0,True,,,,,,,,,,,0.0,False,,,,,,0.2777142857142857,0.0498214285714285,1.9652142857142847,0.4913035714285713,3.2142857142857144,35.0,False,,,,,,,,,,1.0,1.0372340425531914,1.1,0.9,1.05,1.071694782267556,1.0387156895967469,1.0,9.9,0.9924468085106384,1.9652142857142847,1.950370645896656,-0.014843639817629,,,
RB,British Brooks (44312440),British Brooks,44312440,RB/FLEX,4000,DAL@HOU 10/04/2026 01:00PM ET,HOU,0.0,,DAL@HOU,DAL,1,True,,,False,25.0,47.5,-2.5,,,,,,,,,,,,,,,,,,,,,,,,,,,,False,unmodeled,,,,0,True,,,,,,,,,,,0.0,False,,,,,,0.3085714285714286,0.0553571428571428,2.1835714285714283,0.5458928571428571,3.571428571428572,40.0,False,,,,,,,,,,1.0,1.0124113475177303,0.9806451612903224,1.1,1.1,0.9846018046292664,1.1,1.0,14.8,1.017482269503546,2.1835714285714283,2.221745212765957,0.0381737841945288,,,
RB,Jawhar Jordan (44312442),Jawhar Jordan,44312442,RB/FLEX,4000,DAL@HOU 10/04/2026 01:00PM ET,HOU,0.0,,DAL@HOU,DAL,1,True,,,False,25.0,47.5,-2.5,,,,,,,,,,,,,,,,,,,,,,,,,,,,False,unmodeled,,,,0,True,,,,,,,,,,,0.0,False,,,,,,0.3085714285714286,0.0553571428571428,2.1835714285714283,0.5458928571428571,3.571428571428572,40.0,False,,,,,,,,,,1.0,1.0124113475177303,0.9806451612903224,1.1,1.1,0.9846018046292664,1.1,1.0,14.8,1.017482269503546,2.1835714285714283,2.221745212765957,0.0381737841945288,,,
RB,Noah Whittington (44312444),Noah Whittington,44312444,RB/FLEX,4000,DAL@HOU 10/04/2026 01:00PM ET,HOU,0.0,,DAL@HOU,DAL,1,True,,,False,25.0,47.5,-2.5,,,,,,,,,,,,,,,,,,,,,,,,,,,,False,unmodeled,,,,0,True,,,,,,,,,,,0.0,False,,,,,,0.3085714285714286,0.0553571428571428,2.1835714285714283,0.5458928571428571,3.571428571428572,40.0,False,,,,,,,,,,1.0,1.0124113475177303,0.9806451612903224,1.1,1.1,0.9846018046292664,1.1,1.0,14.8,1.017482269503546,2.1835714285714283,2.221745212765957,0.0381737841945288,,,
RB,Kene Nwangwu (44312446),Kene Nwangwu,44312446,RB/FLEX,4000,NYJ@CHI 10/04/2026 01:00PM ET,NYJ,0.0,Q,NYJ@CHI,CHI,0,True,,Q,True,20.0,43.0,3.0,,,,,,,,,,,,,,,,,,,,,,,,,,,,False,unmodeled,,,,0,True,,,,,,,,,,,0.0,False,,,,,,0.2468571428571428,0.0442857142857142,1.746857142857142,0.4367142857142855,2.857142857142857,33.0,True,,,,,,,,,,1.0,1.0265957446808511,1.0064516129032255,0.97,0.95,0.9681247548058062,0.969586580820061,1.044,43.4,1.0294191489361704,1.746857142857142,1.7982481933130694,0.0513910504559274,,,
RB,Andrew Beck (44312448),Andrew Beck,44312448,RB/FLEX,4000,NYJ@CHI 10/04/2026 01:00PM ET,NYJ,0.0,,NYJ@CHI,CHI,0,True,,,False,20.0,43.0,3.0,,,,,,,,,,,,,,,,,,,,,,,,,,,,False,unmodeled,,,,0,True,,,,,,,,,,,0.0,False,,,,,,0.2468571428571428,0.0442857142857142,1.746857142857142,0.4367142857142855,2.857142857142857,33.0,True,,,,,,,,,,1.0,1.0265957446808511,1.0064516129032255,0.97,0.95,0.9681247548058062,0.969586580820061,1.044,43.4,1.0294191489361704,1.746857142857142,1.7982481933130694,0.0513910504559274,,,
RB,Chip Trayanum (44312450),Chip Trayanum,44312450,RB/FLEX,4000,NYJ@CHI 10/04/2026 01:00PM ET,NYJ,0.0,IR,NYJ@CHI,CHI,0,True,,IR,True,20.0,43.0,3.0,,,,,,,,,,,,,,,,,,,,,,,,,,,,False,unmodeled,,,,0,True,,,,,,,,,,,0.0,False,,,,,,0.2468571428571428,0.0442857142857142,1.746857142857142,0.4367142857142855,2.857142857142857,33.0,True,,,,,,,,,,1.0,1.0265957446808511,1.0064516129032255,0.97,0.95,0.9681247548058062,0.969586580820061,1.044,43.4,1.0294191489361704,1.746857142857142,1.7982481933130694,0.0513910504559274,,,
RB,Al-Jay Henderson (44312452),Al-Jay Henderson,44312452,RB/FLEX,4000,NYJ@CHI 10/04/2026 01:00PM ET,NYJ,0.0,,NYJ@CHI,CHI,0,True,,,False,20.0,43.0,3.0,,,,,,,,,,,,,,,,,,,,,,,,,,,,False,unmodeled,,,,0,True,,,,,,,,,,,0.0,False,,,,,,0.2468571428571428,0.0442857142857142,1.746857142857142,0.4367142857142855,2.857142857142857,33.0,True,,,,,,,,,,1.0,1.0265957446808511,1.0064516129032255,0.97,0.95,0.9681247548058062,0.969586580820061,1.044,43.4,1.0294191489361704,1.746857142857142,1.7982481933130694,0.0513910504559274,,,
RB,Roschon Johnson (44312454),Roschon Johnson,44312454,RB/FLEX,4000,NYJ@CHI 10/04/2026 01:00PM ET,CHI,0.0,,NYJ@CHI,NYJ,1,True,,,False,23.0,43.0,-3.0,,,,,,,,,,,,,,,,,,,,,,,,,,,,False,unmodeled,,,,0,True,,,,,,,,,,,0.0,False,,,,,,0.2838857142857142,0.0509285714285714,2.008885714285713,0.5022214285714284,3.2857142857142856,32.666666666666664,False,,,,,,,,,,1.0,0.9627659574468084,0.9032258064516128,0.94,1.1,0.968909376225971,0.9126567265333784,1.0,20.2,0.9835531914893616,2.008885714285713,1.9758459556230992,-0.0330397586626138,,,
RB,Brittain Brown (44312456),Brittain Brown,44312456,RB/FLEX,4000,NYJ@CHI 10/04/2026 01:00PM ET,CHI,0.0,IR,NYJ@CHI,NYJ,1,True,,IR,True,23.0,43.0,-3.0,,,,,,,,,,,,,,,,,,,,,,,,,,,,False,unmodeled,,,,0,True,,,,,,,,,,,0.0,False,,,,,,0.2838857142857142,0.0509285714285714,2.008885714285713,0.5022214285714284,3.2857142857142856,32.666666666666664,False,,,,,,,,,,1.0,0.9627659574468084,0.9032258064516128,0.94,1.1,0.968909376225971,0.9126567265333784,1.0,20.2,0.9835531914893616,2.008885714285713,1.9758459556230992,-0.0330397586626138,,,
RB,Zavier Scott (44312458),Zavier Scott,44312458,RB/FLEX,4000,NYJ@CHI 10/04/2026 01:00PM ET,CHI,0.0,,NYJ@CHI,NYJ,1,True,,,False,23.0,43.0,-3.0,,,,,,,,,,,,,,,,,,,,,,,,,,,,False,unmodeled,,,,0,True,,,,,,,,,,,0.0,False,,,,,,0.2838857142857142,0.0509285714285714,2.008885714285713,0.5022214285714284,3.2857142857142856,32.666666666666664,False,,,,,,,,,,1.0,0.9627659574468084,0.9032258064516128,0.94,1.1,0.968909376225971,0.9126567265333784,1.0,20.2,0.9835531914893616,2.008885714285713,1.9758459556230992,-0.0330397586626138,,,
RB,Salvon Ahmed (44312460),Salvon Ahmed,44312460,RB/FLEX,4000,NYJ@CHI 10/04/2026 01:00PM ET,CHI,0.0,,NYJ@CHI,NYJ,1,True,,,False,23.0,43.0,-3.0,,,,,,,,,,,,,,,,,,,,,,,,,,,,False,unmodeled,,,,0,True,,,,,,,,,,,0.0,False,,,,,,0.2838857142857142,0.0509285714285714,2.008885714285713,0.5022214285714284,3.2857142857142856,32.666666666666664,False,,,,,,,,,,1.0,0.9627659574468084,0.9032258064516128,0.94,1.1,0.968909376225971,0.9126567265333784,1.0,20.2,0.9835531914893616,2.008885714285713,1.9758459556230992,-0.0330397586626138,,,
RB,Jordan James (44312462),Jordan James,44312462,RB/FLEX,4000,DEN@SF 10/04/2026 04:25PM ET,SF,0.8,,DEN@SF,DEN,1,True,,,False,24.5,46.5,-2.5,,,,,,,,,,,,,,,,,,,,,,,,,,,,False,unmodeled,,,,0,True,,,,,,,,,,,0.0,False,,,,,,0.3024,0.05425,2.1399,0.534975,3.5,33.0,True,,,,,,,,,,1.0,0.9946808510638298,1.0838709677419356,0.94,0.9,0.9728324833267948,1.0549813622500848,1.0,23.0,0.989936170212766,2.1399,2.1183644106382977,-0.0215355893617021,,,
RB,Isaac Guerendo (44312464),Isaac Guerendo,44312464,RB/FLEX,4000,DEN@SF 10/04/2026 04:25PM ET,SF,0.0,OUT,DEN@SF,DEN,1,True,,OUT,True,24.5,46.5,-2.5,,,,,,,,,,,,,,,,,,,,,,,,,,,,False,unmodeled,,,,0,True,,,,,,,,,,,0.0,False,,,,,,0.3024,0.05425,2.1399,0.534975,3.5,33.0,True,,,,,,,,,,1.0,0.9946808510638298,1.0838709677419356,0.94,0.9,0.9728324833267948,1.0549813622500848,1.0,23.0,0.989936170212766,2.1399,2.1183644106382977,-0.0215355893617021,,,
RB,Kyle Juszczyk (44312466),Kyle Juszczyk,44312466,RB/FLEX,4000,DEN@SF 10/04/2026 04:25PM ET,SF,3.6,,DEN@SF,DEN,1,True,,,False,24.5,46.5,-2.5,,,,,,,,,,,,,,,,,,,,,,,,,,,,False,unmodeled,,,,0,True,,,,,,,,,,,0.0,False,,,,,,0.3024,0.05425,2.1399,0.534975,3.5,33.0,True,,,,,,,,,,1.0,0.9946808510638298,1.0838709677419356,0.94,0.9,0.9728324833267948,1.0549813622500848,1.0,23.0,0.989936170212766,2.1399,2.1183644106382977,-0.0215355893617021,,,
RB,Sincere McCormick (44312468),Sincere McCormick,44312468,RB/FLEX,4000,DEN@SF 10/04/2026 04:25PM ET,SF,0.0,,DEN@SF,DEN,1,True,,,False,24.5,46.5,-2.5,,,,,,,,,,,,,,,,,,,,,,,,,,,,False,unmodeled,,,,0,True,,,,,,,,,,,0.0,False,,,,,,0.3024,0.05425,2.1399,0.534975,3.5,33.0,True,,,,,,,,,,1.0,0.9946808510638298,1.0838709677419356,0.94,0.9,0.9728324833267948,1.0549813622500848,1.0,23.0,0.989936170212766,2.1399,2.1183644106382977,-0.0215355893617021,,,
RB,Adam Prentice (44312470),Adam Prentice,44312470,RB/FLEX,4000,DEN@SF 10/04/2026 04:25PM ET,DEN,0.4,,DEN@SF,SF,0,True,,,False,22.0,46.5,2.5,,,,,,,,,,,,,,,,,,,,,,,,,,,,False,unmodeled,,,,0,True,,,,,,,,,,,0.0,False,,,,,,0.2715428571428571,0.0487142857142857,1.9215428571428568,0.4803857142857142,3.142857142857143,31.0,False,,,,,,,,,,1.0,0.9911347517730495,0.9806451612903224,1.1,1.05,0.9704786190663004,0.9817858353100644,1.0,7.1,1.01322695035461,1.9215428571428568,1.9469590091185405,0.0254161519756837,,,
RB,Cody Schrader (44312472),Cody Schrader,44312472,RB/FLEX,4000,DEN@SF 10/04/2026 04:25PM ET,DEN,0.0,,DEN@SF,SF,0,True,,,False,22.0,46.5,2.5,,,,,,,,,,,,,,,,,,,,,,,,,,,,False,unmodeled,,,,0,True,,,,,,,,,,,0.0,False,,,,,,0.2715428571428571,0.0487142857142857,1.9215428571428568,0.4803857142857142,3.142857142857143,31.0,False,,,,,,,,,,1.0,0.9911347517730495,0.9806451612903224,1.1,1.05,0.9704786190663004,0.9817858353100644,1.0,7.1,1.01322695035461,1.9215428571428568,1.9469590091185405,0.0254161519756837,,,
RB,Jordan Mason (44312474),Jordan Mason,44312474,RB/FLEX,4000,MIA@MIN 10/04/2026 04:05PM ET,MIN,11.9,IR,MIA@MIN,MIA,1,True,,IR,True,24.5,38.5,-10.5,,,,,,,,,,,,,,,,,,,,,,,,,,,,False,unmodeled,,,,0,True,,,,,,,,,,,0.0,False,,,,,,0.3024,0.05425,2.1399,0.534975,3.5,24.33333333333333,False,,,,,,,,,,1.0,1.0726950354609928,1.032258064516129,1.1,0.95,0.9398783836798744,1.075313453066757,1.0,21.6,1.0295390070921986,2.1399,2.203110521276596,0.0632105212765958,,,
RB,Jaret Patterson (44312476),Jaret Patterson,44312476,RB/FLEX,4000,MIA@MIN 10/04/2026 04:05PM ET,MIN,0.0,,MIA@MIN,MIA,1,True,,,False,24.5,38.5,-10.5,,,,,,,,,,,,,,,,,,,,,,,,,,,,False,unmodeled,,,,0,True,,,,,,,,,,,0.0,False,,,,,,0.3024,0.05425,2.1399,0.534975,3.5,24.33333333333333,False,,,,,,,,,,1.0,1.0726950354609928,1.032258064516129,1.1,0.95,0.9398783836798744,1.075313453066757,1.0,21.6,1.0295390070921986,2.1399,2.203110521276596,0.0632105212765958,,,
RB,Max Bredeson (44312478),Max Bredeson,44312478,RB/FLEX,4000,MIA@MIN 10/04/2026 04:05PM ET,MIN,0.0,,MIA@MIN,MIA,1,True,,,False,24.5,38.5,-10.5,,,,,,,,,,,,,,,,,,,,,,,,,,,,False,unmodeled,,,,0,True,,,,,,,,,,,0.0,False,,,,,,0.3024,0.05425,2.1399,0.534975,3.5,24.33333333333333,False,,,,,,,,,,1.0,1.0726950354609928,1.032258064516129,1.1,0.95,0.9398783836798744,1.075313453066757,1.0,21.6,1.0295390070921986,2.1399,2.203110521276596,0.0632105212765958,,,
RB,Jerome Ford (44312480),Jerome Ford,44312480,RB/FLEX,4000,MIA@MIN 10/04/2026 04:05PM ET,MIN,0.0,,MIA@MIN,MIA,1,True,,,False,24.5,38.5,-10.5,,,,,,,,,,,,,,,,,,,,,,,,,,,,False,unmodeled,,,,0,True,,,,,,,,,,,0.0,False,,,,,,0.3024,0.05425,2.1399,0.534975,3.5,24.33333333333333,False,,,,,,,,,,1.0,1.0726950354609928,1.032258064516129,1.1,0.95,0.9398783836798744,1.075313453066757,1.0,21.6,1.0295390070921986,2.1399,2.203110521276596,0.0632105212765958,,,
RB,Jarquez Hunter (44312482),Jarquez Hunter,44312482,RB/FLEX,4000,MIA@MIN 10/04/2026 04:05PM ET,MIA,0.0,,MIA@MIN,MIN,0,True,,,False,14.0,38.5,10.5,,,,,,,,,,,,,,,,,,,,,,,,,,,,False,unmodeled,,,,0,True,,,,,,,,,,,0.0,False,,,,,,0.1727999999999999,0.031,1.2227999999999994,0.3056999999999998,2.0,33.0,True,,,,,,,,,,1.0,0.9875886524822696,0.9806451612903224,0.91,1.0,1.0379560612004708,0.9411216536767196,1.0,4.4,0.984017730496454,1.2227999999999994,1.2032568808510633,-0.0195431191489361,,,
RB,DJ Herman (44312484),DJ Herman,44312484,RB/FLEX,4000,MIA@MIN 10/04/2026 04:05PM ET,MIA,0.9,,MIA@MIN,MIN,0,True,,,False,14.0,38.5,10.5,,,,,,,,,,,,,,,,,,,,,,,,,,,,False,unmodeled,,,,0,True,,,,,,,,,,,0.0,False,,,,,,0.1727999999999999,0.031,1.2227999999999994,0.3056999999999998,2.0,33.0,True,,,,,,,,,,1.0,0.9875886524822696,0.9806451612903224,0.91,1.0,1.0379560612004708,0.9411216536767196,1.0,4.4,0.984017730496454,1.2227999999999994,1.2032568808510633,-0.0195431191489361,,,
RB,Carlos Washington Jr. (44312486),Carlos Washington Jr.,44312486,RB/FLEX,4000,MIA@MIN 10/04/2026 04:05PM ET,MIA,0.0,,MIA@MIN,MIN,0,True,,,False,14.0,38.5,10.5,,,,,,,,,,,,,,,,,,,,,,,,,,,,False,unmodeled,,,,0,True,,,,,,,,,,,0.0,False,,,,,,0.1727999999999999,0.031,1.2227999999999994,0.3056999999999998,2.0,33.0,True,,,,,,,,,,1.0,0.9875886524822696,0.9806451612903224,0.91,1.0,1.0379560612004708,0.9411216536767196,1.0,4.4,0.984017730496454,1.2227999999999994,1.2032568808510633,-0.0195431191489361,,,
RB,Bam Knight (44312488),Bam Knight,44312488,RB/FLEX,4000,ARI@NYG 10/04/2026 01:00PM ET,ARI,0.8,,ARI@NYG,NYG,0,True,,,False,22.75,44.5,-1.0,,,,,,,,,,,,,,,,,,,,,,,,,,,,False,unmodeled,,,,0,True,,,,,,,,,,,0.0,False,,,,,,0.2808,0.050375,1.98705,0.4967625,3.25,39.0,False,,,,,,,,,,1.0,0.99822695035461,0.9806451612903224,0.97,1.05,1.037171439780306,1.006184344290071,1.023294117647059,18.8,1.0102865665415104,1.98705,2.0074899220463083,0.0204399220463082,,,
RB,James Conner (44312490),James Conner,44312490,RB/FLEX,4000,ARI@NYG 10/04/2026 01:00PM ET,ARI,0.0,IR,ARI@NYG,NYG,0,True,,IR,True,22.75,44.5,-1.0,,,,,,,,,,,,,,,,,,,,,,,,,,,,False,unmodeled,,,,0,True,,,,,,,,,,,0.0,False,,,,,,0.2808,0.050375,1.98705,0.4967625,3.25,39.0,False,,,,,,,,,,1.0,0.99822695035461,0.9806451612903224,0.97,1.05,1.037171439780306,1.006184344290071,1.023294117647059,18.8,1.0102865665415104,1.98705,2.0074899220463083,0.0204399220463082,,,
RB,Trey Benson (44312492),Trey Benson,44312492,RB/FLEX,4000,ARI@NYG 10/04/2026 01:00PM ET,ARI,0.0,IR,ARI@NYG,NYG,0,True,,IR,True,22.75,44.5,-1.0,,,,,,,,,,,,,,,,,,,,,,,,,,,,False,unmodeled,,,,0,True,,,,,,,,,,,0.0,False,,,,,,0.2808,0.050375,1.98705,0.4967625,3.25,39.0,False,,,,,,,,,,1.0,0.99822695035461,0.9806451612903224,0.97,1.05,1.037171439780306,1.006184344290071,1.023294117647059,18.8,1.0102865665415104,1.98705,2.0074899220463083,0.0204399220463082,,,
RB,Evan Hull (44312494),Evan Hull,44312494,RB/FLEX,4000,ARI@NYG 10/04/2026 01:00PM ET,ARI,0.0,,ARI@NYG,NYG,0,True,,,False,22.75,44.5,-1.0,,,,,,,,,,,,,,,,,,,,,,,,,,,,False,unmodeled,,,,0,True,,,,,,,,,,,0.0,False,,,,,,0.2808,0.050375,1.98705,0.4967625,3.25,39.0,False,,,,,,,,,,1.0,0.99822695035461,0.9806451612903224,0.97,1.05,1.037171439780306,1.006184344290071,1.023294117647059,18.8,1.0102865665415104,1.98705,2.0074899220463083,0.0204399220463082,,,
RB,Grant Finley (44312496),Grant Finley,44312496,RB/FLEX,4000,ARI@NYG 10/04/2026 01:00PM ET,NYG,0.0,,ARI@NYG,ARI,1,True,,,False,21.75,44.5,1.0,,,,,,,,,,,,,,,,,,,,,,,,,,,,False,unmodeled,,,,0,True,,,,,,,,,,,0.0,False,,,,,,0.2684571428571428,0.0481607142857142,1.899707142857142,0.4749267857142855,3.107142857142857,33.0,True,,,,,,,,,,1.0,1.0797872340425532,1.032258064516129,1.06,1.05,1.0638485680659082,1.1,1.0,11.0,1.0249574468085108,1.899707142857142,1.947118982826747,0.047411839969605,,,
RB,Patrick Ricard (44312498),Patrick Ricard,44312498,RB/FLEX,4000,ARI@NYG 10/04/2026 01:00PM ET,NYG,0.0,,ARI@NYG,ARI,1,True,,,False,21.75,44.5,1.0,,,,,,,,,,,,,,,,,,,,,,,,,,,,False,unmodeled,,,,0,True,,,,,,,,,,,0.0,False,,,,,,0.2684571428571428,0.0481607142857142,1.899707142857142,0.4749267857142855,3.107142857142857,33.0,True,,,,,,,,,,1.0,1.0797872340425532,1.032258064516129,1.06,1.05,1.0638485680659082,1.1,1.0,11.0,1.0249574468085108,1.899707142857142,1.947118982826747,0.047411839969605,,,
RB,Phil Mafah (44312500),Phil Mafah,44312500,RB/FLEX,4000,ARI@NYG 10/04/2026 01:00PM ET,NYG,0.0,,ARI@NYG,ARI,1,True,,,False,21.75,44.5,1.0,,,,,,,,,,,,,,,,,,,,,,,,,,,,False,unmodeled,,,,0,True,,,,,,,,,,,0.0,False,,,,,,0.2684571428571428,0.0481607142857142,1.899707142857142,0.4749267857142855,3.107142857142857,33.0,True,,,,,,,,,,1.0,1.0797872340425532,1.032258064516129,1.06,1.05,1.0638485680659082,1.1,1.0,11.0,1.0249574468085108,1.899707142857142,1.947118982826747,0.047411839969605,,,
RB,Dameon Pierce (44312502),Dameon Pierce,44312502,RB/FLEX,4000,LAR@PHI 10/04/2026 01:00PM ET,PHI,0.0,,LAR@PHI,LAR,1,True,,,False,20.5,44.0,3.0,,,,,,,,,,,,,,,,,,,,,,,,,,,,False,unmodeled,,,,0,True,,,,,,,,,,,0.0,False,,,,,,0.2530285714285714,0.0453928571428571,1.7905285714285708,0.4476321428571427,2.9285714285714284,33.0,True,,,,,,,,,,1.0,0.9343971631205674,0.9290322580645162,1.09,0.95,0.9916633974107494,0.9065570992883768,1.0,21.8,1.0003794326241136,1.7905285714285708,1.791207956382978,0.0006793849544073,,,
RB,Carson Steele (44312504),Carson Steele,44312504,RB/FLEX,4000,LAR@PHI 10/04/2026 01:00PM ET,PHI,0.0,,LAR@PHI,LAR,1,True,,,False,20.5,44.0,3.0,,,,,,,,,,,,,,,,,,,,,,,,,,,,False,unmodeled,,,,0,True,,,,,,,,,,,0.0,False,,,,,,0.2530285714285714,0.0453928571428571,1.7905285714285708,0.4476321428571427,2.9285714285714284,33.0,True,,,,,,,,,,1.0,0.9343971631205674,0.9290322580645162,1.09,0.95,0.9916633974107494,0.9065570992883768,1.0,21.8,1.0003794326241136,1.7905285714285708,1.791207956382978,0.0006793849544073,,,
RB,Jaydon Blue (44312506),Jaydon Blue,44312506,RB/FLEX,4000,LAR@PHI 10/04/2026 01:00PM ET,PHI,0.0,,LAR@PHI,LAR,1,True,,,False,20.5,44.0,3.0,,,,,,,,,,,,,,,,,,,,,,,,,,,,False,unmodeled,,,,0,True,,,,,,,,,,,0.0,False,,,,,,0.2530285714285714,0.0453928571428571,1.7905285714285708,0.4476321428571427,2.9285714285714284,33.0,True,,,,,,,,,,1.0,0.9343971631205674,0.9290322580645162,1.09,0.95,0.9916633974107494,0.9065570992883768,1.0,21.8,1.0003794326241136,1.7905285714285708,1.791207956382978,0.0006793849544073,,,
RB,Dean Connors (44312508),Dean Connors,44312508,RB/FLEX,4000,LAR@PHI 10/04/2026 01:00PM ET,LAR,0.0,,LAR@PHI,PHI,0,True,,,False,23.5,44.0,-3.0,,,,,,,,,,,,,,,,,,,,,,,,,,,,False,unmodeled,,,,0,True,,,,,,,,,,,0.0,False,,,,,,0.2900571428571428,0.0520357142857142,2.052557142857142,0.5131392857142855,3.357142857142857,37.0,False,,,,,,,,,,1.0,0.9911347517730495,1.0064516129032255,1.09,1.1,1.0324637112593174,0.9,1.0,22.0,1.01172695035461,2.052557142857142,2.076627378571428,0.0240702357142859,,,
RB,Ronnie Rivers (44312510),Ronnie Rivers,44312510,RB/FLEX,4000,LAR@PHI 10/04/2026 01:00PM ET,LAR,1.7,IR,LAR@PHI,PHI,0,True,,IR,True,23.5,44.0,-3.0,,,,,,,,,,,,,,,,,,,,,,,,,,,,False,unmodeled,,,,0,True,,,,,,,,,,,0.0,False,,,,,,0.2900571428571428,0.0520357142857142,2.052557142857142,0.5131392857142855,3.357142857142857,37.0,False,,,,,,,,,,1.0,0.9911347517730495,1.0064516129032255,1.09,1.1,1.0324637112593174,0.9,1.0,22.0,1.01172695035461,2.052557142857142,2.076627378571428,0.0240702357142859,,,
RB,Jordan Waters (44312512),Jordan Waters,44312512,RB/FLEX,4000,LAR@PHI 10/04/2026 01:00PM ET,LAR,0.0,,LAR@PHI,PHI,0,True,,,False,23.5,44.0,-3.0,,,,,,,,,,,,,,,,,,,,,,,,,,,,False,unmodeled,,,,0,True,,,,,,,,,,,0.0,False,,,,,,0.2900571428571428,0.0520357142857142,2.052557142857142,0.5131392857142855,3.357142857142857,37.0,False,,,,,,,,,,1.0,0.9911347517730495,1.0064516129032255,1.09,1.1,1.0324637112593174,0.9,1.0,22.0,1.01172695035461,2.052557142857142,2.076627378571428,0.0240702357142859,,,
RB,Rasheen Ali (44312514),Rasheen Ali,44312514,RB/FLEX,4000,TEN@BAL 10/04/2026 01:00PM ET,BAL,0.0,,TEN@BAL,TEN,1,True,,,False,27.5,43.5,-11.5,,,,,,,,,,,,,,,,,,,,,,,,,,,,False,unmodeled,,,,0,True,,,,,,,,,,,0.0,False,,,,,,0.3394285714285713,0.0608928571428571,2.40192857142857,0.6004821428571425,3.928571428571429,33.0,True,,,,,,,,,,1.0,1.00531914893617,1.032258064516129,1.0,1.0,1.0159866614358573,0.9004574720433751,1.0,12.6,1.001063829787234,2.40192857142857,2.4044838145896645,0.0025552431610944,,,
RB,Adam Randall (44312516),Adam Randall,44312516,RB/FLEX,4000,TEN@BAL 10/04/2026 01:00PM ET,BAL,0.0,IR,TEN@BAL,TEN,1,True,,IR,True,27.5,43.5,-11.5,,,,,,,,,,,,,,,,,,,,,,,,,,,,False,unmodeled,,,,0,True,,,,,,,,,,,0.0,False,,,,,,0.3394285714285713,0.0608928571428571,2.40192857142857,0.6004821428571425,3.928571428571429,33.0,True,,,,,,,,,,1.0,1.00531914893617,1.032258064516129,1.0,1.0,1.0159866614358573,0.9004574720433751,1.0,12.6,1.001063829787234,2.40192857142857,2.4044838145896645,0.0025552431610944,,,
RB,Jonathan Ward (44312518),Jonathan Ward,44312518,RB/FLEX,4000,TEN@BAL 10/04/2026 01:00PM ET,BAL,0.0,,TEN@BAL,TEN,1,True,,,False,27.5,43.5,-11.5,,,,,,,,,,,,,,,,,,,,,,,,,,,,False,unmodeled,,,,0,True,,,,,,,,,,,0.0,False,,,,,,0.3394285714285713,0.0608928571428571,2.40192857142857,0.6004821428571425,3.928571428571429,33.0,True,,,,,,,,,,1.0,1.00531914893617,1.032258064516129,1.0,1.0,1.0159866614358573,0.9004574720433751,1.0,12.6,1.001063829787234,2.40192857142857,2.4044838145896645,0.0025552431610944,,,
RB,Nick Singleton (44312520),Nick Singleton,44312520,RB/FLEX,4000,TEN@BAL 10/04/2026 01:00PM ET,TEN,0.5,,TEN@BAL,BAL,0,True,,,False,16.0,43.5,11.5,,,,,,,,,,,,,,,,,,,,,,,,,,,,False,unmodeled,,,,0,True,,,,,,,,,,,0.0,False,,,,,,0.1974857142857142,0.0354285714285714,1.3974857142857136,0.3493714285714284,2.2857142857142856,33.0,True,,,,,,,,,,1.0,0.9946808510638298,1.0064516129032255,1.03,1.05,1.048156139662613,1.006184344290071,0.992235294117647,14.5,0.9983891113892366,1.3974857142857136,1.3952345204648662,-0.0022511938208473,,,
RB,Michael Carter (44312522),Michael Carter,44312522,RB/FLEX,4000,TEN@BAL 10/04/2026 01:00PM ET,TEN,0.0,,TEN@BAL,BAL,0,True,,,False,16.0,43.5,11.5,,,,,,,,,,,,,,,,,,,,,,,,,,,,False,unmodeled,,,,0,True,,,,,,,,,,,0.0,False,,,,,,0.1974857142857142,0.0354285714285714,1.3974857142857136,0.3493714285714284,2.2857142857142856,33.0,True,,,,,,,,,,1.0,0.9946808510638298,1.0064516129032255,1.03,1.05,1.048156139662613,1.006184344290071,0.992235294117647,14.5,0.9983891113892366,1.3974857142857136,1.3952345204648662,-0.0022511938208473,,,
RB,Julius Chestnut (44312524),Julius Chestnut,44312524,RB/FLEX,4000,TEN@BAL 10/04/2026 01:00PM ET,TEN,0.0,,TEN@BAL,BAL,0,True,,,False,16.0,43.5,11.5,,,,,,,,,,,,,,,,,,,,,,,,,,,,False,unmodeled,,,,0,True,,,,,,,,,,,0.0,False,,,,,,0.1974857142857142,0.0354285714285714,1.3974857142857136,0.3493714285714284,2.2857142857142856,33.0,True,,,,,,,,,,1.0,0.9946808510638298,1.0064516129032255,1.03,1.05,1.048156139662613,1.006184344290071,0.992235294117647,14.5,0.9983891113892366,1.3974857142857136,1.3952345204648662,-0.0022511938208473,,,
RB,Kalel Mullings (44312526),Kalel Mullings,44312526,RB/FLEX,4000,TEN@BAL 10/04/2026 01:00PM ET,TEN,0.0,,TEN@BAL,BAL,0,True,,,False,16.0,43.5,11.5,,,,,,,,,,,,,,,,,,,,,,,,,,,,False,unmodeled,,,,0,True,,,,,,,,,,,0.0,False,,,,,,0.1974857142857142,0.0354285714285714,1.3974857142857136,0.3493714285714284,2.2857142857142856,33.0,True,,,,,,,,,,1.0,0.9946808510638298,1.0064516129032255,1.03,1.05,1.048156139662613,1.006184344290071,0.992235294117647,14.5,0.9983891113892366,1.3974857142857136,1.3952345204648662,-0.0022511938208473,,,
RB,Sean Tucker (44312528),Sean Tucker,44312528,RB/FLEX,4000,GB@TB 10/04/2026 01:00PM ET,TB,0.0,,GB@TB,GB,1,True,,,False,17.75,39.5,4.0,,,,,,,,,,,,,,,,,,,,,,,,,,,,False,unmodeled,,,,0,True,,,,,,,,,,,0.0,False,,,,,,0.2190857142857142,0.0393035714285714,1.5503357142857137,0.3875839285714283,2.5357142857142856,33.0,True,,,,,,,,,,1.0,1.0088652482269502,0.9290322580645162,0.97,1.0,1.0403099254609651,0.9838190443917316,1.0,13.5,0.99727304964539,1.5503357142857137,1.5461080257598778,-0.0042276885258358,,,
RB,Josh Williams (44312530),Josh Williams,44312530,RB/FLEX,4000,GB@TB 10/04/2026 01:00PM ET,TB,0.0,,GB@TB,GB,1,True,,,False,17.75,39.5,4.0,,,,,,,,,,,,,,,,,,,,,,,,,,,,False,unmodeled,,,,0,True,,,,,,,,,,,0.0,False,,,,,,0.2190857142857142,0.0393035714285714,1.5503357142857137,0.3875839285714283,2.5357142857142856,33.0,True,,,,,,,,,,1.0,1.0088652482269502,0.9290322580645162,0.97,1.0,1.0403099254609651,0.9838190443917316,1.0,13.5,0.99727304964539,1.5503357142857137,1.5461080257598778,-0.0042276885258358,,,
RB,Pierre Strong Jr. (44312532),Pierre Strong Jr.,44312532,RB/FLEX,4000,GB@TB 10/04/2026 01:00PM ET,GB,0.0,Q,GB@TB,TB,0,True,,Q,True,21.75,39.5,-4.0,,,,,,,,,,,,,,,,,,,,,,,,,,,,False,unmodeled,,,,0,True,,,,,,,,,,,0.0,False,,,,,,0.2684571428571428,0.0481607142857142,1.899707142857142,0.4749267857142855,3.107142857142857,41.333333333333336,False,,,,,,,,,,1.0,0.99822695035461,1.0064516129032255,1.0,1.0,0.9649862691251472,1.0712470349034224,1.0,30.5,0.999645390070922,1.899707142857142,1.8990334878419444,-0.0006736550151975,,,
RB,Damon Bankston (44312534),Damon Bankston,44312534,RB/FLEX,4000,GB@TB 10/04/2026 01:00PM ET,GB,0.0,,GB@TB,TB,0,True,,,False,21.75,39.5,-4.0,,,,,,,,,,,,,,,,,,,,,,,,,,,,False,unmodeled,,,,0,True,,,,,,,,,,,0.0,False,,,,,,0.2684571428571428,0.0481607142857142,1.899707142857142,0.4749267857142855,3.107142857142857,41.333333333333336,False,,,,,,,,,,1.0,0.99822695035461,1.0064516129032255,1.0,1.0,0.9649862691251472,1.0712470349034224,1.0,30.5,0.999645390070922,1.899707142857142,1.8990334878419444,-0.0006736550151975,,,
RB,LeQuint Allen Jr. (44312536),LeQuint Allen Jr.,44312536,RB/FLEX,4000,JAX@CIN 10/04/2026 01:00PM ET,JAX,1.0,,JAX@CIN,CIN,0,True,,,False,24.5,51.5,2.5,,,,,,,,,,,,,,,,,,,,,,,,,,,,False,unmodeled,,,,0,True,,,,,,,,,,,0.0,False,,,,,,0.3024,0.05425,2.1399,0.534975,3.5,33.0,True,,,,,,,,,,1.0,1.0088652482269502,1.1,0.9,1.05,0.9916633974107494,1.1,1.0,21.5,0.98677304964539,2.1399,2.1115956489361705,-0.0283043510638294,,,
RB,Ameer Abdullah (44312538),Ameer Abdullah,44312538,RB/FLEX,4000,JAX@CIN 10/04/2026 01:00PM ET,JAX,2.2,,JAX@CIN,CIN,0,True,,,False,24.5,51.5,2.5,,,,,,,,,,,,,,,,,,,,,,,,,,,,False,unmodeled,,,,0,True,,,,,,,,,,,0.0,False,,,,,,0.3024,0.05425,2.1399,0.534975,3.5,33.0,True,,,,,,,,,,1.0,1.0088652482269502,1.1,0.9,1.05,0.9916633974107494,1.1,1.0,21.5,0.98677304964539,2.1399,2.1115956489361705,-0.0283043510638294,,,
RB,J'Mari Taylor (44312540),J'Mari Taylor,44312540,RB/FLEX,4000,JAX@CIN 10/04/2026 01:00PM ET,JAX,0.0,,JAX@CIN,CIN,0,True,,,False,24.5,51.5,2.5,,,,,,,,,,,,,,,,,,,,,,,,,,,,False,unmodeled,,,,0,True,,,,,,,,,,,0.0,False,,,,,,0.3024,0.05425,2.1399,0.534975,3.5,33.0,True,,,,,,,,,,1.0,1.0088652482269502,1.1,0.9,1.05,0.9916633974107494,1.1,1.0,21.5,0.98677304964539,2.1399,2.1115956489361705,-0.0283043510638294,,,
RB,Tahj Brooks (44312542),Tahj Brooks,44312542,RB/FLEX,4000,JAX@CIN 10/04/2026 01:00PM ET,CIN,0.0,,JAX@CIN,JAX,1,True,,,False,27.0,51.5,-2.5,,,,,,,,,,,,,,,,,,,,,,,,,,,,False,unmodeled,,,,0,True,,,,,,,,,,,0.0,False,,,,,,0.3332571428571428,0.0597857142857142,2.358257142857142,0.5895642857142855,3.857142857142857,34.333333333333336,False,,,,,,,,,,1.0,0.99822695035461,0.9806451612903224,1.06,0.9,1.0018634758728913,0.908590308370044,1.0,18.5,1.008645390070922,2.358257142857142,2.37864519574468,0.0203880528875379,,,
RB,Kendall Milton (44312544),Kendall Milton,44312544,RB/FLEX,4000,JAX@CIN 10/04/2026 01:00PM ET,CIN,0.0,,JAX@CIN,JAX,1,True,,,False,27.0,51.5,-2.5,,,,,,,,,,,,,,,,,,,,,,,,,,,,False,unmodeled,,,,0,True,,,,,,,,,,,0.0,False,,,,,,0.3332571428571428,0.0597857142857142,2.358257142857142,0.5895642857142855,3.857142857142857,34.333333333333336,False,,,,,,,,,,1.0,0.99822695035461,0.9806451612903224,1.06,0.9,1.0018634758728913,0.908590308370044,1.0,18.5,1.008645390070922,2.358257142857142,2.37864519574468,0.0203880528875379,,,
RB,Kentrel Bullock (44312546),Kentrel Bullock,44312546,RB/FLEX,4000,JAX@CIN 10/04/2026 01:00PM ET,CIN,0.0,,JAX@CIN,JAX,1,True,,,False,27.0,51.5,-2.5,,,,,,,,,,,,,,,,,,,,,,,,,,,,False,unmodeled,,,,0,True,,,,,,,,,,,0.0,False,,,,,,0.3332571428571428,0.0597857142857142,2.358257142857142,0.5895642857142855,3.857142857142857,34.333333333333336,False,,,,,,,,,,1.0,0.99822695035461,0.9806451612903224,1.06,0.9,1.0018634758728913,0.908590308370044,1.0,18.5,1.008645390070922,2.358257142857142,2.37864519574468,0.0203880528875379,,,
RB,Corey Kiner (44312548),Corey Kiner,44312548,RB/FLEX,4000,NE@BUF 10/04/2026 01:00PM ET,NE,1.6,,NE@BUF,BUF,0,True,,,False,21.0,48.5,6.5,,,,,,,,,,,,,,,,,,,,,,,,,,,,False,unmodeled,,,,0,True,,,,,,,,,,,0.0,False,,,,,,0.2592,0.0465,1.8342,0.45855,3.0,33.0,True,,,,,,,,,,1.0,1.0159574468085106,1.1,0.91,1.05,1.0622793252255789,0.9634869535750592,1.0,12.6,0.989691489361702,1.8342,1.8152921297872344,-0.0189078702127658,,,
RB,Myles Montgomery (44312550),Myles Montgomery,44312550,RB/FLEX,4000,NE@BUF 10/04/2026 01:00PM ET,NE,0.0,IR,NE@BUF,BUF,0,True,,IR,True,21.0,48.5,6.5,,,,,,,,,,,,,,,,,,,,,,,,,,,,False,unmodeled,,,,0,True,,,,,,,,,,,0.0,False,,,,,,0.2592,0.0465,1.8342,0.45855,3.0,33.0,True,,,,,,,,,,1.0,1.0159574468085106,1.1,0.91,1.05,1.0622793252255789,0.9634869535750592,1.0,12.6,0.989691489361702,1.8342,1.8152921297872344,-0.0189078702127658,,,
RB,Lan Larison (44312552),Lan Larison,44312552,RB/FLEX,4000,NE@BUF 10/04/2026 01:00PM ET,NE,2.9,,NE@BUF,BUF,0,True,,,False,21.0,48.5,6.5,,,,,,,,,,,,,,,,,,,,,,,,,,,,False,unmodeled,,,,0,True,,,,,,,,,,,0.0,False,,,,,,0.2592,0.0465,1.8342,0.45855,3.0,33.0,True,,,,,,,,,,1.0,1.0159574468085106,1.1,0.91,1.05,1.0622793252255789,0.9634869535750592,1.0,12.6,0.989691489361702,1.8342,1.8152921297872344,-0.0189078702127658,,,
RB,Reggie Gilliam (44312554),Reggie Gilliam,44312554,RB/FLEX,4000,NE@BUF 10/04/2026 01:00PM ET,NE,0.5,,NE@BUF,BUF,0,True,,,False,21.0,48.5,6.5,,,,,,,,,,,,,,,,,,,,,,,,,,,,False,unmodeled,,,,0,True,,,,,,,,,,,0.0,False,,,,,,0.2592,0.0465,1.8342,0.45855,3.0,33.0,True,,,,,,,,,,1.0,1.0159574468085106,1.1,0.91,1.05,1.0622793252255789,0.9634869535750592,1.0,12.6,0.989691489361702,1.8342,1.8152921297872344,-0.0189078702127658,,,
RB,Frank Gore Jr. (44312556),Frank Gore Jr.,44312556,RB/FLEX,4000,NE@BUF 10/04/2026 01:00PM ET,BUF,0.2,,NE@BUF,NE,1,True,,,False,27.5,48.5,-6.5,,,,,,,,,,,,,,,,,,,,,,,,,,,,False,unmodeled,,,,0,True,,,,,,,,,,,0.0,False,,,,,,0.3394285714285713,0.0608928571428571,2.40192857142857,0.6004821428571425,3.928571428571429,28.666666666666668,False,,,,,,,,,,1.0,0.9663120567375888,0.9290322580645162,0.97,1.0,1.0159866614358573,0.9,1.0,30.4,0.9887624113475176,2.40192857142857,2.3749366861702117,-0.0269918852583588,,,
RB,Brock Lampe (44312558),Brock Lampe,44312558,RB/FLEX,4000,NE@BUF 10/04/2026 01:00PM ET,BUF,0.0,,NE@BUF,NE,1,True,,,False,27.5,48.5,-6.5,,,,,,,,,,,,,,,,,,,,,,,,,,,,False,unmodeled,,,,0,True,,,,,,,,,,,0.0,False,,,,,,0.3394285714285713,0.0608928571428571,2.40192857142857,0.6004821428571425,3.928571428571429,28.666666666666668,False,,,,,,,,,,1.0,0.9663120567375888,0.9290322580645162,0.97,1.0,1.0159866614358573,0.9,1.0,30.4,0.9887624113475176,2.40192857142857,2.3749366861702117,-0.0269918852583588,,,
RB,Demond Claiborne (44312560),Demond Claiborne,44312560,RB/FLEX,4000,MIA@MIN 10/04/2026 04:05PM ET,MIN,0.7,,MIA@MIN,MIA,1,True,,,False,24.5,38.5,-10.5,,,,,,,,,,,,,,,,,,,,,,,,,,,,False,unmodeled,,,,0,True,,,,,,,,,,,0.0,False,,,,,,0.3024,0.05425,2.1399,0.534975,3.5,24.33333333333333,False,,,,,,,,,,1.0,1.0726950354609928,1.032258064516129,1.1,0.95,0.9398783836798744,1.075313453066757,1.0,21.6,1.0295390070921986,2.1399,2.203110521276596,0.0632105212765958,,,
WR,Malachi Fields (44312662),Malachi Fields,44312662,WR/FLEX,4000,ARI@NYG 10/04/2026 01:00PM ET,NYG,4.5,,ARI@NYG,ARI,1,True,,,False,21.75,44.5,1.0,,,,,,,,,,,,,,,,,,,,,,,,,,,,False,unmodeled,,,,0,True,,,,,,,,,,,21.75,True,,,,,,0.0,0.174,1.044,0.261,3.107142857142857,33.0,True,,,,,,,,,,1.0,1.0797872340425532,1.032258064516129,1.06,1.05,1.0638485680659082,1.1,1.0,11.0,1.0611302770435227,1.044,1.1078200092334378,0.0638200092334377,,,
WR,Mack Hollins (44312664),Mack Hollins,44312664,WR/FLEX,4000,NE@BUF 10/04/2026 01:00PM ET,NE,9.2,,NE@BUF,BUF,0,True,,,False,21.0,48.5,6.5,,,,,,,,,,,,,,,,,,,,,,,,,,,,False,unmodeled,ROLE_EXPANSION,A.J. Brown out; current report cites team-high 19.5% target share,https://www.nfl.com/news/2026-nfl-fantasy-football-waiver-wire-week-4-te-juwan-johnson-rb-braelon-allen-headline-targets,4,True,A.J. Brown OUT,7.0,targets,0.75,8.2,,0.3,,,https://www.fantasyoutsiders.com/usage,50.0,True,,9.7812,6.455592,,80.20584,0.0,0.2646,16.063775999999997,4.015943999999999,3.0,33.0,True,,,,,,,,,,1.0,1.0159574468085106,1.1,0.91,1.05,1.0622793252255789,0.9634869535750592,1.0,12.6,1.043015058053638,16.063775999999997,16.754760257200637,0.6909842572006397,,,
WR,Keon Coleman (44312666),Keon Coleman,44312666,WR/FLEX,4000,NE@BUF 10/04/2026 01:00PM ET,BUF,6.0,,NE@BUF,NE,1,True,,,False,27.5,48.5,-6.5,,,,,,,,,,,,,,,,,,,,,,,,,,,,False,unmodeled,,,,0,True,,,,,,,,,,,27.5,True,,,,,,0.0,0.2199999999999999,1.3199999999999994,0.3299999999999998,3.928571428571429,28.666666666666668,False,,,,,,,,,,1.0,0.9663120567375888,0.9290322580645162,0.97,1.0,1.0159866614358573,0.9,1.0,30.4,0.981578463443436,1.3199999999999994,1.295683571745335,-0.0243164282546644,,,
TE,Kenyon Sadiq (44313042),Kenyon Sadiq,44313042,TE/FLEX,4000,NYJ@CHI 10/04/2026 01:00PM ET,NYJ,13.9,,NYJ@CHI,CHI,0,True,,,False,20.0,43.0,3.0,,,,,,,,,,,,,,,,,,,,,,,,,,,,False,unmodeled,BREAKOUT_USAGE,"Week 3: 8 targets, 7 catches, 105 yards, TD",https://www.nfl.com/news/2026-nfl-fantasy-football-waiver-wire-week-4-te-juwan-johnson-rb-braelon-allen-headline-targets,4,True,Post-breakout role,5.5,targets,0.55,8.0,,0.22,,,https://www.fantasyoutsiders.com/usage,43.4,True,,7.1148,4.909211999999999,,51.226560000000006,0.0,0.1848,11.140668,2.785167,2.857142857142857,33.0,True,,,,,,,,,,1.0,1.0265957446808511,1.0064516129032255,0.97,0.95,0.9681247548058062,0.969586580820061,1.044,43.4,0.9875667169115688,11.140668,11.002152920961777,-0.1385150790382248,,,
DST,Vikings (44313308),Vikings,44313308,DST,4000,MIA@MIN 10/04/2026 04:05PM ET,MIN,14.0,,MIA@MIN,MIA,1,True,,,False,24.5,38.5,-10.5,,,,,,,,,,,,,,,,,,,,,,,,,,,,False,unmodeled,,,,0,False,,,,,,,,,,,0.0,False,,,,,,,,,,3.5,24.33333333333333,False,,,,,,,,,,1.0,1.0726950354609928,1.032258064516129,1.1,0.95,0.9398783836798744,1.075313453066757,1.0,21.6,1.0,,,,,,
WR,Jalen McMillan (44312668),Jalen McMillan,44312668,WR/FLEX,3900,GB@TB 10/04/2026 01:00PM ET,TB,0.0,OUT,GB@TB,GB,1,True,,OUT,True,17.75,39.5,4.0,,,,,,,,,,,,,,,,,,,,,,,,,,,,False,unmodeled,,,,0,False,,,,,,,,,,,17.75,False,,,,,,0.0,0.142,0.8519999999999999,0.2184615384615384,2.5357142857142856,33.0,True,,,,,,,,,,1.0,1.0088652482269502,0.9290322580645162,0.97,1.0,1.0403099254609651,0.9838190443917316,1.0,13.5,1.003162230127075,0.8519999999999999,0.8546942200682678,0.0026942200682679,,,
WR,Caleb Douglas (44312670),Caleb Douglas,44312670,WR/FLEX,3900,MIA@MIN 10/04/2026 04:05PM ET,MIA,9.2,Q,MIA@MIN,MIN,0,True,,Q,True,14.0,38.5,10.5,,,,,,,,,,,,,,,,,,,,,,,,,,,,False,unmodeled,,,,0,False,,,,,,,,,,,14.0,False,,,,,,0.0,0.1119999999999999,0.6719999999999995,0.1723076923076922,2.0,33.0,True,,,,,,,,,,1.0,0.9875886524822696,0.9806451612903224,0.91,1.0,1.0379560612004708,0.9411216536767196,1.0,4.4,1.0011064229188438,0.6719999999999995,0.6727435162014626,0.000743516201463,,,
WR,Rashid Shaheed (44312672),Rashid Shaheed,44312672,WR/FLEX,3900,LAC@SEA 10/04/2026 04:25PM ET,SEA,3.9,,LAC@SEA,LAC,1,True,,,False,25.0,43.0,-7.0,,,,,,,,,,,,,,,,,,,,,,,,,,,,False,unmodeled,,,,0,False,,,,,,,,,,,25.0,True,,,,,,0.0,0.2,1.2000000000000002,0.3076923076923077,3.571428571428572,33.0,True,,,,,,,,,,1.0,1.033687943262411,1.032258064516129,0.97,0.95,1.0159866614358573,1.0082175533717384,1.0,12.1,1.0190675963649645,1.2000000000000002,1.2228811156379575,0.0228811156379573,,,
WR,Darnell Mooney (44312674),Darnell Mooney,44312674,WR/FLEX,3800,ARI@NYG 10/04/2026 01:00PM ET,NYG,5.5,,ARI@NYG,ARI,1,True,,,False,21.75,44.5,1.0,,,,,,,,,,,,,,,,,,,,,,,,,,,,False,unmodeled,,,,0,False,,,,,,,,,,,21.75,True,,,,,,0.0,0.174,1.044,0.2747368421052631,3.107142857142857,33.0,True,,,,,,,,,,1.0,1.0797872340425532,1.032258064516129,1.06,1.05,1.0638485680659082,1.1,1.0,11.0,1.0611302770435227,1.044,1.1078200092334378,0.0638200092334377,,,
WR,Jauan Jennings (44312676),Jauan Jennings,44312676,WR/FLEX,3800,MIA@MIN 10/04/2026 04:05PM ET,MIN,0.6,,MIA@MIN,MIA,1,True,,,False,24.5,38.5,-10.5,,,,,,,,,,,,,,,,,,,,,,,,,,,,False,unmodeled,,,,0,False,,,,,,,,,,,24.5,True,,,,,,0.0,0.196,1.1760000000000002,0.3094736842105263,3.5,24.33333333333333,False,,,,,,,,,,1.0,1.0726950354609928,1.032258064516129,1.1,0.95,0.9398783836798744,1.075313453066757,1.0,21.6,1.0075706444244177,1.1760000000000002,1.184903077843115,0.0089030778431149,,,
WR,Ryan Flournoy (44312678),Ryan Flournoy,44312678,WR/FLEX,3800,DAL@HOU 10/04/2026 01:00PM ET,DAL,5.2,,DAL@HOU,HOU,0,True,,,False,22.5,47.5,2.5,,,,,,,,,,,,,,,,,,,,,,,,,,,,False,unmodeled,,,,0,False,,,,,,,,,,,22.5,True,,,,,,0.0,0.18,1.08,0.2842105263157895,3.2142857142857144,35.0,False,,,,,,,,,,1.0,1.0372340425531914,1.1,0.9,1.05,1.071694782267556,1.0387156895967469,1.0,9.9,1.051571162658698,1.08,1.135696855671394,0.0556968556713939,,,
DST,Ravens (44313309),Ravens,44313309,DST,3800,TEN@BAL 10/04/2026 01:00PM ET,BAL,4.3,,TEN@BAL,TEN,1,True,,,False,27.5,43.5,-11.5,,,,,,,,,,,,,,,,,,,,,,,,,,,,False,unmodeled,,,,0,False,,,,,,,,,,,0.0,False,,,,,,,,,,3.928571428571429,33.0,True,,,,,,,,,,1.0,1.00531914893617,1.032258064516129,1.0,1.0,1.0159866614358573,0.9004574720433751,1.0,12.6,1.0,,,,,,
WR,Calvin Ridley (44312680),Calvin Ridley,44312680,WR/FLEX,3700,TEN@BAL 10/04/2026 01:00PM ET,TEN,1.8,,TEN@BAL,BAL,0,True,,,False,16.0,43.5,11.5,,,,,,,,,,,,,,,,,,,,,,,,,,,,False,unmodeled,,,,0,False,,,,,,,,,,,16.0,False,,,,,,0.0,0.128,0.768,0.2075675675675675,2.2857142857142856,33.0,True,,,,,,,,,,1.0,0.9946808510638298,1.0064516129032255,1.03,1.05,1.048156139662613,1.006184344290071,0.992235294117647,14.5,1.0246307981947784,0.768,0.7869164530135898,0.0189164530135897,,,
WR,Chris Bell (44312682),Chris Bell,44312682,WR/FLEX,3700,MIA@MIN 10/04/2026 04:05PM ET,MIA,4.7,,MIA@MIN,MIN,0,True,,,False,14.0,38.5,10.5,,,,,,,,,,,,,,,,,,,,,,,,,,,,False,unmodeled,,,,0,False,,,,,,,,,,,14.0,False,,,,,,0.0,0.1119999999999999,0.6719999999999995,0.1816216216216215,2.0,33.0,True,,,,,,,,,,1.0,0.9875886524822696,0.9806451612903224,0.91,1.0,1.0379560612004708,0.9411216536767196,1.0,4.4,1.0011064229188438,0.6719999999999995,0.6727435162014626,0.000743516201463,,,
WR,Marvin Mims Jr. (44312684),Marvin Mims Jr.,44312684,WR/FLEX,3700,DEN@SF 10/04/2026 04:25PM ET,DEN,0.0,Q,DEN@SF,SF,0,True,,Q,True,22.0,46.5,2.5,,,,,,,,,,,,,,,,,,,,,,,,,,,,False,unmodeled,,,,0,False,,,,,,,,,,,22.0,True,,,,,,0.0,0.176,1.056,0.2854054054054054,3.142857142857143,31.0,False,,,,,,,,,,1.0,0.9911347517730495,0.9806451612903224,1.1,1.05,0.9704786190663004,0.9817858353100644,1.0,7.1,0.9906280987811622,1.056,1.0461032723129071,-0.0098967276870927,,,
WR,Kalif Raymond (44312686),Kalif Raymond,44312686,WR/FLEX,3600,NYJ@CHI 10/04/2026 01:00PM ET,CHI,12.7,,NYJ@CHI,NYJ,1,True,,,False,23.0,43.0,-3.0,,,,,,,,,,,,,,,,,,,,,,,,,,,,False,unmodeled,,,,0,False,,,,,,,,,,,23.0,True,,,,,,0.0,0.1839999999999999,1.1039999999999994,0.3066666666666665,3.2857142857142856,32.666666666666664,False,,,,,,,,,,1.0,0.9627659574468084,0.9032258064516128,0.94,1.1,0.968909376225971,0.9126567265333784,1.0,20.2,0.9513458699537116,1.1039999999999994,1.050285840428897,-0.0537141595711023,,,
WR,Brandin Cooks (44312688),Brandin Cooks,44312688,WR/FLEX,3600,DEN@SF 10/04/2026 04:25PM ET,SF,0.0,,DEN@SF,DEN,1,True,,,False,24.5,46.5,-2.5,,,,,,,,,,,,,,,,,,,,,,,,,,,,False,unmodeled,,,,0,False,,,,,,,,,,,24.5,True,,,,,,0.0,0.196,1.1760000000000002,0.3266666666666667,3.5,33.0,True,,,,,,,,,,1.0,0.9946808510638298,1.0838709677419356,0.94,0.9,0.9728324833267948,1.0549813622500848,1.0,23.0,0.9972190238114024,1.1760000000000002,1.1727295720022093,-0.0032704279977908,,,
WR,Jalen Nailor (44312690),Jalen Nailor,44312690,WR/FLEX,3600,KC@LV 10/04/2026 04:25PM ET,LV,3.4,,KC@LV,KC,1,True,,,False,21.5,47.5,4.5,,,,,,,,,,,,,,,,,,,,,,,,,,,,False,unmodeled,,,,0,False,,,,,,,,,,,21.5,True,,,,,,0.0,0.172,1.032,0.2866666666666667,3.071428571428572,33.0,True,,,,,,,,,,1.0,0.9556737588652482,0.9290322580645162,1.06,0.95,0.927324440957238,1.0366824805150796,0.9767058823529412,22.7,0.9480208897599725,1.032,0.9783575582322916,-0.0536424417677084,,,
TE,Oronde Gadsden II (44313044),Oronde Gadsden II,44313044,TE/FLEX,3600,LAC@SEA 10/04/2026 04:25PM ET,LAC,5.0,,LAC@SEA,SEA,0,True,,,False,18.0,43.0,7.0,,,,,,,,,,,,,,,,,,,,,,,,,,,,False,unmodeled,,,,0,False,,,,,,,,,,,18.0,False,,,,,,0.0,0.144,0.8639999999999999,0.2399999999999999,2.571428571428572,33.0,True,,,,,,,,,,1.0,0.927304964539007,0.9,0.97,0.9,0.9367398979992154,0.9797526262283972,1.0,5.3,0.9576901855603702,0.8639999999999999,0.8274443203241597,-0.0365556796758401,,,
WR,DeMario Douglas (44312692),DeMario Douglas,44312692,WR/FLEX,3500,NE@BUF 10/04/2026 01:00PM ET,NE,4.6,,NE@BUF,BUF,0,True,,,False,21.0,48.5,6.5,,,,,,,,,,,,,,,,,,,,,,,,,,,,False,unmodeled,,,,0,False,,,,,,,,,,,21.0,True,,,,,,0.0,0.1679999999999999,1.0079999999999991,0.2879999999999998,3.0,33.0,True,,,,,,,,,,1.0,1.0159574468085106,1.1,0.91,1.05,1.0622793252255789,0.9634869535750592,1.0,12.6,1.043015058053638,1.0079999999999991,1.0513591785180665,0.0433591785180671,,,
WR,Isaiah Williams (44312694),Isaiah Williams,44312694,WR/FLEX,3500,NYJ@CHI 10/04/2026 01:00PM ET,NYJ,5.2,,NYJ@CHI,CHI,0,True,,,False,20.0,43.0,3.0,,,,,,,,,,,,,,,,,,,,,,,,,,,,False,unmodeled,,,,0,False,,,,,,,,,,,20.0,True,,,,,,0.0,0.16,0.96,0.2742857142857143,2.857142857142857,33.0,True,,,,,,,,,,1.0,1.0265957446808511,1.0064516129032255,0.97,0.95,0.9681247548058062,0.969586580820061,1.044,43.4,0.9905953984134708,0.96,0.9509715824769318,-0.0090284175230681,,,
WR,Kendrick Bourne (44312696),Kendrick Bourne,44312696,WR/FLEX,3500,ARI@NYG 10/04/2026 01:00PM ET,ARI,7.6,,ARI@NYG,NYG,0,True,,,False,22.75,44.5,-1.0,,,,,,,,,,,,,,,,,,,,,,,,,,,,False,unmodeled,,,,0,False,,,,,,,,,,,22.75,True,,,,,,0.0,0.182,1.092,0.312,3.25,39.0,False,,,,,,,,,,1.0,0.99822695035461,0.9806451612903224,0.97,1.05,1.037171439780306,1.006184344290071,1.023294117647059,18.8,1.0094129177478548,1.092,1.1022789061806575,0.0102789061806574,,,
TE,Hunter Henry (44313046),Hunter Henry,44313046,TE/FLEX,3500,NE@BUF 10/04/2026 01:00PM ET,NE,4.7,,NE@BUF,BUF,0,True,,,False,21.0,48.5,6.5,,,,,,,,,,,,,,,,,,,,,,,,,,,,False,unmodeled,,,,0,False,,,,,,,,,,,21.0,True,,,,,,0.0,0.1679999999999999,1.0079999999999991,0.2879999999999998,3.0,33.0,True,,,,,,,,,,1.0,1.0159574468085106,1.1,0.91,1.05,1.0622793252255789,0.9634869535750592,1.0,12.6,0.9849071861684104,1.0079999999999991,0.9927864436577568,-0.0152135563422424,,,
DST,Seahawks (44313310),Seahawks,44313310,DST,3500,LAC@SEA 10/04/2026 04:25PM ET,SEA,7.7,,LAC@SEA,LAC,1,True,,,False,25.0,43.0,-7.0,,,,,,,,,,,,,,,,,,,,,,,,,,,,False,unmodeled,,,,0,False,,,,,,,,,,,0.0,False,,,,,,,,,,3.571428571428572,33.0,True,,,,,,,,,,1.0,1.033687943262411,1.032258064516129,0.97,0.95,1.0159866614358573,1.0082175533717384,1.0,12.1,1.0,,,,,,
WR,Jaylin Noel (44312698),Jaylin Noel,44312698,WR/FLEX,3400,DAL@HOU 10/04/2026 01:00PM ET,HOU,5.7,,DAL@HOU,DAL,1,True,,,False,25.0,47.5,-2.5,,,,,,,,,,,,,,,,,,,,,,,,,,,,False,unmodeled,,,,0,False,,,,,,,,,,,25.0,True,,,,,,0.0,0.2,1.2000000000000002,0.3529411764705883,3.571428571428572,40.0,False,,,,,,,,,,1.0,1.0124113475177303,0.9806451612903224,1.1,1.1,0.9846018046292664,1.1,1.0,14.8,1.002302681220667,1.2000000000000002,1.2027632174648006,0.0027632174648004,,,
WR,Devontez Walker (44312700),Devontez Walker,44312700,WR/FLEX,3400,TEN@BAL 10/04/2026 01:00PM ET,BAL,2.9,,TEN@BAL,TEN,1,True,,,False,27.5,43.5,-11.5,,,,,,,,,,,,,,,,,,,,,,,,,,,,False,unmodeled,,,,0,False,,,,,,,,,,,27.5,True,,,,,,0.0,0.2199999999999999,1.3199999999999994,0.3882352941176469,3.928571428571429,33.0,True,,,,,,,,,,1.0,1.00531914893617,1.032258064516129,1.0,1.0,1.0159866614358573,0.9004574720433751,1.0,12.6,1.0149753977834042,1.3199999999999994,1.3397675250740928,0.0197675250740934,,,
WR,Tyquan Thornton (44312702),Tyquan Thornton,44312702,WR/FLEX,3400,KC@LV 10/04/2026 04:25PM ET,KC,5.6,,KC@LV,LV,0,True,,,False,26.0,47.5,-4.5,,,,,,,,,,,,,,,,,,,,,,,,,,,,False,unmodeled,,,,0,False,,,,,,,,,,,26.0,True,,,,,,0.0,0.208,1.248,0.3670588235294117,3.7142857142857135,32.666666666666664,False,,,,,,,,,,1.0,0.99822695035461,0.9806451612903224,0.9,0.9,0.9390937622597098,1.1,1.0129411764705882,11.6,0.9582779628635864,1.248,1.195930897653756,-0.052069102346244,,,
WR,Troy Franklin (44312704),Troy Franklin,44312704,WR/FLEX,3400,DEN@SF 10/04/2026 04:25PM ET,DEN,2.4,,DEN@SF,SF,0,True,,,False,22.0,46.5,2.5,,,,,,,,,,,,,,,,,,,,,,,,,,,,False,unmodeled,,,,0,False,,,,,,,,,,,22.0,True,,,,,,0.0,0.176,1.056,0.3105882352941176,3.142857142857143,31.0,False,,,,,,,,,,1.0,0.9911347517730495,0.9806451612903224,1.1,1.05,0.9704786190663004,0.9817858353100644,1.0,7.1,0.9906280987811622,1.056,1.0461032723129071,-0.0098967276870927,,,
WR,Konata Mumpfield (44312706),Konata Mumpfield,44312706,WR/FLEX,3400,LAR@PHI 10/04/2026 01:00PM ET,LAR,7.2,,LAR@PHI,PHI,0,True,,,False,23.5,44.0,-3.0,,,,,,,,,,,,,,,,,,,,,,,,,,,,False,unmodeled,,,,0,False,,,,,,,,,,,23.5,True,,,,,,0.0,0.188,1.128,0.3317647058823529,3.357142857142857,37.0,False,,,,,,,,,,1.0,0.9911347517730495,1.0064516129032255,1.09,1.1,1.0324637112593174,0.9,1.0,22.0,1.0226826805906004,1.128,1.1535860637061972,0.0255860637061973,,,
TE,Cade Otton (44313048),Cade Otton,44313048,TE/FLEX,3400,GB@TB 10/04/2026 01:00PM ET,TB,7.7,,GB@TB,GB,1,True,,,False,17.75,39.5,4.0,,,,,,,,,,,,,,,,,,,,,,,,,,,,False,unmodeled,,,,0,False,,,,,,,,,,,17.75,False,,,,,,0.0,0.142,0.8519999999999999,0.2505882352941176,2.5357142857142856,33.0,True,,,,,,,,,,1.0,1.0088652482269502,0.9290322580645162,0.97,1.0,1.0403099254609651,0.9838190443917316,1.0,13.5,0.9832200122786416,0.8519999999999999,0.8377034504614025,-0.0142965495385973,,,
TE,Michael Mayer (44313050),Michael Mayer,44313050,TE/FLEX,3400,KC@LV 10/04/2026 04:25PM ET,LV,8.9,,KC@LV,KC,1,True,,,False,21.5,47.5,4.5,,,,,,,,,,,,,,,,,,,,,,,,,,,,False,unmodeled,,,,0,False,,,,,,,,,,,21.5,True,,,,,,0.0,0.172,1.032,0.3035294117647059,3.071428571428572,33.0,True,,,,,,,,,,1.0,0.9556737588652482,0.9290322580645162,1.06,0.95,0.927324440957238,1.0366824805150796,0.9767058823529412,22.7,1.0079970298060574,1.032,1.0402529347598513,0.0082529347598512,,,
DST,Chiefs (44313311),Chiefs,44313311,DST,3400,KC@LV 10/04/2026 04:25PM ET,KC,7.0,,KC@LV,LV,0,True,,,False,26.0,47.5,-4.5,,,,,,,,,,,,,,,,,,,,,,,,,,,,False,unmodeled,,,,0,False,,,,,,,,,,,0.0,False,,,,,,,,,,3.7142857142857135,32.666666666666664,False,,,,,,,,,,1.0,0.99822695035461,0.9806451612903224,0.9,0.9,0.9390937622597098,1.1,1.0129411764705882,11.6,1.0,,,,,,
WR,Hollywood Brown (44312708),Hollywood Brown,44312708,WR/FLEX,3300,LAR@PHI 10/04/2026 01:00PM ET,PHI,1.2,OUT,LAR@PHI,LAR,1,True,,OUT,True,20.5,44.0,3.0,,,,,,,,,,,,,,,,,,,,,,,,,,,,False,unmodeled,,,,0,False,,,,,,,,,,,20.5,True,,,,,,0.0,0.1639999999999999,0.9839999999999992,0.298181818181818,2.9285714285714284,33.0,True,,,,,,,,,,1.0,0.9343971631205674,0.9290322580645162,1.09,0.95,0.9916633974107494,0.9065570992883768,1.0,21.8,0.9746542712278824,0.9839999999999992,0.9590598028882354,-0.0249401971117637,,,
WR,Jack Bech (44312710),Jack Bech,44312710,WR/FLEX,3300,KC@LV 10/04/2026 04:25PM ET,LV,5.3,OUT,KC@LV,KC,1,True,,OUT,True,21.5,47.5,4.5,,,,,,,,,,,,,,,,,,,,,,,,,,,,False,unmodeled,,,,0,False,,,,,,,,,,,21.5,True,,,,,,0.0,0.172,1.032,0.3127272727272727,3.071428571428572,33.0,True,,,,,,,,,,1.0,0.9556737588652482,0.9290322580645162,1.06,0.95,0.927324440957238,1.0366824805150796,0.9767058823529412,22.7,0.9480208897599725,1.032,0.9783575582322916,-0.0536424417677084,,,
WR,Joshua Palmer (44312712),Joshua Palmer,44312712,WR/FLEX,3300,NE@BUF 10/04/2026 01:00PM ET,BUF,7.2,,NE@BUF,NE,1,True,,,False,27.5,48.5,-6.5,,,,,,,,,,,,,,,,,,,,,,,,,,,,False,unmodeled,,,,0,False,,,,,,,,,,,27.5,True,,,,,,0.0,0.2199999999999999,1.3199999999999994,0.3999999999999998,3.928571428571429,28.666666666666668,False,,,,,,,,,,1.0,0.9663120567375888,0.9290322580645162,0.97,1.0,1.0159866614358573,0.9,1.0,30.4,0.981578463443436,1.3199999999999994,1.295683571745335,-0.0243164282546644,,,
WR,Jahdae Walker (44312714),Jahdae Walker,44312714,WR/FLEX,3300,NYJ@CHI 10/04/2026 01:00PM ET,CHI,3.6,,NYJ@CHI,NYJ,1,True,,,False,23.0,43.0,-3.0,,,,,,,,,,,,,,,,,,,,,,,,,,,,False,unmodeled,,,,0,False,,,,,,,,,,,23.0,True,,,,,,0.0,0.1839999999999999,1.1039999999999994,0.3345454545454543,3.2857142857142856,32.666666666666664,False,,,,,,,,,,1.0,0.9627659574468084,0.9032258064516128,0.94,1.1,0.968909376225971,0.9126567265333784,1.0,20.2,0.9513458699537116,1.1039999999999994,1.050285840428897,-0.0537141595711023,,,
WR,Jordan Watkins (44312716),Jordan Watkins,44312716,WR/FLEX,3300,DEN@SF 10/04/2026 04:25PM ET,SF,8.0,,DEN@SF,DEN,1,True,,,False,24.5,46.5,-2.5,,,,,,,,,,,,,,,,,,,,,,,,,,,,False,unmodeled,,,,0,False,,,,,,,,,,,24.5,True,,,,,,0.0,0.196,1.1760000000000002,0.3563636363636364,3.5,33.0,True,,,,,,,,,,1.0,0.9946808510638298,1.0838709677419356,0.94,0.9,0.9728324833267948,1.0549813622500848,1.0,23.0,0.9972190238114024,1.1760000000000002,1.1727295720022093,-0.0032704279977908,,,
TE,Mike Gesicki (44313052),Mike Gesicki,44313052,TE/FLEX,3300,JAX@CIN 10/04/2026 01:00PM ET,CIN,10.5,,JAX@CIN,JAX,1,True,,,False,27.0,51.5,-2.5,,,,,,,,,,,,,,,,,,,,,,,,,,,,False,unmodeled,,,,0,False,,,,,,,,,,,27.0,True,,,,,,0.0,0.216,1.296,0.3927272727272727,3.857142857142857,34.333333333333336,False,,,,,,,,,,1.0,0.99822695035461,0.9806451612903224,1.06,0.9,1.0018634758728913,0.908590308370044,1.0,18.5,0.9533459233212088,1.296,1.2355363166242868,-0.0604636833757132,,,
TE,T.J. Hockenson (44313054),T.J. Hockenson,44313054,TE/FLEX,3300,MIA@MIN 10/04/2026 04:05PM ET,MIN,7.5,,MIA@MIN,MIA,1,True,,,False,24.5,38.5,-10.5,,,,,,,,,,,,,,,,,,,,,,,,,,,,False,unmodeled,,,,0,False,,,,,,,,,,,24.5,True,,,,,,0.0,0.196,1.1760000000000002,0.3563636363636364,3.5,24.33333333333333,False,,,,,,,,,,1.0,1.0726950354609928,1.032258064516129,1.1,0.95,0.9398783836798744,1.075313453066757,1.0,21.6,1.0728219645035777,1.1760000000000002,1.2616386302562073,0.0856386302562071,,,
DST,Bills (44313312),Bills,44313312,DST,3300,NE@BUF 10/04/2026 01:00PM ET,BUF,4.7,,NE@BUF,NE,1,True,,,False,27.5,48.5,-6.5,,,,,,,,,,,,,,,,,,,,,,,,,,,,False,unmodeled,,,,0,False,,,,,,,,,,,0.0,False,,,,,,,,,,3.928571428571429,28.666666666666668,False,,,,,,,,,,1.0,0.9663120567375888,0.9290322580645162,0.97,1.0,1.0159866614358573,0.9,1.0,30.4,1.0,,,,,,
WR,Jordan Whittington (44312718),Jordan Whittington,44312718,WR/FLEX,3200,LAR@PHI 10/04/2026 01:00PM ET,LAR,0.9,,LAR@PHI,PHI,0,True,,,False,23.5,44.0,-3.0,,,,,,,,,,,,,,,,,,,,,,,,,,,,False,unmodeled,,,,0,False,,,,,,,,,,,23.5,True,,,,,,0.0,0.188,1.128,0.3525,3.357142857142857,37.0,False,,,,,,,,,,1.0,0.9911347517730495,1.0064516129032255,1.09,1.1,1.0324637112593174,0.9,1.0,22.0,1.0226826805906004,1.128,1.1535860637061972,0.0255860637061973,,,
WR,Chris Moore (44312720),Chris Moore,44312720,WR/FLEX,3200,TEN@BAL 10/04/2026 01:00PM ET,BAL,5.1,,TEN@BAL,TEN,1,True,,,False,27.5,43.5,-11.5,,,,,,,,,,,,,,,,,,,,,,,,,,,,False,unmodeled,,,,0,False,,,,,,,,,,,27.5,True,,,,,,0.0,0.2199999999999999,1.3199999999999994,0.4124999999999998,3.928571428571429,33.0,True,,,,,,,,,,1.0,1.00531914893617,1.032258064516129,1.0,1.0,1.0159866614358573,0.9004574720433751,1.0,12.6,1.0149753977834042,1.3199999999999994,1.3397675250740928,0.0197675250740934,,,
WR,Kyle Williams (44312722),Kyle Williams,44312722,WR/FLEX,3200,NE@BUF 10/04/2026 01:00PM ET,NE,2.1,,NE@BUF,BUF,0,True,,,False,21.0,48.5,6.5,,,,,,,,,,,,,,,,,,,,,,,,,,,,False,unmodeled,,,,0,False,,,,,,,,,,,21.0,True,,,,,,0.0,0.1679999999999999,1.0079999999999991,0.3149999999999998,3.0,33.0,True,,,,,,,,,,1.0,1.0159574468085106,1.1,0.91,1.05,1.0622793252255789,0.9634869535750592,1.0,12.6,1.043015058053638,1.0079999999999991,1.0513591785180665,0.0433591785180671,,,
WR,Skyy Moore (44312724),Skyy Moore,44312724,WR/FLEX,3200,GB@TB 10/04/2026 01:00PM ET,GB,2.9,,GB@TB,TB,0,True,,,False,21.75,39.5,-4.0,,,,,,,,,,,,,,,,,,,,,,,,,,,,False,unmodeled,,,,0,False,,,,,,,,,,,21.75,True,,,,,,0.0,0.174,1.044,0.32625,3.107142857142857,41.333333333333336,False,,,,,,,,,,1.0,0.99822695035461,1.0064516129032255,1.0,1.0,0.9649862691251472,1.0712470349034224,1.0,30.5,0.9850908812756138,1.044,1.0284348800517409,-0.0155651199482591,,,
WR,Cyrus Allen (44312726),Cyrus Allen,44312726,WR/FLEX,3200,KC@LV 10/04/2026 04:25PM ET,KC,0.0,,KC@LV,LV,0,True,,,False,26.0,47.5,-4.5,,,,,,,,,,,,,,,,,,,,,,,,,,,,False,unmodeled,,,,0,False,,,,,,,,,,,26.0,True,,,,,,0.0,0.208,1.248,0.3899999999999999,3.7142857142857135,32.666666666666664,False,,,,,,,,,,1.0,0.99822695035461,0.9806451612903224,0.9,0.9,0.9390937622597098,1.1,1.0129411764705882,11.6,0.9582779628635864,1.248,1.195930897653756,-0.052069102346244,,,
TE,Brenton Strange (44313056),Brenton Strange,44313056,TE/FLEX,3200,JAX@CIN 10/04/2026 01:00PM ET,JAX,6.7,,JAX@CIN,CIN,0,True,,,False,24.5,51.5,2.5,,,,,,,,,,,,,,,,,,,,,,,,,,,,False,unmodeled,MATCHUP_VALUE,Low salary; current NFL report highlights Week 4 matchup vs Cincinnati,https://www.nfl.com/news/2026-nfl-fantasy-football-waiver-wire-week-4-te-juwan-johnson-rb-braelon-allen-headline-targets,2,True,Normal TE1 role,4.5,targets,0.62,6.7,,,,,,28.5,True,,4.6080000000000005,3.17952,,33.177600000000005,0.0,0.196,7.673280000000001,2.3979000000000004,3.5,33.0,True,,,,,,,,,,1.0,1.0088652482269502,1.1,0.9,1.05,0.9916633974107494,1.1,1.0,21.5,1.0572163120567375,7.673280000000001,8.112316782978725,0.4390367829787243,8.3,,
TE,Greg Dulcich (44313058),Greg Dulcich,44313058,TE/FLEX,3200,MIA@MIN 10/04/2026 04:05PM ET,MIA,6.0,,MIA@MIN,MIN,0,True,,,False,14.0,38.5,10.5,,,,,,,,,,,,,,,,,,,,,,,,,,,,False,unmodeled,,,,0,False,,,,,,,,,,,14.0,False,,,,,,0.0,0.1119999999999999,0.6719999999999995,0.2099999999999998,2.0,33.0,True,,,,,,,,,,1.0,0.9875886524822696,0.9806451612903224,0.91,1.0,1.0379560612004708,0.9411216536767196,1.0,4.4,0.9535785887717956,0.6719999999999995,0.6408048116546461,-0.0311951883453533,,,
DST,Packers (44313313),Packers,44313313,DST,3200,GB@TB 10/04/2026 01:00PM ET,GB,1.3,,GB@TB,TB,0,True,,,False,21.75,39.5,-4.0,,,,,,,,,,,,,,,,,,,,,,,,,,,,False,unmodeled,,,,0,False,,,,,,,,,,,0.0,False,,,,,,,,,,3.107142857142857,41.333333333333336,False,,,,,,,,,,1.0,0.99822695035461,1.0064516129032255,1.0,1.0,0.9649862691251472,1.0712470349034224,1.0,30.5,1.0,,,,,,
WR,Darius Cooper (44312728),Darius Cooper,44312728,WR/FLEX,3100,LAR@PHI 10/04/2026 01:00PM ET,PHI,5.3,,LAR@PHI,LAR,1,True,,,False,20.5,44.0,3.0,,,,,,,,,,,,,,,,,,,,,,,,,,,,False,unmodeled,,,,0,False,,,,,,,,,,,20.5,True,,,,,,0.0,0.1639999999999999,0.9839999999999992,0.3174193548387094,2.9285714285714284,33.0,True,,,,,,,,,,1.0,0.9343971631205674,0.9290322580645162,1.09,0.95,0.9916633974107494,0.9065570992883768,1.0,21.8,0.9746542712278824,0.9839999999999992,0.9590598028882354,-0.0249401971117637,,,
WR,Cody White (44312730),Cody White,44312730,WR/FLEX,3100,KC@LV 10/04/2026 04:25PM ET,LV,7.9,,KC@LV,KC,1,True,,,False,21.5,47.5,4.5,,,,,,,,,,,,,,,,,,,,,,,,,,,,False,unmodeled,,,,0,False,,,,,,,,,,,21.5,True,,,,,,0.0,0.172,1.032,0.3329032258064516,3.071428571428572,33.0,True,,,,,,,,,,1.0,0.9556737588652482,0.9290322580645162,1.06,0.95,0.927324440957238,1.0366824805150796,0.9767058823529412,22.7,0.9480208897599725,1.032,0.9783575582322916,-0.0536424417677084,,,
WR,Odell Beckham Jr. (44312732),Odell Beckham Jr.,44312732,WR/FLEX,3100,ARI@NYG 10/04/2026 01:00PM ET,NYG,0.0,,ARI@NYG,ARI,1,True,,,False,21.75,44.5,1.0,,,,,,,,,,,,,,,,,,,,,,,,,,,,False,unmodeled,,,,0,False,,,,,,,,,,,21.75,True,,,,,,0.0,0.174,1.044,0.3367741935483871,3.107142857142857,33.0,True,,,,,,,,,,1.0,1.0797872340425532,1.032258064516129,1.06,1.05,1.0638485680659082,1.1,1.0,11.0,1.0611302770435227,1.044,1.1078200092334378,0.0638200092334377,,,
WR,Jacob Cowing (44312734),Jacob Cowing,44312734,WR/FLEX,3100,DEN@SF 10/04/2026 04:25PM ET,SF,0.0,,DEN@SF,DEN,1,True,,,False,24.5,46.5,-2.5,,,,,,,,,,,,,,,,,,,,,,,,,,,,False,unmodeled,,,,0,False,,,,,,,,,,,24.5,True,,,,,,0.0,0.196,1.1760000000000002,0.3793548387096774,3.5,33.0,True,,,,,,,,,,1.0,0.9946808510638298,1.0838709677419356,0.94,0.9,0.9728324833267948,1.0549813622500848,1.0,23.0,0.9972190238114024,1.1760000000000002,1.1727295720022093,-0.0032704279977908,,,
WR,Ted Hurst III (44312736),Ted Hurst III,44312736,WR/FLEX,3100,GB@TB 10/04/2026 01:00PM ET,TB,7.4,,GB@TB,GB,1,True,,,False,17.75,39.5,4.0,,,,,,,,,,,,,,,,,,,,,,,,,,,,False,unmodeled,,,,0,False,,,,,,,,,,,17.75,False,,,,,,0.0,0.142,0.8519999999999999,0.2748387096774193,2.5357142857142856,33.0,True,,,,,,,,,,1.0,1.0088652482269502,0.9290322580645162,0.97,1.0,1.0403099254609651,0.9838190443917316,1.0,13.5,1.003162230127075,0.8519999999999999,0.8546942200682678,0.0026942200682679,,,
TE,Zach Ertz (44313060),Zach Ertz,44313060,TE/FLEX,3100,LAR@PHI 10/04/2026 01:00PM ET,PHI,0.0,,LAR@PHI,LAR,1,True,,,False,20.5,44.0,3.0,,,,,,,,,,,,,,,,,,,,,,,,,,,,False,unmodeled,,,,0,False,,,,,,,,,,,20.5,True,,,,,,0.0,0.1639999999999999,0.9839999999999992,0.3174193548387094,2.9285714285714284,33.0,True,,,,,,,,,,1.0,0.9343971631205674,0.9290322580645162,1.09,0.95,0.9916633974107494,0.9065570992883768,1.0,21.8,0.9341089211952008,0.9839999999999992,0.9191631784560768,-0.0648368215439224,,,
TE,Tyler Higbee (44313062),Tyler Higbee,44313062,TE/FLEX,3100,LAR@PHI 10/04/2026 01:00PM ET,LAR,7.5,,LAR@PHI,PHI,0,True,,,False,23.5,44.0,-3.0,,,,,,,,,,,,,,,,,,,,,,,,,,,,False,unmodeled,,,,0,False,,,,,,,0.22,,,https://www.fantasyoutsiders.com/usage,38.9,True,,8.20512,5.6615328,,59.076864000000015,0.0,0.2171399999999999,12.872059200000002,4.152277161290323,3.357142857142857,37.0,False,,,,,,,,,,1.0,0.9911347517730495,1.0064516129032255,1.09,1.1,1.0324637112593174,0.9,1.0,22.0,0.9524288492335852,12.872059200000002,12.259720531122584,-0.6123386688774186,,,
DST,Giants (44313314),Giants,44313314,DST,3100,ARI@NYG 10/04/2026 01:00PM ET,NYG,5.0,,ARI@NYG,ARI,1,True,,,False,21.75,44.5,1.0,,,,,,,,,,,,,,,,,,,,,,,,,,,,False,unmodeled,,,,0,False,,,,,,,,,,,0.0,False,,,,,,,,,,3.107142857142857,33.0,True,,,,,,,,,,1.0,1.0797872340425532,1.032258064516129,1.06,1.05,1.0638485680659082,1.1,1.0,11.0,1.0,,,,,,
WR,Tutu Atwell (44312738),Tutu Atwell,44312738,WR/FLEX,3000,LAR@PHI 10/04/2026 01:00PM ET,LAR,2.9,,LAR@PHI,PHI,0,True,,,False,23.5,44.0,-3.0,,,,,,,,,,,,,,,,,,,,,,,,,,,,False,unmodeled,,,,0,False,,,,,,,,,,,23.5,True,,,,,,0.0,0.188,1.128,0.376,3.357142857142857,37.0,False,,,,,,,,,,1.0,0.9911347517730495,1.0064516129032255,1.09,1.1,1.0324637112593174,0.9,1.0,22.0,1.0226826805906004,1.128,1.1535860637061972,0.0255860637061973,,,
WR,Elic Ayomanor (44312740),Elic Ayomanor,44312740,WR/FLEX,3000,TEN@BAL 10/04/2026 01:00PM ET,TEN,6.4,,TEN@BAL,BAL,0,True,,,False,16.0,43.5,11.5,,,,,,,,,,,,,,,,,,,,,,,,,,,,False,unmodeled,,,,0,False,,,,,,,,,,,16.0,False,,,,,,0.0,0.128,0.768,0.256,2.2857142857142856,33.0,True,,,,,,,,,,1.0,0.9946808510638298,1.0064516129032255,1.03,1.05,1.048156139662613,1.006184344290071,0.992235294117647,14.5,1.0246307981947784,0.768,0.7869164530135898,0.0189164530135897,,,
WR,Jared Wayne (44312742),Jared Wayne,44312742,WR/FLEX,3000,DAL@HOU 10/04/2026 01:00PM ET,HOU,3.5,,DAL@HOU,DAL,1,True,,,False,25.0,47.5,-2.5,,,,,,,,,,,,,,,,,,,,,,,,,,,,False,unmodeled,,,,0,False,,,,,,,,,,,25.0,True,,,,,,0.0,0.2,1.2000000000000002,0.4000000000000001,3.571428571428572,40.0,False,,,,,,,,,,1.0,1.0124113475177303,0.9806451612903224,1.1,1.1,0.9846018046292664,1.1,1.0,14.8,1.002302681220667,1.2000000000000002,1.2027632174648006,0.0027632174648004,,,
WR,Elijah Sarratt (44312744),Elijah Sarratt,44312744,WR/FLEX,3000,TEN@BAL 10/04/2026 01:00PM ET,BAL,0.0,,TEN@BAL,TEN,1,True,,,False,27.5,43.5,-11.5,,,,,,,,,,,,,,,,,,,,,,,,,,,,False,unmodeled,,,,0,False,,,,,,,,,,,27.5,True,,,,,,0.0,0.2199999999999999,1.3199999999999994,0.4399999999999998,3.928571428571429,33.0,True,,,,,,,,,,1.0,1.00531914893617,1.032258064516129,1.0,1.0,1.0159866614358573,0.9004574720433751,1.0,12.6,1.0149753977834042,1.3199999999999994,1.3397675250740928,0.0197675250740934,,,
WR,Bo Melton (44312746),Bo Melton,44312746,WR/FLEX,3000,GB@TB 10/04/2026 01:00PM ET,GB,0.7,,GB@TB,TB,0,True,,,False,21.75,39.5,-4.0,,,,,,,,,,,,,,,,,,,,,,,,,,,,False,unmodeled,,,,0,False,,,,,,,,,,,21.75,True,,,,,,0.0,0.174,1.044,0.348,3.107142857142857,41.333333333333336,False,,,,,,,,,,1.0,0.99822695035461,1.0064516129032255,1.0,1.0,0.9649862691251472,1.0712470349034224,1.0,30.5,0.9850908812756138,1.044,1.0284348800517409,-0.0155651199482591,,,
WR,Travis Hunter (44312748),Travis Hunter,44312748,WR/FLEX,3000,JAX@CIN 10/04/2026 01:00PM ET,JAX,0.7,,JAX@CIN,CIN,0,True,,,False,24.5,51.5,2.5,,,,,,,,,,,,,,,,,,,,,,,,,,,,False,unmodeled,,,,0,False,,,,,,,,,,,24.5,True,,,,,,0.0,0.196,1.1760000000000002,0.392,3.5,33.0,True,,,,,,,,,,1.0,1.0088652482269502,1.1,0.9,1.05,0.9916633974107494,1.1,1.0,21.5,1.0084648408915748,1.1760000000000002,1.185954652888492,0.0099546528884919,,,
WR,Ryan Miller (44312750),Ryan Miller,44312750,WR/FLEX,3000,MIA@MIN 10/04/2026 04:05PM ET,MIA,6.1,,MIA@MIN,MIN,0,True,,,False,14.0,38.5,10.5,,,,,,,,,,,,,,,,,,,,,,,,,,,,False,unmodeled,,,,0,False,,,,,,,,,,,14.0,False,,,,,,0.0,0.1119999999999999,0.6719999999999995,0.2239999999999998,2.0,33.0,True,,,,,,,,,,1.0,0.9875886524822696,0.9806451612903224,0.91,1.0,1.0379560612004708,0.9411216536767196,1.0,4.4,1.0011064229188438,0.6719999999999995,0.6727435162014626,0.000743516201463,,,
WR,Demarcus Robinson (44312752),Demarcus Robinson,44312752,WR/FLEX,3000,DEN@SF 10/04/2026 04:25PM ET,SF,9.7,IR,DEN@SF,DEN,1,True,,IR,True,24.5,46.5,-2.5,,,,,,,,,,,,,,,,,,,,,,,,,,,,False,unmodeled,,,,0,False,,,,,,,,,,,24.5,True,,,,,,0.0,0.196,1.1760000000000002,0.392,3.5,33.0,True,,,,,,,,,,1.0,0.9946808510638298,1.0838709677419356,0.94,0.9,0.9728324833267948,1.0549813622500848,1.0,23.0,0.9972190238114024,1.1760000000000002,1.1727295720022093,-0.0032704279977908,,,
WR,Tory Horton (44312754),Tory Horton,44312754,WR/FLEX,3000,LAC@SEA 10/04/2026 04:25PM ET,SEA,3.9,,LAC@SEA,LAC,1,True,,,False,25.0,43.0,-7.0,,,,,,,,,,,,,,,,,,,,,,,,,,,,False,unmodeled,,,,0,False,,,,,,,,,,,25.0,True,,,,,,0.0,0.2,1.2000000000000002,0.4000000000000001,3.571428571428572,33.0,True,,,,,,,,,,1.0,1.033687943262411,1.032258064516129,0.97,0.95,1.0159866614358573,1.0082175533717384,1.0,12.1,1.0190675963649645,1.2000000000000002,1.2228811156379575,0.0228811156379573,,,
WR,Montorie Foster Jr. (44312756),Montorie Foster Jr.,44312756,WR/FLEX,3000,LAC@SEA 10/04/2026 04:25PM ET,SEA,0.0,,LAC@SEA,LAC,1,True,,,False,25.0,43.0,-7.0,,,,,,,,,,,,,,,,,,,,,,,,,,,,False,unmodeled,,,,0,False,,,,,,,,,,,25.0,True,,,,,,0.0,0.2,1.2000000000000002,0.4000000000000001,3.571428571428572,33.0,True,,,,,,,,,,1.0,1.033687943262411,1.032258064516129,0.97,0.95,1.0159866614358573,1.0082175533717384,1.0,12.1,1.0190675963649645,1.2000000000000002,1.2228811156379575,0.0228811156379573,,,
WR,Irvin Charles (44312758),Irvin Charles,44312758,WR/FLEX,3000,LAC@SEA 10/04/2026 04:25PM ET,SEA,0.0,IR,LAC@SEA,LAC,1,True,,IR,True,25.0,43.0,-7.0,,,,,,,,,,,,,,,,,,,,,,,,,,,,False,unmodeled,,,,0,False,,,,,,,,,,,25.0,True,,,,,,0.0,0.2,1.2000000000000002,0.4000000000000001,3.571428571428572,33.0,True,,,,,,,,,,1.0,1.033687943262411,1.032258064516129,0.97,0.95,1.0159866614358573,1.0082175533717384,1.0,12.1,1.0190675963649645,1.2000000000000002,1.2228811156379575,0.0228811156379573,,,
WR,Jake Bobo (44312760),Jake Bobo,44312760,WR/FLEX,3000,LAC@SEA 10/04/2026 04:25PM ET,SEA,0.0,IR,LAC@SEA,LAC,1,True,,IR,True,25.0,43.0,-7.0,,,,,,,,,,,,,,,,,,,,,,,,,,,,False,unmodeled,,,,0,False,,,,,,,,,,,25.0,True,,,,,,0.0,0.2,1.2000000000000002,0.4000000000000001,3.571428571428572,33.0,True,,,,,,,,,,1.0,1.033687943262411,1.032258064516129,0.97,0.95,1.0159866614358573,1.0082175533717384,1.0,12.1,1.0190675963649645,1.2000000000000002,1.2228811156379575,0.0228811156379573,,,
WR,Ricky White III (44312762),Ricky White III,44312762,WR/FLEX,3000,LAC@SEA 10/04/2026 04:25PM ET,SEA,0.0,,LAC@SEA,LAC,1,True,,,False,25.0,43.0,-7.0,,,,,,,,,,,,,,,,,,,,,,,,,,,,False,unmodeled,,,,0,False,,,,,,,,,,,25.0,True,,,,,,0.0,0.2,1.2000000000000002,0.4000000000000001,3.571428571428572,33.0,True,,,,,,,,,,1.0,1.033687943262411,1.032258064516129,0.97,0.95,1.0159866614358573,1.0082175533717384,1.0,12.1,1.0190675963649645,1.2000000000000002,1.2228811156379575,0.0228811156379573,,,
WR,Julian Hicks (44312764),Julian Hicks,44312764,WR/FLEX,3000,LAC@SEA 10/04/2026 04:25PM ET,SEA,0.0,,LAC@SEA,LAC,1,True,,,False,25.0,43.0,-7.0,,,,,,,,,,,,,,,,,,,,,,,,,,,,False,unmodeled,,,,0,False,,,,,,,,,,,25.0,True,,,,,,0.0,0.2,1.2000000000000002,0.4000000000000001,3.571428571428572,33.0,True,,,,,,,,,,1.0,1.033687943262411,1.032258064516129,0.97,0.95,1.0159866614358573,1.0082175533717384,1.0,12.1,1.0190675963649645,1.2000000000000002,1.2228811156379575,0.0228811156379573,,,
WR,Emmanuel Henderson Jr. (44312766),Emmanuel Henderson Jr.,44312766,WR/FLEX,3000,LAC@SEA 10/04/2026 04:25PM ET,SEA,0.0,,LAC@SEA,LAC,1,True,,,False,25.0,43.0,-7.0,,,,,,,,,,,,,,,,,,,,,,,,,,,,False,unmodeled,,,,0,False,,,,,,,,,,,25.0,True,,,,,,0.0,0.2,1.2000000000000002,0.4000000000000001,3.571428571428572,33.0,True,,,,,,,,,,1.0,1.033687943262411,1.032258064516129,0.97,0.95,1.0159866614358573,1.0082175533717384,1.0,12.1,1.0190675963649645,1.2000000000000002,1.2228811156379575,0.0228811156379573,,,
WR,Brenen Thompson (44312768),Brenen Thompson,44312768,WR/FLEX,3000,LAC@SEA 10/04/2026 04:25PM ET,LAC,1.2,Q,LAC@SEA,SEA,0,True,,Q,True,18.0,43.0,7.0,,,,,,,,,,,,,,,,,,,,,,,,,,,,False,unmodeled,,,,0,False,,,,,,,,,,,18.0,False,,,,,,0.0,0.144,0.8639999999999999,0.288,2.571428571428572,33.0,True,,,,,,,,,,1.0,0.927304964539007,0.9,0.97,0.9,0.9367398979992154,0.9797526262283972,1.0,5.3,0.9303591952343988,0.8639999999999999,0.8038303446825203,-0.0601696553174795,,,
WR,Marquez Valdes-Scantling (44312770),Marquez Valdes-Scantling,44312770,WR/FLEX,3000,LAC@SEA 10/04/2026 04:25PM ET,LAC,0.0,,LAC@SEA,SEA,0,True,,,False,18.0,43.0,7.0,,,,,,,,,,,,,,,,,,,,,,,,,,,,False,unmodeled,,,,0,False,,,,,,,,,,,18.0,False,,,,,,0.0,0.144,0.8639999999999999,0.288,2.571428571428572,33.0,True,,,,,,,,,,1.0,0.927304964539007,0.9,0.97,0.9,0.9367398979992154,0.9797526262283972,1.0,5.3,0.9303591952343988,0.8639999999999999,0.8038303446825203,-0.0601696553174795,,,
WR,Derius Davis (44312772),Derius Davis,44312772,WR/FLEX,3000,LAC@SEA 10/04/2026 04:25PM ET,LAC,0.0,,LAC@SEA,SEA,0,True,,,False,18.0,43.0,7.0,,,,,,,,,,,,,,,,,,,,,,,,,,,,False,unmodeled,,,,0,False,,,,,,,,,,,18.0,False,,,,,,0.0,0.144,0.8639999999999999,0.288,2.571428571428572,33.0,True,,,,,,,,,,1.0,0.927304964539007,0.9,0.97,0.9,0.9367398979992154,0.9797526262283972,1.0,5.3,0.9303591952343988,0.8639999999999999,0.8038303446825203,-0.0601696553174795,,,
WR,KeAndre Lambert-Smith (44312774),KeAndre Lambert-Smith,44312774,WR/FLEX,3000,LAC@SEA 10/04/2026 04:25PM ET,LAC,0.0,IR,LAC@SEA,SEA,0,True,,IR,True,18.0,43.0,7.0,,,,,,,,,,,,,,,,,,,,,,,,,,,,False,unmodeled,,,,0,False,,,,,,,,,,,18.0,False,,,,,,0.0,0.144,0.8639999999999999,0.288,2.571428571428572,33.0,True,,,,,,,,,,1.0,0.927304964539007,0.9,0.97,0.9,0.9367398979992154,0.9797526262283972,1.0,5.3,0.9303591952343988,0.8639999999999999,0.8038303446825203,-0.0601696553174795,,,
WR,Theo Wease Jr. (44312776),Theo Wease Jr.,44312776,WR/FLEX,3000,LAC@SEA 10/04/2026 04:25PM ET,LAC,0.0,,LAC@SEA,SEA,0,True,,,False,18.0,43.0,7.0,,,,,,,,,,,,,,,,,,,,,,,,,,,,False,unmodeled,,,,0,False,,,,,,,,,,,18.0,False,,,,,,0.0,0.144,0.8639999999999999,0.288,2.571428571428572,33.0,True,,,,,,,,,,1.0,0.927304964539007,0.9,0.97,0.9,0.9367398979992154,0.9797526262283972,1.0,5.3,0.9303591952343988,0.8639999999999999,0.8038303446825203,-0.0601696553174795,,,
WR,Gary Jennings (44312778),Gary Jennings,44312778,WR/FLEX,3000,LAC@SEA 10/04/2026 04:25PM ET,LAC,0.0,,LAC@SEA,SEA,0,True,,,False,18.0,43.0,7.0,,,,,,,,,,,,,,,,,,,,,,,,,,,,False,unmodeled,,,,0,False,,,,,,,,,,,18.0,False,,,,,,0.0,0.144,0.8639999999999999,0.288,2.571428571428572,33.0,True,,,,,,,,,,1.0,0.927304964539007,0.9,0.97,0.9,0.9367398979992154,0.9797526262283972,1.0,5.3,0.9303591952343988,0.8639999999999999,0.8038303446825203,-0.0601696553174795,,,
WR,Malik Benson (44312780),Malik Benson,44312780,WR/FLEX,3000,KC@LV 10/04/2026 04:25PM ET,LV,0.3,,KC@LV,KC,1,True,,,False,21.5,47.5,4.5,,,,,,,,,,,,,,,,,,,,,,,,,,,,False,unmodeled,,,,0,False,,,,,,,,,,,21.5,True,,,,,,0.0,0.172,1.032,0.344,3.071428571428572,33.0,True,,,,,,,,,,1.0,0.9556737588652482,0.9290322580645162,1.06,0.95,0.927324440957238,1.0366824805150796,0.9767058823529412,22.7,0.9480208897599725,1.032,0.9783575582322916,-0.0536424417677084,,,
WR,Dareke Young (44312782),Dareke Young,44312782,WR/FLEX,3000,KC@LV 10/04/2026 04:25PM ET,LV,1.2,,KC@LV,KC,1,True,,,False,21.5,47.5,4.5,,,,,,,,,,,,,,,,,,,,,,,,,,,,False,unmodeled,,,,0,False,,,,,,,,,,,21.5,True,,,,,,0.0,0.172,1.032,0.344,3.071428571428572,33.0,True,,,,,,,,,,1.0,0.9556737588652482,0.9290322580645162,1.06,0.95,0.927324440957238,1.0366824805150796,0.9767058823529412,22.7,0.9480208897599725,1.032,0.9783575582322916,-0.0536424417677084,,,
WR,Dont'e Thornton Jr. (44312784),Dont'e Thornton Jr.,44312784,WR/FLEX,3000,KC@LV 10/04/2026 04:25PM ET,LV,0.0,IR,KC@LV,KC,1,True,,IR,True,21.5,47.5,4.5,,,,,,,,,,,,,,,,,,,,,,,,,,,,False,unmodeled,,,,0,False,,,,,,,,,,,21.5,True,,,,,,0.0,0.172,1.032,0.344,3.071428571428572,33.0,True,,,,,,,,,,1.0,0.9556737588652482,0.9290322580645162,1.06,0.95,0.927324440957238,1.0366824805150796,0.9767058823529412,22.7,0.9480208897599725,1.032,0.9783575582322916,-0.0536424417677084,,,
WR,Justin Shorter (44312786),Justin Shorter,44312786,WR/FLEX,3000,KC@LV 10/04/2026 04:25PM ET,LV,0.0,IR,KC@LV,KC,1,True,,IR,True,21.5,47.5,4.5,,,,,,,,,,,,,,,,,,,,,,,,,,,,False,unmodeled,,,,0,False,,,,,,,,,,,21.5,True,,,,,,0.0,0.172,1.032,0.344,3.071428571428572,33.0,True,,,,,,,,,,1.0,0.9556737588652482,0.9290322580645162,1.06,0.95,0.927324440957238,1.0366824805150796,0.9767058823529412,22.7,0.9480208897599725,1.032,0.9783575582322916,-0.0536424417677084,,,
WR,Corey Rucker (44312788),Corey Rucker,44312788,WR/FLEX,3000,KC@LV 10/04/2026 04:25PM ET,LV,0.0,IR,KC@LV,KC,1,True,,IR,True,21.5,47.5,4.5,,,,,,,,,,,,,,,,,,,,,,,,,,,,False,unmodeled,,,,0,False,,,,,,,,,,,21.5,True,,,,,,0.0,0.172,1.032,0.344,3.071428571428572,33.0,True,,,,,,,,,,1.0,0.9556737588652482,0.9290322580645162,1.06,0.95,0.927324440957238,1.0366824805150796,0.9767058823529412,22.7,0.9480208897599725,1.032,0.9783575582322916,-0.0536424417677084,,,
WR,Deven Thompkins (44312790),Deven Thompkins,44312790,WR/FLEX,3000,KC@LV 10/04/2026 04:25PM ET,LV,0.0,,KC@LV,KC,1,True,,,False,21.5,47.5,4.5,,,,,,,,,,,,,,,,,,,,,,,,,,,,False,unmodeled,,,,0,False,,,,,,,,,,,21.5,True,,,,,,0.0,0.172,1.032,0.344,3.071428571428572,33.0,True,,,,,,,,,,1.0,0.9556737588652482,0.9290322580645162,1.06,0.95,0.927324440957238,1.0366824805150796,0.9767058823529412,22.7,0.9480208897599725,1.032,0.9783575582322916,-0.0536424417677084,,,
WR,Ronnie Bell (44312792),Ronnie Bell,44312792,WR/FLEX,3000,KC@LV 10/04/2026 04:25PM ET,LV,0.0,,KC@LV,KC,1,True,,,False,21.5,47.5,4.5,,,,,,,,,,,,,,,,,,,,,,,,,,,,False,unmodeled,,,,0,False,,,,,,,,,,,21.5,True,,,,,,0.0,0.172,1.032,0.344,3.071428571428572,33.0,True,,,,,,,,,,1.0,0.9556737588652482,0.9290322580645162,1.06,0.95,0.927324440957238,1.0366824805150796,0.9767058823529412,22.7,0.9480208897599725,1.032,0.9783575582322916,-0.0536424417677084,,,
WR,Jalen Royals (44312794),Jalen Royals,44312794,WR/FLEX,3000,KC@LV 10/04/2026 04:25PM ET,KC,3.6,,KC@LV,LV,0,True,,,False,26.0,47.5,-4.5,,,,,,,,,,,,,,,,,,,,,,,,,,,,False,unmodeled,,,,0,False,,,,,,,,,,,26.0,True,,,,,,0.0,0.208,1.248,0.416,3.7142857142857135,32.666666666666664,False,,,,,,,,,,1.0,0.99822695035461,0.9806451612903224,0.9,0.9,0.9390937622597098,1.1,1.0129411764705882,11.6,0.9582779628635864,1.248,1.195930897653756,-0.052069102346244,,,
WR,Nikko Remigio (44312796),Nikko Remigio,44312796,WR/FLEX,3000,KC@LV 10/04/2026 04:25PM ET,KC,0.0,,KC@LV,LV,0,True,,,False,26.0,47.5,-4.5,,,,,,,,,,,,,,,,,,,,,,,,,,,,False,unmodeled,,,,0,False,,,,,,,,,,,26.0,True,,,,,,0.0,0.208,1.248,0.416,3.7142857142857135,32.666666666666664,False,,,,,,,,,,1.0,0.99822695035461,0.9806451612903224,0.9,0.9,0.9390937622597098,1.1,1.0129411764705882,11.6,0.9582779628635864,1.248,1.195930897653756,-0.052069102346244,,,
WR,Jeff Caldwell (44312798),Jeff Caldwell,44312798,WR/FLEX,3000,KC@LV 10/04/2026 04:25PM ET,KC,0.0,IR,KC@LV,LV,0,True,,IR,True,26.0,47.5,-4.5,,,,,,,,,,,,,,,,,,,,,,,,,,,,False,unmodeled,,,,0,False,,,,,,,,,,,26.0,True,,,,,,0.0,0.208,1.248,0.416,3.7142857142857135,32.666666666666664,False,,,,,,,,,,1.0,0.99822695035461,0.9806451612903224,0.9,0.9,0.9390937622597098,1.1,1.0129411764705882,11.6,0.9582779628635864,1.248,1.195930897653756,-0.052069102346244,,,
WR,Jimmy Holiday (44312800),Jimmy Holiday,44312800,WR/FLEX,3000,KC@LV 10/04/2026 04:25PM ET,KC,0.0,IR,KC@LV,LV,0,True,,IR,True,26.0,47.5,-4.5,,,,,,,,,,,,,,,,,,,,,,,,,,,,False,unmodeled,,,,0,False,,,,,,,,,,,26.0,True,,,,,,0.0,0.208,1.248,0.416,3.7142857142857135,32.666666666666664,False,,,,,,,,,,1.0,0.99822695035461,0.9806451612903224,0.9,0.9,0.9390937622597098,1.1,1.0129411764705882,11.6,0.9582779628635864,1.248,1.195930897653756,-0.052069102346244,,,
WR,Andrew Armstrong (44312802),Andrew Armstrong,44312802,WR/FLEX,3000,KC@LV 10/04/2026 04:25PM ET,KC,0.0,,KC@LV,LV,0,True,,,False,26.0,47.5,-4.5,,,,,,,,,,,,,,,,,,,,,,,,,,,,False,unmodeled,,,,0,False,,,,,,,,,,,26.0,True,,,,,,0.0,0.208,1.248,0.416,3.7142857142857135,32.666666666666664,False,,,,,,,,,,1.0,0.99822695035461,0.9806451612903224,0.9,0.9,0.9390937622597098,1.1,1.0129411764705882,11.6,0.9582779628635864,1.248,1.195930897653756,-0.052069102346244,,,
WR,Omari Evans (44312804),Omari Evans,44312804,WR/FLEX,3000,KC@LV 10/04/2026 04:25PM ET,KC,0.0,,KC@LV,LV,0,True,,,False,26.0,47.5,-4.5,,,,,,,,,,,,,,,,,,,,,,,,,,,,False,unmodeled,,,,0,False,,,,,,,,,,,26.0,True,,,,,,0.0,0.208,1.248,0.416,3.7142857142857135,32.666666666666664,False,,,,,,,,,,1.0,0.99822695035461,0.9806451612903224,0.9,0.9,0.9390937622597098,1.1,1.0129411764705882,11.6,0.9582779628635864,1.248,1.195930897653756,-0.052069102346244,,,
WR,KaVontae Turpin (44312806),KaVontae Turpin,44312806,WR/FLEX,3000,DAL@HOU 10/04/2026 01:00PM ET,DAL,3.6,,DAL@HOU,HOU,0,True,,,False,22.5,47.5,2.5,,,,,,,,,,,,,,,,,,,,,,,,,,,,False,unmodeled,,,,0,False,,,,,,,,,,,22.5,True,,,,,,0.0,0.18,1.08,0.36,3.2142857142857144,35.0,False,,,,,,,,,,1.0,1.0372340425531914,1.1,0.9,1.05,1.071694782267556,1.0387156895967469,1.0,9.9,1.051571162658698,1.08,1.135696855671394,0.0556968556713939,,,
WR,Jonathan Mingo (44312808),Jonathan Mingo,44312808,WR/FLEX,3000,DAL@HOU 10/04/2026 01:00PM ET,DAL,0.7,,DAL@HOU,HOU,0,True,,,False,22.5,47.5,2.5,,,,,,,,,,,,,,,,,,,,,,,,,,,,False,unmodeled,,,,0,False,,,,,,,,,,,22.5,True,,,,,,0.0,0.18,1.08,0.36,3.2142857142857144,35.0,False,,,,,,,,,,1.0,1.0372340425531914,1.1,0.9,1.05,1.071694782267556,1.0387156895967469,1.0,9.9,1.051571162658698,1.08,1.135696855671394,0.0556968556713939,,,
WR,Camden Brown (44312810),Camden Brown,44312810,WR/FLEX,3000,DAL@HOU 10/04/2026 01:00PM ET,DAL,0.0,,DAL@HOU,HOU,0,True,,,False,22.5,47.5,2.5,,,,,,,,,,,,,,,,,,,,,,,,,,,,False,unmodeled,,,,0,False,,,,,,,,,,,22.5,True,,,,,,0.0,0.18,1.08,0.36,3.2142857142857144,35.0,False,,,,,,,,,,1.0,1.0372340425531914,1.1,0.9,1.05,1.071694782267556,1.0387156895967469,1.0,9.9,1.051571162658698,1.08,1.135696855671394,0.0556968556713939,,,
WR,Anthony Smith (44312812),Anthony Smith,44312812,WR/FLEX,3000,DAL@HOU 10/04/2026 01:00PM ET,DAL,0.0,,DAL@HOU,HOU,0,True,,,False,22.5,47.5,2.5,,,,,,,,,,,,,,,,,,,,,,,,,,,,False,unmodeled,,,,0,False,,,,,,,,,,,22.5,True,,,,,,0.0,0.18,1.08,0.36,3.2142857142857144,35.0,False,,,,,,,,,,1.0,1.0372340425531914,1.1,0.9,1.05,1.071694782267556,1.0387156895967469,1.0,9.9,1.051571162658698,1.08,1.135696855671394,0.0556968556713939,,,
WR,Jordan Hudson (44312814),Jordan Hudson,44312814,WR/FLEX,3000,DAL@HOU 10/04/2026 01:00PM ET,DAL,0.0,,DAL@HOU,HOU,0,True,,,False,22.5,47.5,2.5,,,,,,,,,,,,,,,,,,,,,,,,,,,,False,unmodeled,,,,0,False,,,,,,,,,,,22.5,True,,,,,,0.0,0.18,1.08,0.36,3.2142857142857144,35.0,False,,,,,,,,,,1.0,1.0372340425531914,1.1,0.9,1.05,1.071694782267556,1.0387156895967469,1.0,9.9,1.051571162658698,1.08,1.135696855671394,0.0556968556713939,,,
WR,Lewis Bond (44312816),Lewis Bond,44312816,WR/FLEX,3000,DAL@HOU 10/04/2026 01:00PM ET,HOU,0.0,,DAL@HOU,DAL,1,True,,,False,25.0,47.5,-2.5,,,,,,,,,,,,,,,,,,,,,,,,,,,,False,unmodeled,,,,0,False,,,,,,,,,,,25.0,True,,,,,,0.0,0.2,1.2000000000000002,0.4000000000000001,3.571428571428572,40.0,False,,,,,,,,,,1.0,1.0124113475177303,0.9806451612903224,1.1,1.1,0.9846018046292664,1.1,1.0,14.8,1.002302681220667,1.2000000000000002,1.2027632174648006,0.0027632174648004,,,
WR,Tank Dell (44312818),Tank Dell,44312818,WR/FLEX,3000,DAL@HOU 10/04/2026 01:00PM ET,HOU,0.0,IR,DAL@HOU,DAL,1,True,,IR,True,25.0,47.5,-2.5,,,,,,,,,,,,,,,,,,,,,,,,,,,,False,unmodeled,,,,0,False,,,,,,,,,,,25.0,True,,,,,,0.0,0.2,1.2000000000000002,0.4000000000000001,3.571428571428572,40.0,False,,,,,,,,,,1.0,1.0124113475177303,0.9806451612903224,1.1,1.1,0.9846018046292664,1.1,1.0,14.8,1.002302681220667,1.2000000000000002,1.2027632174648006,0.0027632174648004,,,
WR,Jayden Higgins (44312820),Jayden Higgins,44312820,WR/FLEX,3000,DAL@HOU 10/04/2026 01:00PM ET,HOU,0.0,IR,DAL@HOU,DAL,1,True,,IR,True,25.0,47.5,-2.5,,,,,,,,,,,,,,,,,,,,,,,,,,,,False,unmodeled,,,,0,False,,,,,,,,,,,25.0,True,,,,,,0.0,0.2,1.2000000000000002,0.4000000000000001,3.571428571428572,40.0,False,,,,,,,,,,1.0,1.0124113475177303,0.9806451612903224,1.1,1.1,0.9846018046292664,1.1,1.0,14.8,1.002302681220667,1.2000000000000002,1.2027632174648006,0.0027632174648004,,,
WR,Josh Kelly (44312822),Josh Kelly,44312822,WR/FLEX,3000,DAL@HOU 10/04/2026 01:00PM ET,HOU,0.0,,DAL@HOU,DAL,1,True,,,False,25.0,47.5,-2.5,,,,,,,,,,,,,,,,,,,,,,,,,,,,False,unmodeled,,,,0,False,,,,,,,,,,,25.0,True,,,,,,0.0,0.2,1.2000000000000002,0.4000000000000001,3.571428571428572,40.0,False,,,,,,,,,,1.0,1.0124113475177303,0.9806451612903224,1.1,1.1,0.9846018046292664,1.1,1.0,14.8,1.002302681220667,1.2000000000000002,1.2027632174648006,0.0027632174648004,,,
WR,Bryce Oliver (44312824),Bryce Oliver,44312824,WR/FLEX,3000,DAL@HOU 10/04/2026 01:00PM ET,HOU,0.0,,DAL@HOU,DAL,1,True,,,False,25.0,47.5,-2.5,,,,,,,,,,,,,,,,,,,,,,,,,,,,False,unmodeled,,,,0,False,,,,,,,,,,,25.0,True,,,,,,0.0,0.2,1.2000000000000002,0.4000000000000001,3.571428571428572,40.0,False,,,,,,,,,,1.0,1.0124113475177303,0.9806451612903224,1.1,1.1,0.9846018046292664,1.1,1.0,14.8,1.002302681220667,1.2000000000000002,1.2027632174648006,0.0027632174648004,,,
WR,Daniel Sobkowicz (44312826),Daniel Sobkowicz,44312826,WR/FLEX,3000,DAL@HOU 10/04/2026 01:00PM ET,HOU,0.0,,DAL@HOU,DAL,1,True,,,False,25.0,47.5,-2.5,,,,,,,,,,,,,,,,,,,,,,,,,,,,False,unmodeled,,,,0,False,,,,,,,,,,,25.0,True,,,,,,0.0,0.2,1.2000000000000002,0.4000000000000001,3.571428571428572,40.0,False,,,,,,,,,,1.0,1.0124113475177303,0.9806451612903224,1.1,1.1,0.9846018046292664,1.1,1.0,14.8,1.002302681220667,1.2000000000000002,1.2027632174648006,0.0027632174648004,,,
WR,Mitch Tinsley (44312828),Mitch Tinsley,44312828,WR/FLEX,3000,DAL@HOU 10/04/2026 01:00PM ET,HOU,0.0,,DAL@HOU,DAL,1,True,,,False,25.0,47.5,-2.5,,,,,,,,,,,,,,,,,,,,,,,,,,,,False,unmodeled,,,,0,False,,,,,,,,,,,25.0,True,,,,,,0.0,0.2,1.2000000000000002,0.4000000000000001,3.571428571428572,40.0,False,,,,,,,,,,1.0,1.0124113475177303,0.9806451612903224,1.1,1.1,0.9846018046292664,1.1,1.0,14.8,1.002302681220667,1.2000000000000002,1.2027632174648006,0.0027632174648004,,,
WR,Malik McClain (44312830),Malik McClain,44312830,WR/FLEX,3000,NYJ@CHI 10/04/2026 01:00PM ET,NYJ,0.0,,NYJ@CHI,CHI,0,True,,,False,20.0,43.0,3.0,,,,,,,,,,,,,,,,,,,,,,,,,,,,False,unmodeled,,,,0,False,,,,,,,,,,,20.0,True,,,,,,0.0,0.16,0.96,0.32,2.857142857142857,33.0,True,,,,,,,,,,1.0,1.0265957446808511,1.0064516129032255,0.97,0.95,0.9681247548058062,0.969586580820061,1.044,43.4,0.9905953984134708,0.96,0.9509715824769318,-0.0090284175230681,,,
WR,Jamaal Pritchett (44312832),Jamaal Pritchett,44312832,WR/FLEX,3000,NYJ@CHI 10/04/2026 01:00PM ET,NYJ,0.0,,NYJ@CHI,CHI,0,True,,,False,20.0,43.0,3.0,,,,,,,,,,,,,,,,,,,,,,,,,,,,False,unmodeled,,,,0,False,,,,,,,,,,,20.0,True,,,,,,0.0,0.16,0.96,0.32,2.857142857142857,33.0,True,,,,,,,,,,1.0,1.0265957446808511,1.0064516129032255,0.97,0.95,0.9681247548058062,0.969586580820061,1.044,43.4,0.9905953984134708,0.96,0.9509715824769318,-0.0090284175230681,,,
WR,Sterling Shepard (44312834),Sterling Shepard,44312834,WR/FLEX,3000,NYJ@CHI 10/04/2026 01:00PM ET,NYJ,3.3,,NYJ@CHI,CHI,0,True,,,False,20.0,43.0,3.0,,,,,,,,,,,,,,,,,,,,,,,,,,,,False,unmodeled,,,,0,False,,,,,,,,,,,20.0,True,,,,,,0.0,0.16,0.96,0.32,2.857142857142857,33.0,True,,,,,,,,,,1.0,1.0265957446808511,1.0064516129032255,0.97,0.95,0.9681247548058062,0.969586580820061,1.044,43.4,0.9905953984134708,0.96,0.9509715824769318,-0.0090284175230681,,,
WR,Tim Patrick (44312836),Tim Patrick,44312836,WR/FLEX,3000,NYJ@CHI 10/04/2026 01:00PM ET,NYJ,0.0,IR,NYJ@CHI,CHI,0,True,,IR,True,20.0,43.0,3.0,,,,,,,,,,,,,,,,,,,,,,,,,,,,False,unmodeled,,,,0,False,,,,,,,,,,,20.0,True,,,,,,0.0,0.16,0.96,0.32,2.857142857142857,33.0,True,,,,,,,,,,1.0,1.0265957446808511,1.0064516129032255,0.97,0.95,0.9681247548058062,0.969586580820061,1.044,43.4,0.9905953984134708,0.96,0.9509715824769318,-0.0090284175230681,,,
WR,Omar Cooper Jr. (44312838),Omar Cooper Jr.,44312838,WR/FLEX,3000,NYJ@CHI 10/04/2026 01:00PM ET,NYJ,4.0,IR,NYJ@CHI,CHI,0,True,,IR,True,20.0,43.0,3.0,,,,,,,,,,,,,,,,,,,,,,,,,,,,False,unmodeled,,,,0,False,,,,,,,,,,,20.0,True,,,,,,0.0,0.16,0.96,0.32,2.857142857142857,33.0,True,,,,,,,,,,1.0,1.0265957446808511,1.0064516129032255,0.97,0.95,0.9681247548058062,0.969586580820061,1.044,43.4,0.9905953984134708,0.96,0.9509715824769318,-0.0090284175230681,,,
WR,Arian Smith (44312840),Arian Smith,44312840,WR/FLEX,3000,NYJ@CHI 10/04/2026 01:00PM ET,NYJ,0.0,IR,NYJ@CHI,CHI,0,True,,IR,True,20.0,43.0,3.0,,,,,,,,,,,,,,,,,,,,,,,,,,,,False,unmodeled,,,,0,False,,,,,,,,,,,20.0,True,,,,,,0.0,0.16,0.96,0.32,2.857142857142857,33.0,True,,,,,,,,,,1.0,1.0265957446808511,1.0064516129032255,0.97,0.95,0.9681247548058062,0.969586580820061,1.044,43.4,0.9905953984134708,0.96,0.9509715824769318,-0.0090284175230681,,,
WR,Tyler Johnson (44312842),Tyler Johnson,44312842,WR/FLEX,3000,NYJ@CHI 10/04/2026 01:00PM ET,NYJ,0.0,,NYJ@CHI,CHI,0,True,,,False,20.0,43.0,3.0,,,,,,,,,,,,,,,,,,,,,,,,,,,,False,unmodeled,,,,0,False,,,,,,,,,,,20.0,True,,,,,,0.0,0.16,0.96,0.32,2.857142857142857,33.0,True,,,,,,,,,,1.0,1.0265957446808511,1.0064516129032255,0.97,0.95,0.9681247548058062,0.969586580820061,1.044,43.4,0.9905953984134708,0.96,0.9509715824769318,-0.0090284175230681,,,
WR,Zavion Thomas (44312844),Zavion Thomas,44312844,WR/FLEX,3000,NYJ@CHI 10/04/2026 01:00PM ET,CHI,0.0,,NYJ@CHI,NYJ,1,True,,,False,23.0,43.0,-3.0,,,,,,,,,,,,,,,,,,,,,,,,,,,,False,unmodeled,,,,0,False,,,,,,,,,,,23.0,True,,,,,,0.0,0.1839999999999999,1.1039999999999994,0.3679999999999998,3.2857142857142856,32.666666666666664,False,,,,,,,,,,1.0,0.9627659574468084,0.9032258064516128,0.94,1.1,0.968909376225971,0.9126567265333784,1.0,20.2,0.9513458699537116,1.1039999999999994,1.050285840428897,-0.0537141595711023,,,
WR,Kaden Davis (44312846),Kaden Davis,44312846,WR/FLEX,3000,NYJ@CHI 10/04/2026 01:00PM ET,CHI,0.0,,NYJ@CHI,NYJ,1,True,,,False,23.0,43.0,-3.0,,,,,,,,,,,,,,,,,,,,,,,,,,,,False,unmodeled,,,,0,False,,,,,,,,,,,23.0,True,,,,,,0.0,0.1839999999999999,1.1039999999999994,0.3679999999999998,3.2857142857142856,32.666666666666664,False,,,,,,,,,,1.0,0.9627659574468084,0.9032258064516128,0.94,1.1,0.968909376225971,0.9126567265333784,1.0,20.2,0.9513458699537116,1.1039999999999994,1.050285840428897,-0.0537141595711023,,,
WR,JP Richardson (44312848),JP Richardson,44312848,WR/FLEX,3000,NYJ@CHI 10/04/2026 01:00PM ET,CHI,0.0,,NYJ@CHI,NYJ,1,True,,,False,23.0,43.0,-3.0,,,,,,,,,,,,,,,,,,,,,,,,,,,,False,unmodeled,,,,0,False,,,,,,,,,,,23.0,True,,,,,,0.0,0.1839999999999999,1.1039999999999994,0.3679999999999998,3.2857142857142856,32.666666666666664,False,,,,,,,,,,1.0,0.9627659574468084,0.9032258064516128,0.94,1.1,0.968909376225971,0.9126567265333784,1.0,20.2,0.9513458699537116,1.1039999999999994,1.050285840428897,-0.0537141595711023,,,
WR,KhaDarel Hodge (44312850),KhaDarel Hodge,44312850,WR/FLEX,3000,DEN@SF 10/04/2026 04:25PM ET,SF,0.9,,DEN@SF,DEN,1,True,,,False,24.5,46.5,-2.5,,,,,,,,,,,,,,,,,,,,,,,,,,,,False,unmodeled,,,,0,False,,,,,,,,,,,24.5,True,,,,,,0.0,0.196,1.1760000000000002,0.392,3.5,33.0,True,,,,,,,,,,1.0,0.9946808510638298,1.0838709677419356,0.94,0.9,0.9728324833267948,1.0549813622500848,1.0,23.0,0.9972190238114024,1.1760000000000002,1.1727295720022093,-0.0032704279977908,,,
WR,Christian Kirk (44312852),Christian Kirk,44312852,WR/FLEX,3000,DEN@SF 10/04/2026 04:25PM ET,SF,0.0,IR,DEN@SF,DEN,1,True,,IR,True,24.5,46.5,-2.5,,,,,,,,,,,,,,,,,,,,,,,,,,,,False,unmodeled,,,,0,False,,,,,,,,,,,24.5,True,,,,,,0.0,0.196,1.1760000000000002,0.392,3.5,33.0,True,,,,,,,,,,1.0,0.9946808510638298,1.0838709677419356,0.94,0.9,0.9728324833267948,1.0549813622500848,1.0,23.0,0.9972190238114024,1.1760000000000002,1.1727295720022093,-0.0032704279977908,,,
WR,De'Zhaun Stribling (44312854),De'Zhaun Stribling,44312854,WR/FLEX,3000,DEN@SF 10/04/2026 04:25PM ET,SF,0.0,IR,DEN@SF,DEN,1,True,,IR,True,24.5,46.5,-2.5,,,,,,,,,,,,,,,,,,,,,,,,,,,,False,unmodeled,,,,0,False,,,,,,,,,,,24.5,True,,,,,,0.0,0.196,1.1760000000000002,0.392,3.5,33.0,True,,,,,,,,,,1.0,0.9946808510638298,1.0838709677419356,0.94,0.9,0.9728324833267948,1.0549813622500848,1.0,23.0,0.9972190238114024,1.1760000000000002,1.1727295720022093,-0.0032704279977908,,,
WR,Ricky Pearsall (44312856),Ricky Pearsall,44312856,WR/FLEX,3000,DEN@SF 10/04/2026 04:25PM ET,SF,0.0,IR,DEN@SF,DEN,1,True,,IR,True,24.5,46.5,-2.5,,,,,,,,,,,,,,,,,,,,,,,,,,,,False,unmodeled,,,,0,False,,,,,,,,,,,24.5,True,,,,,,0.0,0.196,1.1760000000000002,0.392,3.5,33.0,True,,,,,,,,,,1.0,0.9946808510638298,1.0838709677419356,0.94,0.9,0.9728324833267948,1.0549813622500848,1.0,23.0,0.9972190238114024,1.1760000000000002,1.1727295720022093,-0.0032704279977908,,,
WR,Wesley Grimes (44312858),Wesley Grimes,44312858,WR/FLEX,3000,DEN@SF 10/04/2026 04:25PM ET,SF,0.0,,DEN@SF,DEN,1,True,,,False,24.5,46.5,-2.5,,,,,,,,,,,,,,,,,,,,,,,,,,,,False,unmodeled,,,,0,False,,,,,,,,,,,24.5,True,,,,,,0.0,0.196,1.1760000000000002,0.392,3.5,33.0,True,,,,,,,,,,1.0,0.9946808510638298,1.0838709677419356,0.94,0.9,0.9728324833267948,1.0549813622500848,1.0,23.0,0.9972190238114024,1.1760000000000002,1.1727295720022093,-0.0032704279977908,,,
WR,Brandon Aiyuk (44312860),Brandon Aiyuk,44312860,WR/FLEX,3000,DEN@SF 10/04/2026 04:25PM ET,SF,0.0,OUT,DEN@SF,DEN,1,True,,OUT,True,24.5,46.5,-2.5,,,,,,,,,,,,,,,,,,,,,,,,,,,,False,unmodeled,,,,0,False,,,,,,,,,,,24.5,True,,,,,,0.0,0.196,1.1760000000000002,0.392,3.5,33.0,True,,,,,,,,,,1.0,0.9946808510638298,1.0838709677419356,0.94,0.9,0.9728324833267948,1.0549813622500848,1.0,23.0,0.9972190238114024,1.1760000000000002,1.1727295720022093,-0.0032704279977908,,,
WR,Will Pauling (44312862),Will Pauling,44312862,WR/FLEX,3000,DEN@SF 10/04/2026 04:25PM ET,SF,0.0,,DEN@SF,DEN,1,True,,,False,24.5,46.5,-2.5,,,,,,,,,,,,,,,,,,,,,,,,,,,,False,unmodeled,,,,0,False,,,,,,,,,,,24.5,True,,,,,,0.0,0.196,1.1760000000000002,0.392,3.5,33.0,True,,,,,,,,,,1.0,0.9946808510638298,1.0838709677419356,0.94,0.9,0.9728324833267948,1.0549813622500848,1.0,23.0,0.9972190238114024,1.1760000000000002,1.1727295720022093,-0.0032704279977908,,,
WR,Lil'Jordan Humphrey (44312864),Lil'Jordan Humphrey,44312864,WR/FLEX,3000,DEN@SF 10/04/2026 04:25PM ET,DEN,0.0,,DEN@SF,SF,0,True,,,False,22.0,46.5,2.5,,,,,,,,,,,,,,,,,,,,,,,,,,,,False,unmodeled,,,,0,False,,,,,,,,,,,22.0,True,,,,,,0.0,0.176,1.056,0.352,3.142857142857143,31.0,False,,,,,,,,,,1.0,0.9911347517730495,0.9806451612903224,1.1,1.05,0.9704786190663004,0.9817858353100644,1.0,7.1,0.9906280987811622,1.056,1.0461032723129071,-0.0098967276870927,,,
WR,Kolbe Katsis (44312866),Kolbe Katsis,44312866,WR/FLEX,3000,DEN@SF 10/04/2026 04:25PM ET,DEN,0.0,,DEN@SF,SF,0,True,,,False,22.0,46.5,2.5,,,,,,,,,,,,,,,,,,,,,,,,,,,,False,unmodeled,,,,0,False,,,,,,,,,,,22.0,True,,,,,,0.0,0.176,1.056,0.352,3.142857142857143,31.0,False,,,,,,,,,,1.0,0.9911347517730495,0.9806451612903224,1.1,1.05,0.9704786190663004,0.9817858353100644,1.0,7.1,0.9906280987811622,1.056,1.0461032723129071,-0.0098967276870927,,,
WR,Dane Key (44312868),Dane Key,44312868,WR/FLEX,3000,DEN@SF 10/04/2026 04:25PM ET,DEN,0.0,,DEN@SF,SF,0,True,,,False,22.0,46.5,2.5,,,,,,,,,,,,,,,,,,,,,,,,,,,,False,unmodeled,,,,0,False,,,,,,,,,,,22.0,True,,,,,,0.0,0.176,1.056,0.352,3.142857142857143,31.0,False,,,,,,,,,,1.0,0.9911347517730495,0.9806451612903224,1.1,1.05,0.9704786190663004,0.9817858353100644,1.0,7.1,0.9906280987811622,1.056,1.0461032723129071,-0.0098967276870927,,,
WR,Michael Bandy (44312870),Michael Bandy,44312870,WR/FLEX,3000,DEN@SF 10/04/2026 04:25PM ET,DEN,0.0,,DEN@SF,SF,0,True,,,False,22.0,46.5,2.5,,,,,,,,,,,,,,,,,,,,,,,,,,,,False,unmodeled,,,,0,False,,,,,,,,,,,22.0,True,,,,,,0.0,0.176,1.056,0.352,3.142857142857143,31.0,False,,,,,,,,,,1.0,0.9911347517730495,0.9806451612903224,1.1,1.05,0.9704786190663004,0.9817858353100644,1.0,7.1,0.9906280987811622,1.056,1.0461032723129071,-0.0098967276870927,,,
WR,Tai Felton (44312872),Tai Felton,44312872,WR/FLEX,3000,MIA@MIN 10/04/2026 04:05PM ET,MIN,0.0,,MIA@MIN,MIA,1,True,,,False,24.5,38.5,-10.5,,,,,,,,,,,,,,,,,,,,,,,,,,,,False,unmodeled,,,,0,False,,,,,,,,,,,24.5,True,,,,,,0.0,0.196,1.1760000000000002,0.392,3.5,24.33333333333333,False,,,,,,,,,,1.0,1.0726950354609928,1.032258064516129,1.1,0.95,0.9398783836798744,1.075313453066757,1.0,21.6,1.0075706444244177,1.1760000000000002,1.184903077843115,0.0089030778431149,,,
WR,Myles Price (44312874),Myles Price,44312874,WR/FLEX,3000,MIA@MIN 10/04/2026 04:05PM ET,MIN,2.0,,MIA@MIN,MIA,1,True,,,False,24.5,38.5,-10.5,,,,,,,,,,,,,,,,,,,,,,,,,,,,False,unmodeled,,,,0,False,,,,,,,,,,,24.5,True,,,,,,0.0,0.196,1.1760000000000002,0.392,3.5,24.33333333333333,False,,,,,,,,,,1.0,1.0726950354609928,1.032258064516129,1.1,0.95,0.9398783836798744,1.075313453066757,1.0,21.6,1.0075706444244177,1.1760000000000002,1.184903077843115,0.0089030778431149,,,
WR,Jeshaun Jones (44312876),Jeshaun Jones,44312876,WR/FLEX,3000,MIA@MIN 10/04/2026 04:05PM ET,MIN,0.0,,MIA@MIN,MIA,1,True,,,False,24.5,38.5,-10.5,,,,,,,,,,,,,,,,,,,,,,,,,,,,False,unmodeled,,,,0,False,,,,,,,,,,,24.5,True,,,,,,0.0,0.196,1.1760000000000002,0.392,3.5,24.33333333333333,False,,,,,,,,,,1.0,1.0726950354609928,1.032258064516129,1.1,0.95,0.9398783836798744,1.075313453066757,1.0,21.6,1.0075706444244177,1.1760000000000002,1.184903077843115,0.0089030778431149,,,
WR,Dillon Bell (44312878),Dillon Bell,44312878,WR/FLEX,3000,MIA@MIN 10/04/2026 04:05PM ET,MIN,0.0,,MIA@MIN,MIA,1,True,,,False,24.5,38.5,-10.5,,,,,,,,,,,,,,,,,,,,,,,,,,,,False,unmodeled,,,,0,False,,,,,,,,,,,24.5,True,,,,,,0.0,0.196,1.1760000000000002,0.392,3.5,24.33333333333333,False,,,,,,,,,,1.0,1.0726950354609928,1.032258064516129,1.1,0.95,0.9398783836798744,1.075313453066757,1.0,21.6,1.0075706444244177,1.1760000000000002,1.184903077843115,0.0089030778431149,,,
WR,Michael Briscoe (44312880),Michael Briscoe,44312880,WR/FLEX,3000,MIA@MIN 10/04/2026 04:05PM ET,MIN,0.0,,MIA@MIN,MIA,1,True,,,False,24.5,38.5,-10.5,,,,,,,,,,,,,,,,,,,,,,,,,,,,False,unmodeled,,,,0,False,,,,,,,,,,,24.5,True,,,,,,0.0,0.196,1.1760000000000002,0.392,3.5,24.33333333333333,False,,,,,,,,,,1.0,1.0726950354609928,1.032258064516129,1.1,0.95,0.9398783836798744,1.075313453066757,1.0,21.6,1.0075706444244177,1.1760000000000002,1.184903077843115,0.0089030778431149,,,
WR,Kevin Coleman Jr. (44312882),Kevin Coleman Jr.,44312882,WR/FLEX,3000,MIA@MIN 10/04/2026 04:05PM ET,MIA,0.4,,MIA@MIN,MIN,0,True,,,False,14.0,38.5,10.5,,,,,,,,,,,,,,,,,,,,,,,,,,,,False,unmodeled,,,,0,False,,,,,,,,,,,14.0,False,,,,,,0.0,0.1119999999999999,0.6719999999999995,0.2239999999999998,2.0,33.0,True,,,,,,,,,,1.0,0.9875886524822696,0.9806451612903224,0.91,1.0,1.0379560612004708,0.9411216536767196,1.0,4.4,1.0011064229188438,0.6719999999999995,0.6727435162014626,0.000743516201463,,,
WR,Jalen Tolbert (44312884),Jalen Tolbert,44312884,WR/FLEX,3000,MIA@MIN 10/04/2026 04:05PM ET,MIA,0.0,,MIA@MIN,MIN,0,True,,,False,14.0,38.5,10.5,,,,,,,,,,,,,,,,,,,,,,,,,,,,False,unmodeled,,,,0,False,,,,,,,,,,,14.0,False,,,,,,0.0,0.1119999999999999,0.6719999999999995,0.2239999999999998,2.0,33.0,True,,,,,,,,,,1.0,0.9875886524822696,0.9806451612903224,0.91,1.0,1.0379560612004708,0.9411216536767196,1.0,4.4,1.0011064229188438,0.6719999999999995,0.6727435162014626,0.000743516201463,,,
WR,Jalen Reagor (44312886),Jalen Reagor,44312886,WR/FLEX,3000,MIA@MIN 10/04/2026 04:05PM ET,MIA,0.0,,MIA@MIN,MIN,0,True,,,False,14.0,38.5,10.5,,,,,,,,,,,,,,,,,,,,,,,,,,,,False,unmodeled,,,,0,False,,,,,,,,,,,14.0,False,,,,,,0.0,0.1119999999999999,0.6719999999999995,0.2239999999999998,2.0,33.0,True,,,,,,,,,,1.0,0.9875886524822696,0.9806451612903224,0.91,1.0,1.0379560612004708,0.9411216536767196,1.0,4.4,1.0011064229188438,0.6719999999999995,0.6727435162014626,0.000743516201463,,,
WR,Will Sheppard (44312888),Will Sheppard,44312888,WR/FLEX,3000,MIA@MIN 10/04/2026 04:05PM ET,MIA,0.0,,MIA@MIN,MIN,0,True,,,False,14.0,38.5,10.5,,,,,,,,,,,,,,,,,,,,,,,,,,,,False,unmodeled,,,,0,False,,,,,,,,,,,14.0,False,,,,,,0.0,0.1119999999999999,0.6719999999999995,0.2239999999999998,2.0,33.0,True,,,,,,,,,,1.0,0.9875886524822696,0.9806451612903224,0.91,1.0,1.0379560612004708,0.9411216536767196,1.0,4.4,1.0011064229188438,0.6719999999999995,0.6727435162014626,0.000743516201463,,,
WR,AJ Henning (44312890),AJ Henning,44312890,WR/FLEX,3000,MIA@MIN 10/04/2026 04:05PM ET,MIA,0.0,,MIA@MIN,MIN,0,True,,,False,14.0,38.5,10.5,,,,,,,,,,,,,,,,,,,,,,,,,,,,False,unmodeled,,,,0,False,,,,,,,,,,,14.0,False,,,,,,0.0,0.1119999999999999,0.6719999999999995,0.2239999999999998,2.0,33.0,True,,,,,,,,,,1.0,0.9875886524822696,0.9806451612903224,0.91,1.0,1.0379560612004708,0.9411216536767196,1.0,4.4,1.0011064229188438,0.6719999999999995,0.6727435162014626,0.000743516201463,,,
WR,Jalen Brooks (44312892),Jalen Brooks,44312892,WR/FLEX,3000,ARI@NYG 10/04/2026 01:00PM ET,ARI,0.0,,ARI@NYG,NYG,0,True,,,False,22.75,44.5,-1.0,,,,,,,,,,,,,,,,,,,,,,,,,,,,False,unmodeled,,,,0,False,,,,,,,,,,,22.75,True,,,,,,0.0,0.182,1.092,0.364,3.25,39.0,False,,,,,,,,,,1.0,0.99822695035461,0.9806451612903224,0.97,1.05,1.037171439780306,1.006184344290071,1.023294117647059,18.8,1.0094129177478548,1.092,1.1022789061806575,0.0102789061806574,,,
WR,Simi Fehoko (44312894),Simi Fehoko,44312894,WR/FLEX,3000,ARI@NYG 10/04/2026 01:00PM ET,ARI,0.0,,ARI@NYG,NYG,0,True,,,False,22.75,44.5,-1.0,,,,,,,,,,,,,,,,,,,,,,,,,,,,False,unmodeled,,,,0,False,,,,,,,,,,,22.75,True,,,,,,0.0,0.182,1.092,0.364,3.25,39.0,False,,,,,,,,,,1.0,0.99822695035461,0.9806451612903224,0.97,1.05,1.037171439780306,1.006184344290071,1.023294117647059,18.8,1.0094129177478548,1.092,1.1022789061806575,0.0102789061806574,,,
WR,Devin Duvernay (44312896),Devin Duvernay,44312896,WR/FLEX,3000,ARI@NYG 10/04/2026 01:00PM ET,ARI,0.0,,ARI@NYG,NYG,0,True,,,False,22.75,44.5,-1.0,,,,,,,,,,,,,,,,,,,,,,,,,,,,False,unmodeled,,,,0,False,,,,,,,,,,,22.75,True,,,,,,0.0,0.182,1.092,0.364,3.25,39.0,False,,,,,,,,,,1.0,0.99822695035461,0.9806451612903224,0.97,1.05,1.037171439780306,1.006184344290071,1.023294117647059,18.8,1.0094129177478548,1.092,1.1022789061806575,0.0102789061806574,,,
WR,Reggie Virgil (44312898),Reggie Virgil,44312898,WR/FLEX,3000,ARI@NYG 10/04/2026 01:00PM ET,ARI,0.0,,ARI@NYG,NYG,0,True,,,False,22.75,44.5,-1.0,,,,,,,,,,,,,,,,,,,,,,,,,,,,False,unmodeled,,,,0,False,,,,,,,,,,,22.75,True,,,,,,0.0,0.182,1.092,0.364,3.25,39.0,False,,,,,,,,,,1.0,0.99822695035461,0.9806451612903224,0.97,1.05,1.037171439780306,1.006184344290071,1.023294117647059,18.8,1.0094129177478548,1.092,1.1022789061806575,0.0102789061806574,,,
WR,Ihmir Smith-Marsette (44312900),Ihmir Smith-Marsette,44312900,WR/FLEX,3000,ARI@NYG 10/04/2026 01:00PM ET,ARI,0.0,,ARI@NYG,NYG,0,True,,,False,22.75,44.5,-1.0,,,,,,,,,,,,,,,,,,,,,,,,,,,,False,unmodeled,,,,0,False,,,,,,,,,,,22.75,True,,,,,,0.0,0.182,1.092,0.364,3.25,39.0,False,,,,,,,,,,1.0,0.99822695035461,0.9806451612903224,0.97,1.05,1.037171439780306,1.006184344290071,1.023294117647059,18.8,1.0094129177478548,1.092,1.1022789061806575,0.0102789061806574,,,
WR,Harrison Wallace III (44312902),Harrison Wallace III,44312902,WR/FLEX,3000,ARI@NYG 10/04/2026 01:00PM ET,ARI,0.0,,ARI@NYG,NYG,0,True,,,False,22.75,44.5,-1.0,,,,,,,,,,,,,,,,,,,,,,,,,,,,False,unmodeled,,,,0,False,,,,,,,,,,,22.75,True,,,,,,0.0,0.182,1.092,0.364,3.25,39.0,False,,,,,,,,,,1.0,0.99822695035461,0.9806451612903224,0.97,1.05,1.037171439780306,1.006184344290071,1.023294117647059,18.8,1.0094129177478548,1.092,1.1022789061806575,0.0102789061806574,,,
WR,Braxton Berrios (44312904),Braxton Berrios,44312904,WR/FLEX,3000,ARI@NYG 10/04/2026 01:00PM ET,NYG,0.0,,ARI@NYG,ARI,1,True,,,False,21.75,44.5,1.0,,,,,,,,,,,,,,,,,,,,,,,,,,,,False,unmodeled,,,,0,False,,,,,,,,,,,21.75,True,,,,,,0.0,0.174,1.044,0.348,3.107142857142857,33.0,True,,,,,,,,,,1.0,1.0797872340425532,1.032258064516129,1.06,1.05,1.0638485680659082,1.1,1.0,11.0,1.0611302770435227,1.044,1.1078200092334378,0.0638200092334377,,,
WR,Calvin Austin III (44312906),Calvin Austin III,44312906,WR/FLEX,3000,ARI@NYG 10/04/2026 01:00PM ET,NYG,0.0,IR,ARI@NYG,ARI,1,True,,IR,True,21.75,44.5,1.0,,,,,,,,,,,,,,,,,,,,,,,,,,,,False,unmodeled,,,,0,False,,,,,,,,,,,21.75,True,,,,,,0.0,0.174,1.044,0.348,3.107142857142857,33.0,True,,,,,,,,,,1.0,1.0797872340425532,1.032258064516129,1.06,1.05,1.0638485680659082,1.1,1.0,11.0,1.0611302770435227,1.044,1.1078200092334378,0.0638200092334377,,,
WR,Gunner Olszewski (44312908),Gunner Olszewski,44312908,WR/FLEX,3000,ARI@NYG 10/04/2026 01:00PM ET,NYG,0.0,IR,ARI@NYG,ARI,1,True,,IR,True,21.75,44.5,1.0,,,,,,,,,,,,,,,,,,,,,,,,,,,,False,unmodeled,,,,0,False,,,,,,,,,,,21.75,True,,,,,,0.0,0.174,1.044,0.348,3.107142857142857,33.0,True,,,,,,,,,,1.0,1.0797872340425532,1.032258064516129,1.06,1.05,1.0638485680659082,1.1,1.0,11.0,1.0611302770435227,1.044,1.1078200092334378,0.0638200092334377,,,
WR,Dalen Cambre (44312910),Dalen Cambre,44312910,WR/FLEX,3000,ARI@NYG 10/04/2026 01:00PM ET,NYG,0.0,,ARI@NYG,ARI,1,True,,,False,21.75,44.5,1.0,,,,,,,,,,,,,,,,,,,,,,,,,,,,False,unmodeled,,,,0,False,,,,,,,,,,,21.75,True,,,,,,0.0,0.174,1.044,0.348,3.107142857142857,33.0,True,,,,,,,,,,1.0,1.0797872340425532,1.032258064516129,1.06,1.05,1.0638485680659082,1.1,1.0,11.0,1.0611302770435227,1.044,1.1078200092334378,0.0638200092334377,,,
WR,Charlie Jones (44312912),Charlie Jones,44312912,WR/FLEX,3000,ARI@NYG 10/04/2026 01:00PM ET,NYG,0.0,,ARI@NYG,ARI,1,True,,,False,21.75,44.5,1.0,,,,,,,,,,,,,,,,,,,,,,,,,,,,False,unmodeled,,,,0,False,,,,,,,,,,,21.75,True,,,,,,0.0,0.174,1.044,0.348,3.107142857142857,33.0,True,,,,,,,,,,1.0,1.0797872340425532,1.032258064516129,1.06,1.05,1.0638485680659082,1.1,1.0,11.0,1.0611302770435227,1.044,1.1078200092334378,0.0638200092334377,,,
WR,Jalin Hyatt (44312914),Jalin Hyatt,44312914,WR/FLEX,3000,ARI@NYG 10/04/2026 01:00PM ET,NYG,0.0,,ARI@NYG,ARI,1,True,,,False,21.75,44.5,1.0,,,,,,,,,,,,,,,,,,,,,,,,,,,,False,unmodeled,,,,0,False,,,,,,,,,,,21.75,True,,,,,,0.0,0.174,1.044,0.348,3.107142857142857,33.0,True,,,,,,,,,,1.0,1.0797872340425532,1.032258064516129,1.06,1.05,1.0638485680659082,1.1,1.0,11.0,1.0611302770435227,1.044,1.1078200092334378,0.0638200092334377,,,
WR,Elijah Moore (44312916),Elijah Moore,44312916,WR/FLEX,3000,LAR@PHI 10/04/2026 01:00PM ET,PHI,0.0,,LAR@PHI,LAR,1,True,,,False,20.5,44.0,3.0,,,,,,,,,,,,,,,,,,,,,,,,,,,,False,unmodeled,,,,0,False,,,,,,,,,,,20.5,True,,,,,,0.0,0.1639999999999999,0.9839999999999992,0.3279999999999998,2.9285714285714284,33.0,True,,,,,,,,,,1.0,0.9343971631205674,0.9290322580645162,1.09,0.95,0.9916633974107494,0.9065570992883768,1.0,21.8,0.9746542712278824,0.9839999999999992,0.9590598028882354,-0.0249401971117637,,,
WR,Britain Covey (44312918),Britain Covey,44312918,WR/FLEX,3000,LAR@PHI 10/04/2026 01:00PM ET,PHI,0.0,,LAR@PHI,LAR,1,True,,,False,20.5,44.0,3.0,,,,,,,,,,,,,,,,,,,,,,,,,,,,False,unmodeled,,,,0,False,,,,,,,,,,,20.5,True,,,,,,0.0,0.1639999999999999,0.9839999999999992,0.3279999999999998,2.9285714285714284,33.0,True,,,,,,,,,,1.0,0.9343971631205674,0.9290322580645162,1.09,0.95,0.9916633974107494,0.9065570992883768,1.0,21.8,0.9746542712278824,0.9839999999999992,0.9590598028882354,-0.0249401971117637,,,
WR,Johnny Wilson (44312920),Johnny Wilson,44312920,WR/FLEX,3000,LAR@PHI 10/04/2026 01:00PM ET,PHI,0.0,IR,LAR@PHI,LAR,1,True,,IR,True,20.5,44.0,3.0,,,,,,,,,,,,,,,,,,,,,,,,,,,,False,unmodeled,,,,0,False,,,,,,,,,,,20.5,True,,,,,,0.0,0.1639999999999999,0.9839999999999992,0.3279999999999998,2.9285714285714284,33.0,True,,,,,,,,,,1.0,0.9343971631205674,0.9290322580645162,1.09,0.95,0.9916633974107494,0.9065570992883768,1.0,21.8,0.9746542712278824,0.9839999999999992,0.9590598028882354,-0.0249401971117637,,,
WR,Xavier Gipson (44312922),Xavier Gipson,44312922,WR/FLEX,3000,LAR@PHI 10/04/2026 01:00PM ET,PHI,0.0,,LAR@PHI,LAR,1,True,,,False,20.5,44.0,3.0,,,,,,,,,,,,,,,,,,,,,,,,,,,,False,unmodeled,,,,0,False,,,,,,,,,,,20.5,True,,,,,,0.0,0.1639999999999999,0.9839999999999992,0.3279999999999998,2.9285714285714284,33.0,True,,,,,,,,,,1.0,0.9343971631205674,0.9290322580645162,1.09,0.95,0.9916633974107494,0.9065570992883768,1.0,21.8,0.9746542712278824,0.9839999999999992,0.9590598028882354,-0.0249401971117637,,,
WR,Xavier Smith (44312924),Xavier Smith,44312924,WR/FLEX,3000,LAR@PHI 10/04/2026 01:00PM ET,LAR,0.0,,LAR@PHI,PHI,0,True,,,False,23.5,44.0,-3.0,,,,,,,,,,,,,,,,,,,,,,,,,,,,False,unmodeled,,,,0,False,,,,,,,,,,,23.5,True,,,,,,0.0,0.188,1.128,0.376,3.357142857142857,37.0,False,,,,,,,,,,1.0,0.9911347517730495,1.0064516129032255,1.09,1.1,1.0324637112593174,0.9,1.0,22.0,1.0226826805906004,1.128,1.1535860637061972,0.0255860637061973,,,
WR,CJ Daniels (44312926),CJ Daniels,44312926,WR/FLEX,3000,LAR@PHI 10/04/2026 01:00PM ET,LAR,0.0,,LAR@PHI,PHI,0,True,,,False,23.5,44.0,-3.0,,,,,,,,,,,,,,,,,,,,,,,,,,,,False,unmodeled,,,,0,False,,,,,,,,,,,23.5,True,,,,,,0.0,0.188,1.128,0.376,3.357142857142857,37.0,False,,,,,,,,,,1.0,0.9911347517730495,1.0064516129032255,1.09,1.1,1.0324637112593174,0.9,1.0,22.0,1.0226826805906004,1.128,1.1535860637061972,0.0255860637061973,,,
WR,Alex Bachman (44312928),Alex Bachman,44312928,WR/FLEX,3000,LAR@PHI 10/04/2026 01:00PM ET,LAR,0.0,,LAR@PHI,PHI,0,True,,,False,23.5,44.0,-3.0,,,,,,,,,,,,,,,,,,,,,,,,,,,,False,unmodeled,,,,0,False,,,,,,,,,,,23.5,True,,,,,,0.0,0.188,1.128,0.376,3.357142857142857,37.0,False,,,,,,,,,,1.0,0.9911347517730495,1.0064516129032255,1.09,1.1,1.0324637112593174,0.9,1.0,22.0,1.0226826805906004,1.128,1.1535860637061972,0.0255860637061973,,,
WR,Brennan Presley (44312930),Brennan Presley,44312930,WR/FLEX,3000,LAR@PHI 10/04/2026 01:00PM ET,LAR,0.0,,LAR@PHI,PHI,0,True,,,False,23.5,44.0,-3.0,,,,,,,,,,,,,,,,,,,,,,,,,,,,False,unmodeled,,,,0,False,,,,,,,,,,,23.5,True,,,,,,0.0,0.188,1.128,0.376,3.357142857142857,37.0,False,,,,,,,,,,1.0,0.9911347517730495,1.0064516129032255,1.09,1.1,1.0324637112593174,0.9,1.0,22.0,1.0226826805906004,1.128,1.1535860637061972,0.0255860637061973,,,
WR,LaJohntay Wester (44312932),LaJohntay Wester,44312932,WR/FLEX,3000,TEN@BAL 10/04/2026 01:00PM ET,BAL,2.0,,TEN@BAL,TEN,1,True,,,False,27.5,43.5,-11.5,,,,,,,,,,,,,,,,,,,,,,,,,,,,False,unmodeled,,,,0,False,,,,,,,,,,,27.5,True,,,,,,0.0,0.2199999999999999,1.3199999999999994,0.4399999999999998,3.928571428571429,33.0,True,,,,,,,,,,1.0,1.00531914893617,1.032258064516129,1.0,1.0,1.0159866614358573,0.9004574720433751,1.0,12.6,1.0149753977834042,1.3199999999999994,1.3397675250740928,0.0197675250740934,,,
WR,Ja'Kobi Lane (44312934),Ja'Kobi Lane,44312934,WR/FLEX,3000,TEN@BAL 10/04/2026 01:00PM ET,BAL,2.1,IR,TEN@BAL,TEN,1,True,,IR,True,27.5,43.5,-11.5,,,,,,,,,,,,,,,,,,,,,,,,,,,,False,unmodeled,,,,0,False,,,,,,,,,,,27.5,True,,,,,,0.0,0.2199999999999999,1.3199999999999994,0.4399999999999998,3.928571428571429,33.0,True,,,,,,,,,,1.0,1.00531914893617,1.032258064516129,1.0,1.0,1.0159866614358573,0.9004574720433751,1.0,12.6,1.0149753977834042,1.3199999999999994,1.3397675250740928,0.0197675250740934,,,
WR,Gage Larvadain (44312936),Gage Larvadain,44312936,WR/FLEX,3000,TEN@BAL 10/04/2026 01:00PM ET,BAL,0.0,,TEN@BAL,TEN,1,True,,,False,27.5,43.5,-11.5,,,,,,,,,,,,,,,,,,,,,,,,,,,,False,unmodeled,,,,0,False,,,,,,,,,,,27.5,True,,,,,,0.0,0.2199999999999999,1.3199999999999994,0.4399999999999998,3.928571428571429,33.0,True,,,,,,,,,,1.0,1.00531914893617,1.032258064516129,1.0,1.0,1.0159866614358573,0.9004574720433751,1.0,12.6,1.0149753977834042,1.3199999999999994,1.3397675250740928,0.0197675250740934,,,
WR,Shedrick Jackson (44312938),Shedrick Jackson,44312938,WR/FLEX,3000,TEN@BAL 10/04/2026 01:00PM ET,BAL,0.0,,TEN@BAL,TEN,1,True,,,False,27.5,43.5,-11.5,,,,,,,,,,,,,,,,,,,,,,,,,,,,False,unmodeled,,,,0,False,,,,,,,,,,,27.5,True,,,,,,0.0,0.2199999999999999,1.3199999999999994,0.4399999999999998,3.928571428571429,33.0,True,,,,,,,,,,1.0,1.00531914893617,1.032258064516129,1.0,1.0,1.0159866614358573,0.9004574720433751,1.0,12.6,1.0149753977834042,1.3199999999999994,1.3397675250740928,0.0197675250740934,,,
WR,Xavier Guillory (44312940),Xavier Guillory,44312940,WR/FLEX,3000,TEN@BAL 10/04/2026 01:00PM ET,BAL,0.0,,TEN@BAL,TEN,1,True,,,False,27.5,43.5,-11.5,,,,,,,,,,,,,,,,,,,,,,,,,,,,False,unmodeled,,,,0,False,,,,,,,,,,,27.5,True,,,,,,0.0,0.2199999999999999,1.3199999999999994,0.4399999999999998,3.928571428571429,33.0,True,,,,,,,,,,1.0,1.00531914893617,1.032258064516129,1.0,1.0,1.0159866614358573,0.9004574720433751,1.0,12.6,1.0149753977834042,1.3199999999999994,1.3397675250740928,0.0197675250740934,,,
WR,Chimere Dike (44312942),Chimere Dike,44312942,WR/FLEX,3000,TEN@BAL 10/04/2026 01:00PM ET,TEN,0.3,,TEN@BAL,BAL,0,True,,,False,16.0,43.5,11.5,,,,,,,,,,,,,,,,,,,,,,,,,,,,False,unmodeled,,,,0,False,,,,,,,,,,,16.0,False,,,,,,0.0,0.128,0.768,0.256,2.2857142857142856,33.0,True,,,,,,,,,,1.0,0.9946808510638298,1.0064516129032255,1.03,1.05,1.048156139662613,1.006184344290071,0.992235294117647,14.5,1.0246307981947784,0.768,0.7869164530135898,0.0189164530135897,,,
WR,K.J. Osborn (44312944),K.J. Osborn,44312944,WR/FLEX,3000,TEN@BAL 10/04/2026 01:00PM ET,TEN,0.0,,TEN@BAL,BAL,0,True,,,False,16.0,43.5,11.5,,,,,,,,,,,,,,,,,,,,,,,,,,,,False,unmodeled,,,,0,False,,,,,,,,,,,16.0,False,,,,,,0.0,0.128,0.768,0.256,2.2857142857142856,33.0,True,,,,,,,,,,1.0,0.9946808510638298,1.0064516129032255,1.03,1.05,1.048156139662613,1.006184344290071,0.992235294117647,14.5,1.0246307981947784,0.768,0.7869164530135898,0.0189164530135897,,,
WR,Xavier Restrepo (44312946),Xavier Restrepo,44312946,WR/FLEX,3000,TEN@BAL 10/04/2026 01:00PM ET,TEN,0.0,,TEN@BAL,BAL,0,True,,,False,16.0,43.5,11.5,,,,,,,,,,,,,,,,,,,,,,,,,,,,False,unmodeled,,,,0,False,,,,,,,,,,,16.0,False,,,,,,0.0,0.128,0.768,0.256,2.2857142857142856,33.0,True,,,,,,,,,,1.0,0.9946808510638298,1.0064516129032255,1.03,1.05,1.048156139662613,1.006184344290071,0.992235294117647,14.5,1.0246307981947784,0.768,0.7869164530135898,0.0189164530135897,,,
WR,Tyren Montgomery (44312948),Tyren Montgomery,44312948,WR/FLEX,3000,TEN@BAL 10/04/2026 01:00PM ET,TEN,0.0,,TEN@BAL,BAL,0,True,,,False,16.0,43.5,11.5,,,,,,,,,,,,,,,,,,,,,,,,,,,,False,unmodeled,,,,0,False,,,,,,,,,,,16.0,False,,,,,,0.0,0.128,0.768,0.256,2.2857142857142856,33.0,True,,,,,,,,,,1.0,0.9946808510638298,1.0064516129032255,1.03,1.05,1.048156139662613,1.006184344290071,0.992235294117647,14.5,1.0246307981947784,0.768,0.7869164530135898,0.0189164530135897,,,
WR,Tez Johnson (44312950),Tez Johnson,44312950,WR/FLEX,3000,GB@TB 10/04/2026 01:00PM ET,TB,2.4,,GB@TB,GB,1,True,,,False,17.75,39.5,4.0,,,,,,,,,,,,,,,,,,,,,,,,,,,,False,unmodeled,,,,0,False,,,,,,,,,,,17.75,False,,,,,,0.0,0.142,0.8519999999999999,0.284,2.5357142857142856,33.0,True,,,,,,,,,,1.0,1.0088652482269502,0.9290322580645162,0.97,1.0,1.0403099254609651,0.9838190443917316,1.0,13.5,1.003162230127075,0.8519999999999999,0.8546942200682678,0.0026942200682679,,,
WR,Kameron Johnson (44312952),Kameron Johnson,44312952,WR/FLEX,3000,GB@TB 10/04/2026 01:00PM ET,TB,0.0,,GB@TB,GB,1,True,,,False,17.75,39.5,4.0,,,,,,,,,,,,,,,,,,,,,,,,,,,,False,unmodeled,,,,0,False,,,,,,,,,,,17.75,False,,,,,,0.0,0.142,0.8519999999999999,0.284,2.5357142857142856,33.0,True,,,,,,,,,,1.0,1.0088652482269502,0.9290322580645162,0.97,1.0,1.0403099254609651,0.9838190443917316,1.0,13.5,1.003162230127075,0.8519999999999999,0.8546942200682678,0.0026942200682679,,,
WR,David Sills V (44312954),David Sills V,44312954,WR/FLEX,3000,GB@TB 10/04/2026 01:00PM ET,TB,0.0,IR,GB@TB,GB,1,True,,IR,True,17.75,39.5,4.0,,,,,,,,,,,,,,,,,,,,,,,,,,,,False,unmodeled,,,,0,False,,,,,,,,,,,17.75,False,,,,,,0.0,0.142,0.8519999999999999,0.284,2.5357142857142856,33.0,True,,,,,,,,,,1.0,1.0088652482269502,0.9290322580645162,0.97,1.0,1.0403099254609651,0.9838190443917316,1.0,13.5,1.003162230127075,0.8519999999999999,0.8546942200682678,0.0026942200682679,,,
WR,Garrett Greene (44312956),Garrett Greene,44312956,WR/FLEX,3000,GB@TB 10/04/2026 01:00PM ET,TB,0.0,,GB@TB,GB,1,True,,,False,17.75,39.5,4.0,,,,,,,,,,,,,,,,,,,,,,,,,,,,False,unmodeled,,,,0,False,,,,,,,,,,,17.75,False,,,,,,0.0,0.142,0.8519999999999999,0.284,2.5357142857142856,33.0,True,,,,,,,,,,1.0,1.0088652482269502,0.9290322580645162,0.97,1.0,1.0403099254609651,0.9838190443917316,1.0,13.5,1.003162230127075,0.8519999999999999,0.8546942200682678,0.0026942200682679,,,
WR,Eric Rivers Jr. (44312958),Eric Rivers Jr.,44312958,WR/FLEX,3000,GB@TB 10/04/2026 01:00PM ET,TB,0.0,,GB@TB,GB,1,True,,,False,17.75,39.5,4.0,,,,,,,,,,,,,,,,,,,,,,,,,,,,False,unmodeled,,,,0,False,,,,,,,,,,,17.75,False,,,,,,0.0,0.142,0.8519999999999999,0.284,2.5357142857142856,33.0,True,,,,,,,,,,1.0,1.0088652482269502,0.9290322580645162,0.97,1.0,1.0403099254609651,0.9838190443917316,1.0,13.5,1.003162230127075,0.8519999999999999,0.8546942200682678,0.0026942200682679,,,
WR,Dean Patterson IV (44312960),Dean Patterson IV,44312960,WR/FLEX,3000,GB@TB 10/04/2026 01:00PM ET,TB,0.0,,GB@TB,GB,1,True,,,False,17.75,39.5,4.0,,,,,,,,,,,,,,,,,,,,,,,,,,,,False,unmodeled,,,,0,False,,,,,,,,,,,17.75,False,,,,,,0.0,0.142,0.8519999999999999,0.284,2.5357142857142856,33.0,True,,,,,,,,,,1.0,1.0088652482269502,0.9290322580645162,0.97,1.0,1.0403099254609651,0.9838190443917316,1.0,13.5,1.003162230127075,0.8519999999999999,0.8546942200682678,0.0026942200682679,,,
WR,J. Michael Sturdivant (44312962),J. Michael Sturdivant,44312962,WR/FLEX,3000,GB@TB 10/04/2026 01:00PM ET,GB,2.6,,GB@TB,TB,0,True,,,False,21.75,39.5,-4.0,,,,,,,,,,,,,,,,,,,,,,,,,,,,False,unmodeled,,,,0,False,,,,,,,,,,,21.75,True,,,,,,0.0,0.174,1.044,0.348,3.107142857142857,41.333333333333336,False,,,,,,,,,,1.0,0.99822695035461,1.0064516129032255,1.0,1.0,0.9649862691251472,1.0712470349034224,1.0,30.5,0.9850908812756138,1.044,1.0284348800517409,-0.0155651199482591,,,
WR,Savion Williams (44312964),Savion Williams,44312964,WR/FLEX,3000,GB@TB 10/04/2026 01:00PM ET,GB,0.0,IR,GB@TB,TB,0,True,,IR,True,21.75,39.5,-4.0,,,,,,,,,,,,,,,,,,,,,,,,,,,,False,unmodeled,,,,0,False,,,,,,,,,,,21.75,True,,,,,,0.0,0.174,1.044,0.348,3.107142857142857,41.333333333333336,False,,,,,,,,,,1.0,0.99822695035461,1.0064516129032255,1.0,1.0,0.9649862691251472,1.0712470349034224,1.0,30.5,0.9850908812756138,1.044,1.0284348800517409,-0.0155651199482591,,,
WR,Quincy Skinner Jr. (44312966),Quincy Skinner Jr.,44312966,WR/FLEX,3000,GB@TB 10/04/2026 01:00PM ET,GB,0.0,,GB@TB,TB,0,True,,,False,21.75,39.5,-4.0,,,,,,,,,,,,,,,,,,,,,,,,,,,,False,unmodeled,,,,0,False,,,,,,,,,,,21.75,True,,,,,,0.0,0.174,1.044,0.348,3.107142857142857,41.333333333333336,False,,,,,,,,,,1.0,0.99822695035461,1.0064516129032255,1.0,1.0,0.9649862691251472,1.0712470349034224,1.0,30.5,0.9850908812756138,1.044,1.0284348800517409,-0.0155651199482591,,,
WR,Isaiah Neyor (44312968),Isaiah Neyor,44312968,WR/FLEX,3000,GB@TB 10/04/2026 01:00PM ET,GB,0.0,,GB@TB,TB,0,True,,,False,21.75,39.5,-4.0,,,,,,,,,,,,,,,,,,,,,,,,,,,,False,unmodeled,,,,0,False,,,,,,,,,,,21.75,True,,,,,,0.0,0.174,1.044,0.348,3.107142857142857,41.333333333333336,False,,,,,,,,,,1.0,0.99822695035461,1.0064516129032255,1.0,1.0,0.9649862691251472,1.0712470349034224,1.0,30.5,0.9850908812756138,1.044,1.0284348800517409,-0.0155651199482591,,,
WR,Josh Cameron (44312970),Josh Cameron,44312970,WR/FLEX,3000,JAX@CIN 10/04/2026 01:00PM ET,JAX,6.1,,JAX@CIN,CIN,0,True,,,False,24.5,51.5,2.5,,,,,,,,,,,,,,,,,,,,,,,,,,,,False,unmodeled,,,,0,False,,,,,,,,,,,24.5,True,,,,,,0.0,0.196,1.1760000000000002,0.392,3.5,33.0,True,,,,,,,,,,1.0,1.0088652482269502,1.1,0.9,1.05,0.9916633974107494,1.1,1.0,21.5,1.0084648408915748,1.1760000000000002,1.185954652888492,0.0099546528884919,,,
WR,CJ Williams (44312972),CJ Williams,44312972,WR/FLEX,3000,JAX@CIN 10/04/2026 01:00PM ET,JAX,0.0,,JAX@CIN,CIN,0,True,,,False,24.5,51.5,2.5,,,,,,,,,,,,,,,,,,,,,,,,,,,,False,unmodeled,,,,0,False,,,,,,,,,,,24.5,True,,,,,,0.0,0.196,1.1760000000000002,0.392,3.5,33.0,True,,,,,,,,,,1.0,1.0088652482269502,1.1,0.9,1.05,0.9916633974107494,1.1,1.0,21.5,1.0084648408915748,1.1760000000000002,1.185954652888492,0.0099546528884919,,,
WR,Michael Wortham (44312974),Michael Wortham,44312974,WR/FLEX,3000,JAX@CIN 10/04/2026 01:00PM ET,JAX,0.0,,JAX@CIN,CIN,0,True,,,False,24.5,51.5,2.5,,,,,,,,,,,,,,,,,,,,,,,,,,,,False,unmodeled,,,,0,False,,,,,,,,,,,24.5,True,,,,,,0.0,0.196,1.1760000000000002,0.392,3.5,33.0,True,,,,,,,,,,1.0,1.0088652482269502,1.1,0.9,1.05,0.9916633974107494,1.1,1.0,21.5,1.0084648408915748,1.1760000000000002,1.185954652888492,0.0099546528884919,,,
WR,Trebor Pena (44312976),Trebor Pena,44312976,WR/FLEX,3000,JAX@CIN 10/04/2026 01:00PM ET,JAX,0.0,,JAX@CIN,CIN,0,True,,,False,24.5,51.5,2.5,,,,,,,,,,,,,,,,,,,,,,,,,,,,False,unmodeled,,,,0,False,,,,,,,,,,,24.5,True,,,,,,0.0,0.196,1.1760000000000002,0.392,3.5,33.0,True,,,,,,,,,,1.0,1.0088652482269502,1.1,0.9,1.05,0.9916633974107494,1.1,1.0,21.5,1.0084648408915748,1.1760000000000002,1.185954652888492,0.0099546528884919,,,
WR,Tim Jones (44312978),Tim Jones,44312978,WR/FLEX,3000,JAX@CIN 10/04/2026 01:00PM ET,JAX,0.0,,JAX@CIN,CIN,0,True,,,False,24.5,51.5,2.5,,,,,,,,,,,,,,,,,,,,,,,,,,,,False,unmodeled,,,,0,False,,,,,,,,,,,24.5,True,,,,,,0.0,0.196,1.1760000000000002,0.392,3.5,33.0,True,,,,,,,,,,1.0,1.0088652482269502,1.1,0.9,1.05,0.9916633974107494,1.1,1.0,21.5,1.0084648408915748,1.1760000000000002,1.185954652888492,0.0099546528884919,,,
WR,Austin Trammell (44312980),Austin Trammell,44312980,WR/FLEX,3000,JAX@CIN 10/04/2026 01:00PM ET,JAX,0.0,,JAX@CIN,CIN,0,True,,,False,24.5,51.5,2.5,,,,,,,,,,,,,,,,,,,,,,,,,,,,False,unmodeled,,,,0,False,,,,,,,,,,,24.5,True,,,,,,0.0,0.196,1.1760000000000002,0.392,3.5,33.0,True,,,,,,,,,,1.0,1.0088652482269502,1.1,0.9,1.05,0.9916633974107494,1.1,1.0,21.5,1.0084648408915748,1.1760000000000002,1.185954652888492,0.0099546528884919,,,
WR,Colbie Young (44312982),Colbie Young,44312982,WR/FLEX,3000,JAX@CIN 10/04/2026 01:00PM ET,CIN,1.0,OUT,JAX@CIN,JAX,1,True,,OUT,True,27.0,51.5,-2.5,,,,,,,,,,,,,,,,,,,,,,,,,,,,False,unmodeled,,,,0,False,,,,,,,,,,,27.0,True,,,,,,0.0,0.216,1.296,0.432,3.857142857142857,34.333333333333336,False,,,,,,,,,,1.0,0.99822695035461,0.9806451612903224,1.06,0.9,1.0018634758728913,0.908590308370044,1.0,18.5,1.0025243339895182,1.296,1.2992715368504155,0.0032715368504157,,,
WR,Dohnte Meyers (44312984),Dohnte Meyers,44312984,WR/FLEX,3000,JAX@CIN 10/04/2026 01:00PM ET,CIN,3.2,,JAX@CIN,JAX,1,True,,,False,27.0,51.5,-2.5,,,,,,,,,,,,,,,,,,,,,,,,,,,,False,unmodeled,,,,0,False,,,,,,,,,,,27.0,True,,,,,,0.0,0.216,1.296,0.432,3.857142857142857,34.333333333333336,False,,,,,,,,,,1.0,0.99822695035461,0.9806451612903224,1.06,0.9,1.0018634758728913,0.908590308370044,1.0,18.5,1.0025243339895182,1.296,1.2992715368504155,0.0032715368504157,,,
WR,Ke'Shawn Williams (44312986),Ke'Shawn Williams,44312986,WR/FLEX,3000,JAX@CIN 10/04/2026 01:00PM ET,CIN,-1.0,,JAX@CIN,JAX,1,True,,,False,27.0,51.5,-2.5,,,,,,,,,,,,,,,,,,,,,,,,,,,,False,unmodeled,,,,0,False,,,,,,,,,,,27.0,True,,,,,,0.0,0.216,1.296,0.432,3.857142857142857,34.333333333333336,False,,,,,,,,,,1.0,0.99822695035461,0.9806451612903224,1.06,0.9,1.0018634758728913,0.908590308370044,1.0,18.5,1.0025243339895182,1.296,1.2992715368504155,0.0032715368504157,,,
WR,Andrei Iosivas (44312988),Andrei Iosivas,44312988,WR/FLEX,3000,JAX@CIN 10/04/2026 01:00PM ET,CIN,2.5,IR,JAX@CIN,JAX,1,True,,IR,True,27.0,51.5,-2.5,,,,,,,,,,,,,,,,,,,,,,,,,,,,False,unmodeled,,,,0,False,,,,,,,,,,,27.0,True,,,,,,0.0,0.216,1.296,0.432,3.857142857142857,34.333333333333336,False,,,,,,,,,,1.0,0.99822695035461,0.9806451612903224,1.06,0.9,1.0018634758728913,0.908590308370044,1.0,18.5,1.0025243339895182,1.296,1.2992715368504155,0.0032715368504157,,,
WR,Jordan Moore (44312990),Jordan Moore,44312990,WR/FLEX,3000,JAX@CIN 10/04/2026 01:00PM ET,CIN,0.0,,JAX@CIN,JAX,1,True,,,False,27.0,51.5,-2.5,,,,,,,,,,,,,,,,,,,,,,,,,,,,False,unmodeled,,,,0,False,,,,,,,,,,,27.0,True,,,,,,0.0,0.216,1.296,0.432,3.857142857142857,34.333333333333336,False,,,,,,,,,,1.0,0.99822695035461,0.9806451612903224,1.06,0.9,1.0018634758728913,0.908590308370044,1.0,18.5,1.0025243339895182,1.296,1.2992715368504155,0.0032715368504157,,,
WR,Noah Thomas (44312992),Noah Thomas,44312992,WR/FLEX,3000,JAX@CIN 10/04/2026 01:00PM ET,CIN,0.0,,JAX@CIN,JAX,1,True,,,False,27.0,51.5,-2.5,,,,,,,,,,,,,,,,,,,,,,,,,,,,False,unmodeled,,,,0,False,,,,,,,,,,,27.0,True,,,,,,0.0,0.216,1.296,0.432,3.857142857142857,34.333333333333336,False,,,,,,,,,,1.0,0.99822695035461,0.9806451612903224,1.06,0.9,1.0018634758728913,0.908590308370044,1.0,18.5,1.0025243339895182,1.296,1.2992715368504155,0.0032715368504157,,,
WR,Efton Chism III (44312994),Efton Chism III,44312994,WR/FLEX,3000,NE@BUF 10/04/2026 01:00PM ET,NE,1.3,,NE@BUF,BUF,0,True,,,False,21.0,48.5,6.5,,,,,,,,,,,,,,,,,,,,,,,,,,,,False,unmodeled,,,,0,False,,,,,,,,,,,21.0,True,,,,,,0.0,0.1679999999999999,1.0079999999999991,0.3359999999999998,3.0,33.0,True,,,,,,,,,,1.0,1.0159574468085106,1.1,0.91,1.05,1.0622793252255789,0.9634869535750592,1.0,12.6,1.043015058053638,1.0079999999999991,1.0513591785180665,0.0433591785180671,,,
WR,A.J. Brown (44312996),A.J. Brown,44312996,WR/FLEX,3000,NE@BUF 10/04/2026 01:00PM ET,NE,5.6,IR,NE@BUF,BUF,0,True,,IR,True,21.0,48.5,6.5,,,,,,,,,,,,,,,,,,,,,,,,,,,,False,unmodeled,,,,0,False,,,,,,,,,,,21.0,True,,,,,,0.0,0.1679999999999999,1.0079999999999991,0.3359999999999998,3.0,33.0,True,,,,,,,,,,1.0,1.0159574468085106,1.1,0.91,1.05,1.0622793252255789,0.9634869535750592,1.0,12.6,1.043015058053638,1.0079999999999991,1.0513591785180665,0.0433591785180671,,,
WR,Jeremiah Webb (44312998),Jeremiah Webb,44312998,WR/FLEX,3000,NE@BUF 10/04/2026 01:00PM ET,NE,0.0,IR,NE@BUF,BUF,0,True,,IR,True,21.0,48.5,6.5,,,,,,,,,,,,,,,,,,,,,,,,,,,,False,unmodeled,,,,0,False,,,,,,,,,,,21.0,True,,,,,,0.0,0.1679999999999999,1.0079999999999991,0.3359999999999998,3.0,33.0,True,,,,,,,,,,1.0,1.0159574468085106,1.1,0.91,1.05,1.0622793252255789,0.9634869535750592,1.0,12.6,1.043015058053638,1.0079999999999991,1.0513591785180665,0.0433591785180671,,,
WR,Kyle Dixon (44313000),Kyle Dixon,44313000,WR/FLEX,3000,NE@BUF 10/04/2026 01:00PM ET,NE,0.0,,NE@BUF,BUF,0,True,,,False,21.0,48.5,6.5,,,,,,,,,,,,,,,,,,,,,,,,,,,,False,unmodeled,,,,0,False,,,,,,,,,,,21.0,True,,,,,,0.0,0.1679999999999999,1.0079999999999991,0.3359999999999998,3.0,33.0,True,,,,,,,,,,1.0,1.0159574468085106,1.1,0.91,1.05,1.0622793252255789,0.9634869535750592,1.0,12.6,1.043015058053638,1.0079999999999991,1.0513591785180665,0.0433591785180671,,,
WR,Cameron Dorner (44313002),Cameron Dorner,44313002,WR/FLEX,3000,NE@BUF 10/04/2026 01:00PM ET,NE,0.0,,NE@BUF,BUF,0,True,,,False,21.0,48.5,6.5,,,,,,,,,,,,,,,,,,,,,,,,,,,,False,unmodeled,,,,0,False,,,,,,,,,,,21.0,True,,,,,,0.0,0.1679999999999999,1.0079999999999991,0.3359999999999998,3.0,33.0,True,,,,,,,,,,1.0,1.0159574468085106,1.1,0.91,1.05,1.0622793252255789,0.9634869535750592,1.0,12.6,1.043015058053638,1.0079999999999991,1.0513591785180665,0.0433591785180671,,,
WR,Chandler Brayboy (44313004),Chandler Brayboy,44313004,WR/FLEX,3000,NE@BUF 10/04/2026 01:00PM ET,NE,0.0,,NE@BUF,BUF,0,True,,,False,21.0,48.5,6.5,,,,,,,,,,,,,,,,,,,,,,,,,,,,False,unmodeled,,,,0,False,,,,,,,,,,,21.0,True,,,,,,0.0,0.1679999999999999,1.0079999999999991,0.3359999999999998,3.0,33.0,True,,,,,,,,,,1.0,1.0159574468085106,1.1,0.91,1.05,1.0622793252255789,0.9634869535750592,1.0,12.6,1.043015058053638,1.0079999999999991,1.0513591785180665,0.0433591785180671,,,
WR,Skyler Bell (44313006),Skyler Bell,44313006,WR/FLEX,3000,NE@BUF 10/04/2026 01:00PM ET,BUF,0.0,,NE@BUF,NE,1,True,,,False,27.5,48.5,-6.5,,,,,,,,,,,,,,,,,,,,,,,,,,,,False,unmodeled,,,,0,False,,,,,,,,,,,27.5,True,,,,,,0.0,0.2199999999999999,1.3199999999999994,0.4399999999999998,3.928571428571429,28.666666666666668,False,,,,,,,,,,1.0,0.9663120567375888,0.9290322580645162,0.97,1.0,1.0159866614358573,0.9,1.0,30.4,0.981578463443436,1.3199999999999994,1.295683571745335,-0.0243164282546644,,,
WR,Greg Dortch (44313008),Greg Dortch,44313008,WR/FLEX,3000,NE@BUF 10/04/2026 01:00PM ET,BUF,0.0,,NE@BUF,NE,1,True,,,False,27.5,48.5,-6.5,,,,,,,,,,,,,,,,,,,,,,,,,,,,False,unmodeled,,,,0,False,,,,,,,,,,,27.5,True,,,,,,0.0,0.2199999999999999,1.3199999999999994,0.4399999999999998,3.928571428571429,28.666666666666668,False,,,,,,,,,,1.0,0.9663120567375888,0.9290322580645162,0.97,1.0,1.0159866614358573,0.9,1.0,30.4,0.981578463443436,1.3199999999999994,1.295683571745335,-0.0243164282546644,,,
WR,Tyrell Shavers (44313010),Tyrell Shavers,44313010,WR/FLEX,3000,NE@BUF 10/04/2026 01:00PM ET,BUF,0.0,OUT,NE@BUF,NE,1,True,,OUT,True,27.5,48.5,-6.5,,,,,,,,,,,,,,,,,,,,,,,,,,,,False,unmodeled,,,,0,False,,,,,,,,,,,27.5,True,,,,,,0.0,0.2199999999999999,1.3199999999999994,0.4399999999999998,3.928571428571429,28.666666666666668,False,,,,,,,,,,1.0,0.9663120567375888,0.9290322580645162,0.97,1.0,1.0159866614358573,0.9,1.0,30.4,0.981578463443436,1.3199999999999994,1.295683571745335,-0.0243164282546644,,,
WR,Stephen Gosnell (44313012),Stephen Gosnell,44313012,WR/FLEX,3000,NE@BUF 10/04/2026 01:00PM ET,BUF,0.0,,NE@BUF,NE,1,True,,,False,27.5,48.5,-6.5,,,,,,,,,,,,,,,,,,,,,,,,,,,,False,unmodeled,,,,0,False,,,,,,,,,,,27.5,True,,,,,,0.0,0.2199999999999999,1.3199999999999994,0.4399999999999998,3.928571428571429,28.666666666666668,False,,,,,,,,,,1.0,0.9663120567375888,0.9290322580645162,0.97,1.0,1.0159866614358573,0.9,1.0,30.4,0.981578463443436,1.3199999999999994,1.295683571745335,-0.0243164282546644,,,
WR,Trent Sherfield Sr. (44313014),Trent Sherfield Sr.,44313014,WR/FLEX,3000,NE@BUF 10/04/2026 01:00PM ET,BUF,0.0,,NE@BUF,NE,1,True,,,False,27.5,48.5,-6.5,,,,,,,,,,,,,,,,,,,,,,,,,,,,False,unmodeled,,,,0,False,,,,,,,,,,,27.5,True,,,,,,0.0,0.2199999999999999,1.3199999999999994,0.4399999999999998,3.928571428571429,28.666666666666668,False,,,,,,,,,,1.0,0.9663120567375888,0.9290322580645162,0.97,1.0,1.0159866614358573,0.9,1.0,30.4,0.981578463443436,1.3199999999999994,1.295683571745335,-0.0243164282546644,,,
WR,Ja'Mori Maclin (44313016),Ja'Mori Maclin,44313016,WR/FLEX,3000,NE@BUF 10/04/2026 01:00PM ET,BUF,0.0,,NE@BUF,NE,1,True,,,False,27.5,48.5,-6.5,,,,,,,,,,,,,,,,,,,,,,,,,,,,False,unmodeled,,,,0,False,,,,,,,,,,,27.5,True,,,,,,0.0,0.2199999999999999,1.3199999999999994,0.4399999999999998,3.928571428571429,28.666666666666668,False,,,,,,,,,,1.0,0.9663120567375888,0.9290322580645162,0.97,1.0,1.0159866614358573,0.9,1.0,30.4,0.981578463443436,1.3199999999999994,1.295683571745335,-0.0243164282546644,,,
TE,Terrance Ferguson (44313064),Terrance Ferguson,44313064,TE/FLEX,3000,LAR@PHI 10/04/2026 01:00PM ET,LAR,6.4,D,LAR@PHI,PHI,0,True,,D,True,23.5,44.0,-3.0,,,,,,,,,,,,,,,,,,,,,,,,,,,,False,unmodeled,,,,0,False,,,,,,,,,,,23.5,True,,,,,,0.0,0.188,1.128,0.376,3.357142857142857,37.0,False,,,,,,,,,,1.0,0.9911347517730495,1.0064516129032255,1.09,1.1,1.0324637112593174,0.9,1.0,22.0,0.9524288492335852,1.128,1.074339741935484,-0.053660258064516,,,
TE,AJ Barner (44313066),AJ Barner,44313066,TE/FLEX,3000,LAC@SEA 10/04/2026 04:25PM ET,SEA,7.7,,LAC@SEA,LAC,1,True,,,False,25.0,43.0,-7.0,,,,,,,,,,,,,,,,,,,,,,,,,,,,False,unmodeled,,,,0,False,,,,,,,,,,,25.0,True,,,,,,0.0,0.2,1.2000000000000002,0.4000000000000001,3.571428571428572,33.0,True,,,,,,,,,,1.0,1.033687943262411,1.032258064516129,0.97,0.95,1.0159866614358573,1.0082175533717384,1.0,12.1,1.013167446621672,1.2000000000000002,1.215800935946007,0.0158009359460065,,,
DST,Bears (44313315),Bears,44313315,DST,3000,NYJ@CHI 10/04/2026 01:00PM ET,CHI,6.5,,NYJ@CHI,NYJ,1,True,,,False,23.0,43.0,-3.0,,,,,,,,,,,,,,,,,,,,,,,,,,,,False,unmodeled,,,,0,False,,,,,,,,,,,0.0,False,,,,,,,,,,3.2857142857142856,32.666666666666664,False,,,,,,,,,,1.0,0.9627659574468084,0.9032258064516128,0.94,1.1,0.968909376225971,0.9126567265333784,1.0,20.2,1.0,,,,,,
TE,Colby Parkinson (44313068),Colby Parkinson,44313068,TE/FLEX,2900,LAR@PHI 10/04/2026 01:00PM ET,LAR,1.7,Q,LAR@PHI,PHI,0,True,,Q,True,23.5,44.0,-3.0,,,,,,,,,,,,,,,,,,,,,,,,,,,,False,unmodeled,,,,0,False,,,,,,,,,,,23.5,True,,,,,,0.0,0.188,1.128,0.3889655172413793,3.357142857142857,37.0,False,,,,,,,,,,1.0,0.9911347517730495,1.0064516129032255,1.09,1.1,1.0324637112593174,0.9,1.0,22.0,0.9524288492335852,1.128,1.074339741935484,-0.053660258064516,,,
TE,Evan Engram (44313070),Evan Engram,44313070,TE/FLEX,2900,DEN@SF 10/04/2026 04:25PM ET,DEN,5.7,,DEN@SF,SF,0,True,,,False,22.0,46.5,2.5,,,,,,,,,,,,,,,,,,,,,,,,,,,,False,unmodeled,,,,0,False,,,,,,,,,,,22.0,True,,,,,,0.0,0.176,1.056,0.3641379310344828,3.142857142857143,31.0,False,,,,,,,,,,1.0,0.9911347517730495,0.9806451612903224,1.1,1.05,0.9704786190663004,0.9817858353100644,1.0,7.1,0.99583041349283,1.056,1.0515969166484285,-0.0044030833515715,,,
TE,Jonnu Smith (44313072),Jonnu Smith,44313072,TE/FLEX,2900,GB@TB 10/04/2026 01:00PM ET,GB,3.5,,GB@TB,TB,0,True,,,False,21.75,39.5,-4.0,,,,,,,,,,,,,,,,,,,,,,,,,,,,False,unmodeled,,,,0,False,,,,,,,,,,,21.75,True,,,,,,0.0,0.174,1.044,0.36,3.107142857142857,41.333333333333336,False,,,,,,,,,,1.0,0.99822695035461,1.0064516129032255,1.0,1.0,0.9649862691251472,1.0712470349034224,1.0,30.5,1.0393877680758576,1.044,1.0851208298711954,0.0411208298711953,,,
DST,49ers (44313316),49ers,44313316,DST,2900,DEN@SF 10/04/2026 04:25PM ET,SF,5.7,,DEN@SF,DEN,1,True,,,False,24.5,46.5,-2.5,,,,,,,,,,,,,,,,,,,,,,,,,,,,False,unmodeled,,,,0,False,,,,,,,,,,,0.0,False,,,,,,,,,,3.5,33.0,True,,,,,,,,,,1.0,0.9946808510638298,1.0838709677419356,0.94,0.9,0.9728324833267948,1.0549813622500848,1.0,23.0,1.0,,,,,,
DST,Texans (44313317),Texans,44313317,DST,2900,DAL@HOU 10/04/2026 01:00PM ET,HOU,5.0,,DAL@HOU,DAL,1,True,,,False,25.0,47.5,-2.5,,,,,,,,,,,,,,,,,,,,,,,,,,,,False,unmodeled,,,,0,False,,,,,,,,,,,0.0,False,,,,,,,,,,3.571428571428572,40.0,False,,,,,,,,,,1.0,1.0124113475177303,0.9806451612903224,1.1,1.1,0.9846018046292664,1.1,1.0,14.8,1.0,,,,,,
TE,Cole Kmet (44313074),Cole Kmet,44313074,TE/FLEX,2800,NYJ@CHI 10/04/2026 01:00PM ET,CHI,5.8,,NYJ@CHI,NYJ,1,True,,,False,23.0,43.0,-3.0,,,,,,,,,,,,,,,,,,,,,,,,,,,,False,unmodeled,,,,0,False,,,,,,,,,,,23.0,True,,,,,,0.0,0.1839999999999999,1.1039999999999994,0.3942857142857141,3.2857142857142856,32.666666666666664,False,,,,,,,,,,1.0,0.9627659574468084,0.9032258064516128,0.94,1.1,0.968909376225971,0.9126567265333784,1.0,20.2,0.9269752696002216,1.1039999999999994,1.023380697638644,-0.0806193023613552,,,
TE,Dawson Knox (44313076),Dawson Knox,44313076,TE/FLEX,2800,NE@BUF 10/04/2026 01:00PM ET,BUF,3.9,,NE@BUF,NE,1,True,,,False,27.5,48.5,-6.5,,,,,,,,,,,,,,,,,,,,,,,,,,,,False,unmodeled,,,,0,False,,,,,,,,,,,27.5,True,,,,,,0.0,0.2199999999999999,1.3199999999999994,0.4714285714285712,3.928571428571429,28.666666666666668,False,,,,,,,,,,1.0,0.9663120567375888,0.9290322580645162,0.97,1.0,1.0159866614358573,0.9,1.0,30.4,0.9264812399908487,1.3199999999999994,1.2229552367879195,-0.0970447632120796,,,
TE,Gunnar Helm (44313078),Gunnar Helm,44313078,TE/FLEX,2800,TEN@BAL 10/04/2026 01:00PM ET,TEN,4.5,,TEN@BAL,BAL,0,True,,,False,16.0,43.5,11.5,,,,,,,,,,,,,,,,,,,,,,,,,,,,False,unmodeled,,,,0,False,,,,,,,,,,,16.0,False,,,,,,0.0,0.128,0.768,0.2742857142857143,2.2857142857142856,33.0,True,,,,,,,,,,1.0,0.9946808510638298,1.0064516129032255,1.03,1.05,1.048156139662613,1.006184344290071,0.992235294117647,14.5,1.0057167634158193,0.768,0.7723904743033492,0.0043904743033491,,,
DST,Buccaneers (44313318),Buccaneers,44313318,DST,2800,GB@TB 10/04/2026 01:00PM ET,TB,5.3,,GB@TB,GB,1,True,,,False,17.75,39.5,4.0,,,,,,,,,,,,,,,,,,,,,,,,,,,,False,unmodeled,,,,0,False,,,,,,,,,,,0.0,False,,,,,,,,,,2.5357142857142856,33.0,True,,,,,,,,,,1.0,1.0088652482269502,0.9290322580645162,0.97,1.0,1.0403099254609651,0.9838190443917316,1.0,13.5,1.0,,,,,,
DST,Bengals (44313319),Bengals,44313319,DST,2800,JAX@CIN 10/04/2026 01:00PM ET,CIN,10.7,,JAX@CIN,JAX,1,True,,,False,27.0,51.5,-2.5,,,,,,,,,,,,,,,,,,,,,,,,,,,,False,unmodeled,,,,0,False,,,,,,,,,,,0.0,False,,,,,,,,,,3.857142857142857,34.333333333333336,False,,,,,,,,,,1.0,0.99822695035461,0.9806451612903224,1.06,0.9,1.0018634758728913,0.908590308370044,1.0,18.5,1.0,,,,,,
TE,Eli Raridon (44313080),Eli Raridon,44313080,TE/FLEX,2700,NE@BUF 10/04/2026 01:00PM ET,NE,5.6,Q,NE@BUF,BUF,0,True,,Q,True,21.0,48.5,6.5,,,,,,,,,,,,,,,,,,,,,,,,,,,,False,unmodeled,,,,0,False,,,,,,,,,,,21.0,True,,,,,,0.0,0.1679999999999999,1.0079999999999991,0.3733333333333331,3.0,33.0,True,,,,,,,,,,1.0,1.0159574468085106,1.1,0.91,1.05,1.0622793252255789,0.9634869535750592,1.0,12.6,0.9849071861684104,1.0079999999999991,0.9927864436577568,-0.0152135563422424,,,
TE,Noah Gray (44313082),Noah Gray,44313082,TE/FLEX,2700,KC@LV 10/04/2026 04:25PM ET,KC,2.8,,KC@LV,LV,0,True,,,False,26.0,47.5,-4.5,,,,,,,,,,,,,,,,,,,,,,,,,,,,False,unmodeled,,,,0,False,,,,,,,,,,,26.0,True,,,,,,0.0,0.208,1.248,0.4622222222222222,3.7142857142857135,32.666666666666664,False,,,,,,,,,,1.0,0.99822695035461,0.9806451612903224,0.9,0.9,0.9390937622597098,1.1,1.0129411764705882,11.6,1.0426212537176849,1.248,1.301191324639671,0.0531913246396706,,,
TE,Foster Moreau (44313084),Foster Moreau,44313084,TE/FLEX,2700,DAL@HOU 10/04/2026 01:00PM ET,HOU,5.9,,DAL@HOU,DAL,1,True,,,False,25.0,47.5,-2.5,,,,,,,,,,,,,,,,,,,,,,,,,,,,False,unmodeled,,,,0,False,,,,,,,,,,,25.0,True,,,,,,0.0,0.2,1.2000000000000002,0.4444444444444445,3.571428571428572,40.0,False,,,,,,,,,,1.0,1.0124113475177303,0.9806451612903224,1.1,1.1,0.9846018046292664,1.1,1.0,14.8,1.066167353008465,1.2000000000000002,1.2794008236101582,0.0794008236101579,,,
DST,Cowboys (44313320),Cowboys,44313320,DST,2700,DAL@HOU 10/04/2026 01:00PM ET,DAL,1.7,,DAL@HOU,HOU,0,True,,,False,22.5,47.5,2.5,,,,,,,,,,,,,,,,,,,,,,,,,,,,False,unmodeled,,,,0,False,,,,,,,,,,,0.0,False,,,,,,,,,,3.2142857142857144,35.0,False,,,,,,,,,,1.0,1.0372340425531914,1.1,0.9,1.05,1.071694782267556,1.0387156895967469,1.0,9.9,1.0,,,,,,
DST,Eagles (44313321),Eagles,44313321,DST,2700,LAR@PHI 10/04/2026 01:00PM ET,PHI,3.0,,LAR@PHI,LAR,1,True,,,False,20.5,44.0,3.0,,,,,,,,,,,,,,,,,,,,,,,,,,,,False,unmodeled,,,,0,False,,,,,,,,,,,0.0,False,,,,,,,,,,2.9285714285714284,33.0,True,,,,,,,,,,1.0,0.9343971631205674,0.9290322580645162,1.09,0.95,0.9916633974107494,0.9065570992883768,1.0,21.8,1.0,,,,,,
TE,Johnny Mundt (44313086),Johnny Mundt,44313086,TE/FLEX,2600,LAR@PHI 10/04/2026 01:00PM ET,PHI,1.4,,LAR@PHI,LAR,1,True,,,False,20.5,44.0,3.0,,,,,,,,,,,,,,,,,,,,,,,,,,,,False,unmodeled,,,,0,False,,,,,,,,,,,20.5,True,,,,,,0.0,0.1639999999999999,0.9839999999999992,0.3784615384615382,2.9285714285714284,33.0,True,,,,,,,,,,1.0,0.9343971631205674,0.9290322580645162,1.09,0.95,0.9916633974107494,0.9065570992883768,1.0,21.8,0.9341089211952008,0.9839999999999992,0.9191631784560768,-0.0648368215439224,,,
TE,Drew Sample (44313088),Drew Sample,44313088,TE/FLEX,2600,JAX@CIN 10/04/2026 01:00PM ET,CIN,2.0,,JAX@CIN,JAX,1,True,,,False,27.0,51.5,-2.5,,,,,,,,,,,,,,,,,,,,,,,,,,,,False,unmodeled,,,,0,False,,,,,,,,,,,27.0,True,,,,,,0.0,0.216,1.296,0.4984615384615384,3.857142857142857,34.333333333333336,False,,,,,,,,,,1.0,0.99822695035461,0.9806451612903224,1.06,0.9,1.0018634758728913,0.908590308370044,1.0,18.5,0.9533459233212088,1.296,1.2355363166242868,-0.0604636833757132,,,
TE,Charlie Kolar (44313090),Charlie Kolar,44313090,TE/FLEX,2600,LAC@SEA 10/04/2026 04:25PM ET,LAC,2.6,D,LAC@SEA,SEA,0,True,,D,True,18.0,43.0,7.0,,,,,,,,,,,,,,,,,,,,,,,,,,,,False,unmodeled,,,,0,False,,,,,,,,,,,18.0,False,,,,,,0.0,0.144,0.8639999999999999,0.3323076923076922,2.571428571428572,33.0,True,,,,,,,,,,1.0,0.927304964539007,0.9,0.97,0.9,0.9367398979992154,0.9797526262283972,1.0,5.3,0.9576901855603702,0.8639999999999999,0.8274443203241597,-0.0365556796758401,,,
DST,Jaguars (44313322),Jaguars,44313322,DST,2600,JAX@CIN 10/04/2026 01:00PM ET,JAX,10.7,,JAX@CIN,CIN,0,True,,,False,24.5,51.5,2.5,,,,,,,,,,,,,,,,,,,,,,,,,,,,False,unmodeled,,,,0,False,,,,,,,,,,,0.0,False,,,,,,,,,,3.5,33.0,True,,,,,,,,,,1.0,1.0088652482269502,1.1,0.9,1.05,0.9916633974107494,1.1,1.0,21.5,1.0,,,,,,
DST,Rams (44313323),Rams,44313323,DST,2600,LAR@PHI 10/04/2026 01:00PM ET,LAR,5.3,,LAR@PHI,PHI,0,True,,,False,23.5,44.0,-3.0,,,,,,,,,,,,,,,,,,,,,,,,,,,,False,unmodeled,,,,0,False,,,,,,,,,,,0.0,False,,,,,,,,,,3.357142857142857,37.0,False,,,,,,,,,,1.0,0.9911347517730495,1.0064516129032255,1.09,1.1,1.0324637112593174,0.9,1.0,22.0,1.0,,,,,,
TE,Davis Allen (44313092),Davis Allen,44313092,TE/FLEX,2500,LAR@PHI 10/04/2026 01:00PM ET,LAR,2.6,,LAR@PHI,PHI,0,True,,,False,23.5,44.0,-3.0,,,,,,,,,,,,,,,,,,,,,,,,,,,,False,unmodeled,,,,0,False,,,,,,,,,,,23.5,True,,,,,,0.0,0.188,1.128,0.4512,3.357142857142857,37.0,False,,,,,,,,,,1.0,0.9911347517730495,1.0064516129032255,1.09,1.1,1.0324637112593174,0.9,1.0,22.0,0.9524288492335852,1.128,1.074339741935484,-0.053660258064516,,,
TE,Theo Johnson (44313094),Theo Johnson,44313094,TE/FLEX,2500,ARI@NYG 10/04/2026 01:00PM ET,NYG,0.6,,ARI@NYG,ARI,1,True,,,False,21.75,44.5,1.0,,,,,,,,,,,,,,,,,,,,,,,,,,,,False,unmodeled,,,,0,False,,,,,,,,,,,21.75,True,,,,,,0.0,0.174,1.044,0.4176,3.107142857142857,33.0,True,,,,,,,,,,1.0,1.0797872340425532,1.032258064516129,1.06,1.05,1.0638485680659082,1.1,1.0,11.0,1.08,1.044,1.12752,0.08352,,,
TE,David Njoku (44313096),David Njoku,44313096,TE/FLEX,2500,LAC@SEA 10/04/2026 04:25PM ET,LAC,6.4,IR,LAC@SEA,SEA,0,True,,IR,True,18.0,43.0,7.0,,,,,,,,,,,,,,,,,,,,,,,,,,,,False,unmodeled,,,,0,False,,,,,,,,,,,18.0,False,,,,,,0.0,0.144,0.8639999999999999,0.3455999999999999,2.571428571428572,33.0,True,,,,,,,,,,1.0,0.927304964539007,0.9,0.97,0.9,0.9367398979992154,0.9797526262283972,1.0,5.3,0.9576901855603702,0.8639999999999999,0.8274443203241597,-0.0365556796758401,,,
TE,Eric Saubert (44313098),Eric Saubert,44313098,TE/FLEX,2500,LAC@SEA 10/04/2026 04:25PM ET,SEA,2.8,,LAC@SEA,LAC,1,True,,,False,25.0,43.0,-7.0,,,,,,,,,,,,,,,,,,,,,,,,,,,,False,unmodeled,,,,0,False,,,,,,,,,,,25.0,True,,,,,,0.0,0.2,1.2000000000000002,0.4800000000000001,3.571428571428572,33.0,True,,,,,,,,,,1.0,1.033687943262411,1.032258064516129,0.97,0.95,1.0159866614358573,1.0082175533717384,1.0,12.1,1.013167446621672,1.2000000000000002,1.215800935946007,0.0158009359460065,,,
TE,Elijah Arroyo (44313100),Elijah Arroyo,44313100,TE/FLEX,2500,LAC@SEA 10/04/2026 04:25PM ET,SEA,0.9,,LAC@SEA,LAC,1,True,,,False,25.0,43.0,-7.0,,,,,,,,,,,,,,,,,,,,,,,,,,,,False,unmodeled,,,,0,False,,,,,,,,,,,25.0,True,,,,,,0.0,0.2,1.2000000000000002,0.4800000000000001,3.571428571428572,33.0,True,,,,,,,,,,1.0,1.033687943262411,1.032258064516129,0.97,0.95,1.0159866614358573,1.0082175533717384,1.0,12.1,1.013167446621672,1.2000000000000002,1.215800935946007,0.0158009359460065,,,
TE,Nick Kallerup (44313102),Nick Kallerup,44313102,TE/FLEX,2500,LAC@SEA 10/04/2026 04:25PM ET,SEA,0.0,,LAC@SEA,LAC,1,True,,,False,25.0,43.0,-7.0,,,,,,,,,,,,,,,,,,,,,,,,,,,,False,unmodeled,,,,0,False,,,,,,,,,,,25.0,True,,,,,,0.0,0.2,1.2000000000000002,0.4800000000000001,3.571428571428572,33.0,True,,,,,,,,,,1.0,1.033687943262411,1.032258064516129,0.97,0.95,1.0159866614358573,1.0082175533717384,1.0,12.1,1.013167446621672,1.2000000000000002,1.215800935946007,0.0158009359460065,,,
TE,Hayden Rucci (44313104),Hayden Rucci,44313104,TE/FLEX,2500,LAC@SEA 10/04/2026 04:25PM ET,LAC,0.0,,LAC@SEA,SEA,0,True,,,False,18.0,43.0,7.0,,,,,,,,,,,,,,,,,,,,,,,,,,,,False,unmodeled,,,,0,False,,,,,,,,,,,18.0,False,,,,,,0.0,0.144,0.8639999999999999,0.3455999999999999,2.571428571428572,33.0,True,,,,,,,,,,1.0,0.927304964539007,0.9,0.97,0.9,0.9367398979992154,0.9797526262283972,1.0,5.3,0.9576901855603702,0.8639999999999999,0.8274443203241597,-0.0365556796758401,,,
TE,Patrick Herbert (44313106),Patrick Herbert,44313106,TE/FLEX,2500,LAC@SEA 10/04/2026 04:25PM ET,LAC,0.0,,LAC@SEA,SEA,0,True,,,False,18.0,43.0,7.0,,,,,,,,,,,,,,,,,,,,,,,,,,,,False,unmodeled,,,,0,False,,,,,,,,,,,18.0,False,,,,,,0.0,0.144,0.8639999999999999,0.3455999999999999,2.571428571428572,33.0,True,,,,,,,,,,1.0,0.927304964539007,0.9,0.97,0.9,0.9367398979992154,0.9797526262283972,1.0,5.3,0.9576901855603702,0.8639999999999999,0.8274443203241597,-0.0365556796758401,,,
TE,Evan Svoboda (44313108),Evan Svoboda,44313108,TE/FLEX,2500,LAC@SEA 10/04/2026 04:25PM ET,LAC,0.0,,LAC@SEA,SEA,0,True,,,False,18.0,43.0,7.0,,,,,,,,,,,,,,,,,,,,,,,,,,,,False,unmodeled,,,,0,False,,,,,,,,,,,18.0,False,,,,,,0.0,0.144,0.8639999999999999,0.3455999999999999,2.571428571428572,33.0,True,,,,,,,,,,1.0,0.927304964539007,0.9,0.97,0.9,0.9367398979992154,0.9797526262283972,1.0,5.3,0.9576901855603702,0.8639999999999999,0.8274443203241597,-0.0365556796758401,,,
TE,Ian Thomas (44313110),Ian Thomas,44313110,TE/FLEX,2500,KC@LV 10/04/2026 04:25PM ET,LV,0.7,,KC@LV,KC,1,True,,,False,21.5,47.5,4.5,,,,,,,,,,,,,,,,,,,,,,,,,,,,False,unmodeled,,,,0,False,,,,,,,,,,,21.5,True,,,,,,0.0,0.172,1.032,0.4128,3.071428571428572,33.0,True,,,,,,,,,,1.0,0.9556737588652482,0.9290322580645162,1.06,0.95,0.927324440957238,1.0366824805150796,0.9767058823529412,22.7,1.0079970298060574,1.032,1.0402529347598513,0.0082529347598512,,,
TE,Carter Runyon (44313112),Carter Runyon,44313112,TE/FLEX,2500,KC@LV 10/04/2026 04:25PM ET,LV,0.0,IR,KC@LV,KC,1,True,,IR,True,21.5,47.5,4.5,,,,,,,,,,,,,,,,,,,,,,,,,,,,False,unmodeled,,,,0,False,,,,,,,,,,,21.5,True,,,,,,0.0,0.172,1.032,0.4128,3.071428571428572,33.0,True,,,,,,,,,,1.0,0.9556737588652482,0.9290322580645162,1.06,0.95,0.927324440957238,1.0366824805150796,0.9767058823529412,22.7,1.0079970298060574,1.032,1.0402529347598513,0.0082529347598512,,,
TE,Chris Myarick (44313114),Chris Myarick,44313114,TE/FLEX,2500,KC@LV 10/04/2026 04:25PM ET,LV,0.0,,KC@LV,KC,1,True,,,False,21.5,47.5,4.5,,,,,,,,,,,,,,,,,,,,,,,,,,,,False,unmodeled,,,,0,False,,,,,,,,,,,21.5,True,,,,,,0.0,0.172,1.032,0.4128,3.071428571428572,33.0,True,,,,,,,,,,1.0,0.9556737588652482,0.9290322580645162,1.06,0.95,0.927324440957238,1.0366824805150796,0.9767058823529412,22.7,1.0079970298060574,1.032,1.0402529347598513,0.0082529347598512,,,
TE,Patrick Gurd (44313116),Patrick Gurd,44313116,TE/FLEX,2500,KC@LV 10/04/2026 04:25PM ET,LV,0.0,,KC@LV,KC,1,True,,,False,21.5,47.5,4.5,,,,,,,,,,,,,,,,,,,,,,,,,,,,False,unmodeled,,,,0,False,,,,,,,,,,,21.5,True,,,,,,0.0,0.172,1.032,0.4128,3.071428571428572,33.0,True,,,,,,,,,,1.0,0.9556737588652482,0.9290322580645162,1.06,0.95,0.927324440957238,1.0366824805150796,0.9767058823529412,22.7,1.0079970298060574,1.032,1.0402529347598513,0.0082529347598512,,,
TE,Jake Briningstool (44313118),Jake Briningstool,44313118,TE/FLEX,2500,KC@LV 10/04/2026 04:25PM ET,KC,0.6,,KC@LV,LV,0,True,,,False,26.0,47.5,-4.5,,,,,,,,,,,,,,,,,,,,,,,,,,,,False,unmodeled,,,,0,False,,,,,,,,,,,26.0,True,,,,,,0.0,0.208,1.248,0.4992,3.7142857142857135,32.666666666666664,False,,,,,,,,,,1.0,0.99822695035461,0.9806451612903224,0.9,0.9,0.9390937622597098,1.1,1.0129411764705882,11.6,1.0426212537176849,1.248,1.301191324639671,0.0531913246396706,,,
TE,Jared Wiley (44313120),Jared Wiley,44313120,TE/FLEX,2500,KC@LV 10/04/2026 04:25PM ET,KC,0.0,,KC@LV,LV,0,True,,,False,26.0,47.5,-4.5,,,,,,,,,,,,,,,,,,,,,,,,,,,,False,unmodeled,,,,0,False,,,,,,,,,,,26.0,True,,,,,,0.0,0.208,1.248,0.4992,3.7142857142857135,32.666666666666664,False,,,,,,,,,,1.0,0.99822695035461,0.9806451612903224,0.9,0.9,0.9390937622597098,1.1,1.0129411764705882,11.6,1.0426212537176849,1.248,1.301191324639671,0.0531913246396706,,,
TE,John Michael Gyllenborg (44313122),John Michael Gyllenborg,44313122,TE/FLEX,2500,KC@LV 10/04/2026 04:25PM ET,KC,0.0,IR,KC@LV,LV,0,True,,IR,True,26.0,47.5,-4.5,,,,,,,,,,,,,,,,,,,,,,,,,,,,False,unmodeled,,,,0,False,,,,,,,,,,,26.0,True,,,,,,0.0,0.208,1.248,0.4992,3.7142857142857135,32.666666666666664,False,,,,,,,,,,1.0,0.99822695035461,0.9806451612903224,0.9,0.9,0.9390937622597098,1.1,1.0129411764705882,11.6,1.0426212537176849,1.248,1.301191324639671,0.0531913246396706,,,
TE,James Winchester (44313124),James Winchester,44313124,TE/FLEX,2500,KC@LV 10/04/2026 04:25PM ET,KC,0.0,,KC@LV,LV,0,True,,,False,26.0,47.5,-4.5,,,,,,,,,,,,,,,,,,,,,,,,,,,,False,unmodeled,,,,0,False,,,,,,,,,,,26.0,True,,,,,,0.0,0.208,1.248,0.4992,3.7142857142857135,32.666666666666664,False,,,,,,,,,,1.0,0.99822695035461,0.9806451612903224,0.9,0.9,0.9390937622597098,1.1,1.0129411764705882,11.6,1.0426212537176849,1.248,1.301191324639671,0.0531913246396706,,,
TE,Thomas Odukoya (44313126),Thomas Odukoya,44313126,TE/FLEX,2500,KC@LV 10/04/2026 04:25PM ET,KC,0.0,,KC@LV,LV,0,True,,,False,26.0,47.5,-4.5,,,,,,,,,,,,,,,,,,,,,,,,,,,,False,unmodeled,,,,0,False,,,,,,,,,,,26.0,True,,,,,,0.0,0.208,1.248,0.4992,3.7142857142857135,32.666666666666664,False,,,,,,,,,,1.0,0.99822695035461,0.9806451612903224,0.9,0.9,0.9390937622597098,1.1,1.0129411764705882,11.6,1.0426212537176849,1.248,1.301191324639671,0.0531913246396706,,,
TE,Brevyn Spann-Ford (44313128),Brevyn Spann-Ford,44313128,TE/FLEX,2500,DAL@HOU 10/04/2026 01:00PM ET,DAL,2.1,,DAL@HOU,HOU,0,True,,,False,22.5,47.5,2.5,,,,,,,,,,,,,,,,,,,,,,,,,,,,False,unmodeled,,,,0,False,,,,,,,,,,,22.5,True,,,,,,0.0,0.18,1.08,0.432,3.2142857142857144,35.0,False,,,,,,,,,,1.0,1.0372340425531914,1.1,0.9,1.05,1.071694782267556,1.0387156895967469,1.0,9.9,1.0306021399165086,1.08,1.113050311109829,0.0330503111098292,,,
TE,Luke Schoonmaker (44313130),Luke Schoonmaker,44313130,TE/FLEX,2500,DAL@HOU 10/04/2026 01:00PM ET,DAL,1.4,,DAL@HOU,HOU,0,True,,,False,22.5,47.5,2.5,,,,,,,,,,,,,,,,,,,,,,,,,,,,False,unmodeled,,,,0,False,,,,,,,,,,,22.5,True,,,,,,0.0,0.18,1.08,0.432,3.2142857142857144,35.0,False,,,,,,,,,,1.0,1.0372340425531914,1.1,0.9,1.05,1.071694782267556,1.0387156895967469,1.0,9.9,1.0306021399165086,1.08,1.113050311109829,0.0330503111098292,,,
TE,Princeton Fant (44313132),Princeton Fant,44313132,TE/FLEX,2500,DAL@HOU 10/04/2026 01:00PM ET,DAL,0.0,IR,DAL@HOU,HOU,0,True,,IR,True,22.5,47.5,2.5,,,,,,,,,,,,,,,,,,,,,,,,,,,,False,unmodeled,,,,0,False,,,,,,,,,,,22.5,True,,,,,,0.0,0.18,1.08,0.432,3.2142857142857144,35.0,False,,,,,,,,,,1.0,1.0372340425531914,1.1,0.9,1.05,1.071694782267556,1.0387156895967469,1.0,9.9,1.0306021399165086,1.08,1.113050311109829,0.0330503111098292,,,
TE,DJ Rogers (44313134),DJ Rogers,44313134,TE/FLEX,2500,DAL@HOU 10/04/2026 01:00PM ET,DAL,0.0,IR,DAL@HOU,HOU,0,True,,IR,True,22.5,47.5,2.5,,,,,,,,,,,,,,,,,,,,,,,,,,,,False,unmodeled,,,,0,False,,,,,,,,,,,22.5,True,,,,,,0.0,0.18,1.08,0.432,3.2142857142857144,35.0,False,,,,,,,,,,1.0,1.0372340425531914,1.1,0.9,1.05,1.071694782267556,1.0387156895967469,1.0,9.9,1.0306021399165086,1.08,1.113050311109829,0.0330503111098292,,,
TE,James Mitchell (44313136),James Mitchell,44313136,TE/FLEX,2500,DAL@HOU 10/04/2026 01:00PM ET,DAL,0.0,,DAL@HOU,HOU,0,True,,,False,22.5,47.5,2.5,,,,,,,,,,,,,,,,,,,,,,,,,,,,False,unmodeled,,,,0,False,,,,,,,,,,,22.5,True,,,,,,0.0,0.18,1.08,0.432,3.2142857142857144,35.0,False,,,,,,,,,,1.0,1.0372340425531914,1.1,0.9,1.05,1.071694782267556,1.0387156895967469,1.0,9.9,1.0306021399165086,1.08,1.113050311109829,0.0330503111098292,,,
TE,Michael Trigg (44313138),Michael Trigg,44313138,TE/FLEX,2500,DAL@HOU 10/04/2026 01:00PM ET,DAL,0.0,,DAL@HOU,HOU,0,True,,,False,22.5,47.5,2.5,,,,,,,,,,,,,,,,,,,,,,,,,,,,False,unmodeled,,,,0,False,,,,,,,,,,,22.5,True,,,,,,0.0,0.18,1.08,0.432,3.2142857142857144,35.0,False,,,,,,,,,,1.0,1.0372340425531914,1.1,0.9,1.05,1.071694782267556,1.0387156895967469,1.0,9.9,1.0306021399165086,1.08,1.113050311109829,0.0330503111098292,,,
TE,Marlin Klein (44313140),Marlin Klein,44313140,TE/FLEX,2500,DAL@HOU 10/04/2026 01:00PM ET,HOU,0.9,,DAL@HOU,DAL,1,True,,,False,25.0,47.5,-2.5,,,,,,,,,,,,,,,,,,,,,,,,,,,,False,unmodeled,,,,0,False,,,,,,,,,,,25.0,True,,,,,,0.0,0.2,1.2000000000000002,0.4800000000000001,3.571428571428572,40.0,False,,,,,,,,,,1.0,1.0124113475177303,0.9806451612903224,1.1,1.1,0.9846018046292664,1.1,1.0,14.8,1.066167353008465,1.2000000000000002,1.2794008236101582,0.0794008236101579,,,
TE,Cade Stover (44313142),Cade Stover,44313142,TE/FLEX,2500,DAL@HOU 10/04/2026 01:00PM ET,HOU,0.3,,DAL@HOU,DAL,1,True,,,False,25.0,47.5,-2.5,,,,,,,,,,,,,,,,,,,,,,,,,,,,False,unmodeled,,,,0,False,,,,,,,,,,,25.0,True,,,,,,0.0,0.2,1.2000000000000002,0.4800000000000001,3.571428571428572,40.0,False,,,,,,,,,,1.0,1.0124113475177303,0.9806451612903224,1.1,1.1,0.9846018046292664,1.1,1.0,14.8,1.066167353008465,1.2000000000000002,1.2794008236101582,0.0794008236101579,,,
TE,Brevin Jordan (44313144),Brevin Jordan,44313144,TE/FLEX,2500,DAL@HOU 10/04/2026 01:00PM ET,HOU,0.0,,DAL@HOU,DAL,1,True,,,False,25.0,47.5,-2.5,,,,,,,,,,,,,,,,,,,,,,,,,,,,False,unmodeled,,,,0,False,,,,,,,,,,,25.0,True,,,,,,0.0,0.2,1.2000000000000002,0.4800000000000001,3.571428571428572,40.0,False,,,,,,,,,,1.0,1.0124113475177303,0.9806451612903224,1.1,1.1,0.9846018046292664,1.1,1.0,14.8,1.066167353008465,1.2000000000000002,1.2794008236101582,0.0794008236101579,,,
TE,Zaire Mitchell-Paden (44313146),Zaire Mitchell-Paden,44313146,TE/FLEX,2500,DAL@HOU 10/04/2026 01:00PM ET,HOU,0.0,,DAL@HOU,DAL,1,True,,,False,25.0,47.5,-2.5,,,,,,,,,,,,,,,,,,,,,,,,,,,,False,unmodeled,,,,0,False,,,,,,,,,,,25.0,True,,,,,,0.0,0.2,1.2000000000000002,0.4800000000000001,3.571428571428572,40.0,False,,,,,,,,,,1.0,1.0124113475177303,0.9806451612903224,1.1,1.1,0.9846018046292664,1.1,1.0,14.8,1.066167353008465,1.2000000000000002,1.2794008236101582,0.0794008236101579,,,
TE,Mason Taylor (44313148),Mason Taylor,44313148,TE/FLEX,2500,NYJ@CHI 10/04/2026 01:00PM ET,NYJ,0.9,Q,NYJ@CHI,CHI,0,True,,Q,True,20.0,43.0,3.0,,,,,,,,,,,,,,,,,,,,,,,,,,,,False,unmodeled,,,,0,False,,,,,,,,,,,20.0,True,,,,,,0.0,0.16,0.96,0.384,2.857142857142857,33.0,True,,,,,,,,,,1.0,1.0265957446808511,1.0064516129032255,0.97,0.95,0.9681247548058062,0.969586580820061,1.044,43.4,0.9875667169115688,0.96,0.948064048235106,-0.0119359517648938,,,
TE,Jeremy Ruckert (44313150),Jeremy Ruckert,44313150,TE/FLEX,2500,NYJ@CHI 10/04/2026 01:00PM ET,NYJ,6.3,,NYJ@CHI,CHI,0,True,,,False,20.0,43.0,3.0,,,,,,,,,,,,,,,,,,,,,,,,,,,,False,unmodeled,,,,0,False,,,,,,,,,,,20.0,True,,,,,,0.0,0.16,0.96,0.384,2.857142857142857,33.0,True,,,,,,,,,,1.0,1.0265957446808511,1.0064516129032255,0.97,0.95,0.9681247548058062,0.969586580820061,1.044,43.4,0.9875667169115688,0.96,0.948064048235106,-0.0119359517648938,,,
TE,Jelani Woods (44313152),Jelani Woods,44313152,TE/FLEX,2500,NYJ@CHI 10/04/2026 01:00PM ET,NYJ,1.0,,NYJ@CHI,CHI,0,True,,,False,20.0,43.0,3.0,,,,,,,,,,,,,,,,,,,,,,,,,,,,False,unmodeled,,,,0,False,,,,,,,,,,,20.0,True,,,,,,0.0,0.16,0.96,0.384,2.857142857142857,33.0,True,,,,,,,,,,1.0,1.0265957446808511,1.0064516129032255,0.97,0.95,0.9681247548058062,0.969586580820061,1.044,43.4,0.9875667169115688,0.96,0.948064048235106,-0.0119359517648938,,,
TE,Cody Hardy (44313154),Cody Hardy,44313154,TE/FLEX,2500,NYJ@CHI 10/04/2026 01:00PM ET,NYJ,0.0,,NYJ@CHI,CHI,0,True,,,False,20.0,43.0,3.0,,,,,,,,,,,,,,,,,,,,,,,,,,,,False,unmodeled,,,,0,False,,,,,,,,,,,20.0,True,,,,,,0.0,0.16,0.96,0.384,2.857142857142857,33.0,True,,,,,,,,,,1.0,1.0265957446808511,1.0064516129032255,0.97,0.95,0.9681247548058062,0.969586580820061,1.044,43.4,0.9875667169115688,0.96,0.948064048235106,-0.0119359517648938,,,
TE,Sam Roush (44313156),Sam Roush,44313156,TE/FLEX,2500,NYJ@CHI 10/04/2026 01:00PM ET,CHI,1.0,,NYJ@CHI,NYJ,1,True,,,False,23.0,43.0,-3.0,,,,,,,,,,,,,,,,,,,,,,,,,,,,False,unmodeled,,,,0,False,,,,,,,,,,,23.0,True,,,,,,0.0,0.1839999999999999,1.1039999999999994,0.4415999999999997,3.2857142857142856,32.666666666666664,False,,,,,,,,,,1.0,0.9627659574468084,0.9032258064516128,0.94,1.1,0.968909376225971,0.9126567265333784,1.0,20.2,0.9269752696002216,1.1039999999999994,1.023380697638644,-0.0806193023613552,,,
TE,Nikola Kalinic (44313158),Nikola Kalinic,44313158,TE/FLEX,2500,NYJ@CHI 10/04/2026 01:00PM ET,CHI,0.0,IR,NYJ@CHI,NYJ,1,True,,IR,True,23.0,43.0,-3.0,,,,,,,,,,,,,,,,,,,,,,,,,,,,False,unmodeled,,,,0,False,,,,,,,,,,,23.0,True,,,,,,0.0,0.1839999999999999,1.1039999999999994,0.4415999999999997,3.2857142857142856,32.666666666666664,False,,,,,,,,,,1.0,0.9627659574468084,0.9032258064516128,0.94,1.1,0.968909376225971,0.9126567265333784,1.0,20.2,0.9269752696002216,1.1039999999999994,1.023380697638644,-0.0806193023613552,,,
TE,Hayden Large (44313160),Hayden Large,44313160,TE/FLEX,2500,NYJ@CHI 10/04/2026 01:00PM ET,CHI,0.0,IR,NYJ@CHI,NYJ,1,True,,IR,True,23.0,43.0,-3.0,,,,,,,,,,,,,,,,,,,,,,,,,,,,False,unmodeled,,,,0,False,,,,,,,,,,,23.0,True,,,,,,0.0,0.1839999999999999,1.1039999999999994,0.4415999999999997,3.2857142857142856,32.666666666666664,False,,,,,,,,,,1.0,0.9627659574468084,0.9032258064516128,0.94,1.1,0.968909376225971,0.9126567265333784,1.0,20.2,0.9269752696002216,1.1039999999999994,1.023380697638644,-0.0806193023613552,,,
TE,Qadir Ismail (44313162),Qadir Ismail,44313162,TE/FLEX,2500,NYJ@CHI 10/04/2026 01:00PM ET,CHI,0.0,,NYJ@CHI,NYJ,1,True,,,False,23.0,43.0,-3.0,,,,,,,,,,,,,,,,,,,,,,,,,,,,False,unmodeled,,,,0,False,,,,,,,,,,,23.0,True,,,,,,0.0,0.1839999999999999,1.1039999999999994,0.4415999999999997,3.2857142857142856,32.666666666666664,False,,,,,,,,,,1.0,0.9627659574468084,0.9032258064516128,0.94,1.1,0.968909376225971,0.9126567265333784,1.0,20.2,0.9269752696002216,1.1039999999999994,1.023380697638644,-0.0806193023613552,,,
TE,Stephen Carlson (44313164),Stephen Carlson,44313164,TE/FLEX,2500,NYJ@CHI 10/04/2026 01:00PM ET,CHI,0.0,,NYJ@CHI,NYJ,1,True,,,False,23.0,43.0,-3.0,,,,,,,,,,,,,,,,,,,,,,,,,,,,False,unmodeled,,,,0,False,,,,,,,,,,,23.0,True,,,,,,0.0,0.1839999999999999,1.1039999999999994,0.4415999999999997,3.2857142857142856,32.666666666666664,False,,,,,,,,,,1.0,0.9627659574468084,0.9032258064516128,0.94,1.1,0.968909376225971,0.9126567265333784,1.0,20.2,0.9269752696002216,1.1039999999999994,1.023380697638644,-0.0806193023613552,,,
TE,Luke Farrell (44313166),Luke Farrell,44313166,TE/FLEX,2500,DEN@SF 10/04/2026 04:25PM ET,SF,1.3,,DEN@SF,DEN,1,True,,,False,24.5,46.5,-2.5,,,,,,,,,,,,,,,,,,,,,,,,,,,,False,unmodeled,,,,0,False,,,,,,,,,,,24.5,True,,,,,,0.0,0.196,1.1760000000000002,0.4704,3.5,33.0,True,,,,,,,,,,1.0,0.9946808510638298,1.0838709677419356,0.94,0.9,0.9728324833267948,1.0549813622500848,1.0,23.0,1.0312970587776975,1.1760000000000002,1.2128053411225728,0.0368053411225726,,,
TE,Brayden Willis (44313168),Brayden Willis,44313168,TE/FLEX,2500,DEN@SF 10/04/2026 04:25PM ET,SF,0.0,,DEN@SF,DEN,1,True,,,False,24.5,46.5,-2.5,,,,,,,,,,,,,,,,,,,,,,,,,,,,False,unmodeled,,,,0,False,,,,,,,,,,,24.5,True,,,,,,0.0,0.196,1.1760000000000002,0.4704,3.5,33.0,True,,,,,,,,,,1.0,0.9946808510638298,1.0838709677419356,0.94,0.9,0.9728324833267948,1.0549813622500848,1.0,23.0,1.0312970587776975,1.1760000000000002,1.2128053411225728,0.0368053411225726,,,
TE,Jake Tonges (44313170),Jake Tonges,44313170,TE/FLEX,2500,DEN@SF 10/04/2026 04:25PM ET,SF,0.0,IR,DEN@SF,DEN,1,True,,IR,True,24.5,46.5,-2.5,,,,,,,,,,,,,,,,,,,,,,,,,,,,False,unmodeled,,,,0,False,,,,,,,,,,,24.5,True,,,,,,0.0,0.196,1.1760000000000002,0.4704,3.5,33.0,True,,,,,,,,,,1.0,0.9946808510638298,1.0838709677419356,0.94,0.9,0.9728324833267948,1.0549813622500848,1.0,23.0,1.0312970587776975,1.1760000000000002,1.2128053411225728,0.0368053411225726,,,
TE,Jack Stoll (44313172),Jack Stoll,44313172,TE/FLEX,2500,DEN@SF 10/04/2026 04:25PM ET,SF,0.0,,DEN@SF,DEN,1,True,,,False,24.5,46.5,-2.5,,,,,,,,,,,,,,,,,,,,,,,,,,,,False,unmodeled,,,,0,False,,,,,,,,,,,24.5,True,,,,,,0.0,0.196,1.1760000000000002,0.4704,3.5,33.0,True,,,,,,,,,,1.0,0.9946808510638298,1.0838709677419356,0.94,0.9,0.9728324833267948,1.0549813622500848,1.0,23.0,1.0312970587776975,1.1760000000000002,1.2128053411225728,0.0368053411225726,,,
TE,Khalil Dinkins (44313174),Khalil Dinkins,44313174,TE/FLEX,2500,DEN@SF 10/04/2026 04:25PM ET,SF,0.0,,DEN@SF,DEN,1,True,,,False,24.5,46.5,-2.5,,,,,,,,,,,,,,,,,,,,,,,,,,,,False,unmodeled,,,,0,False,,,,,,,,,,,24.5,True,,,,,,0.0,0.196,1.1760000000000002,0.4704,3.5,33.0,True,,,,,,,,,,1.0,0.9946808510638298,1.0838709677419356,0.94,0.9,0.9728324833267948,1.0549813622500848,1.0,23.0,1.0312970587776975,1.1760000000000002,1.2128053411225728,0.0368053411225726,,,
TE,Adam Trautman (44313176),Adam Trautman,44313176,TE/FLEX,2500,DEN@SF 10/04/2026 04:25PM ET,DEN,1.0,,DEN@SF,SF,0,True,,,False,22.0,46.5,2.5,,,,,,,,,,,,,,,,,,,,,,,,,,,,False,unmodeled,,,,0,False,,,,,,,,,,,22.0,True,,,,,,0.0,0.176,1.056,0.4224,3.142857142857143,31.0,False,,,,,,,,,,1.0,0.9911347517730495,0.9806451612903224,1.1,1.05,0.9704786190663004,0.9817858353100644,1.0,7.1,0.99583041349283,1.056,1.0515969166484285,-0.0044030833515715,,,
TE,Nate Adkins (44313178),Nate Adkins,44313178,TE/FLEX,2500,DEN@SF 10/04/2026 04:25PM ET,DEN,6.9,,DEN@SF,SF,0,True,,,False,22.0,46.5,2.5,,,,,,,,,,,,,,,,,,,,,,,,,,,,False,unmodeled,,,,0,False,,,,,,,,,,,22.0,True,,,,,,0.0,0.176,1.056,0.4224,3.142857142857143,31.0,False,,,,,,,,,,1.0,0.9911347517730495,0.9806451612903224,1.1,1.05,0.9704786190663004,0.9817858353100644,1.0,7.1,0.99583041349283,1.056,1.0515969166484285,-0.0044030833515715,,,
TE,Dallen Bentley (44313180),Dallen Bentley,44313180,TE/FLEX,2500,DEN@SF 10/04/2026 04:25PM ET,DEN,0.0,,DEN@SF,SF,0,True,,,False,22.0,46.5,2.5,,,,,,,,,,,,,,,,,,,,,,,,,,,,False,unmodeled,,,,0,False,,,,,,,,,,,22.0,True,,,,,,0.0,0.176,1.056,0.4224,3.142857142857143,31.0,False,,,,,,,,,,1.0,0.9911347517730495,0.9806451612903224,1.1,1.05,0.9704786190663004,0.9817858353100644,1.0,7.1,0.99583041349283,1.056,1.0515969166484285,-0.0044030833515715,,,
TE,Caleb Lohner (44313182),Caleb Lohner,44313182,TE/FLEX,2500,DEN@SF 10/04/2026 04:25PM ET,DEN,0.0,IR,DEN@SF,SF,0,True,,IR,True,22.0,46.5,2.5,,,,,,,,,,,,,,,,,,,,,,,,,,,,False,unmodeled,,,,0,False,,,,,,,,,,,22.0,True,,,,,,0.0,0.176,1.056,0.4224,3.142857142857143,31.0,False,,,,,,,,,,1.0,0.9911347517730495,0.9806451612903224,1.1,1.05,0.9704786190663004,0.9817858353100644,1.0,7.1,0.99583041349283,1.056,1.0515969166484285,-0.0044030833515715,,,
TE,Lucas Krull (44313184),Lucas Krull,44313184,TE/FLEX,2500,DEN@SF 10/04/2026 04:25PM ET,DEN,0.0,,DEN@SF,SF,0,True,,,False,22.0,46.5,2.5,,,,,,,,,,,,,,,,,,,,,,,,,,,,False,unmodeled,,,,0,False,,,,,,,,,,,22.0,True,,,,,,0.0,0.176,1.056,0.4224,3.142857142857143,31.0,False,,,,,,,,,,1.0,0.9911347517730495,0.9806451612903224,1.1,1.05,0.9704786190663004,0.9817858353100644,1.0,7.1,0.99583041349283,1.056,1.0515969166484285,-0.0044030833515715,,,
TE,Mitchell Fraboni (44313186),Mitchell Fraboni,44313186,TE/FLEX,2500,DEN@SF 10/04/2026 04:25PM ET,DEN,0.0,,DEN@SF,SF,0,True,,,False,22.0,46.5,2.5,,,,,,,,,,,,,,,,,,,,,,,,,,,,False,unmodeled,,,,0,False,,,,,,,,,,,22.0,True,,,,,,0.0,0.176,1.056,0.4224,3.142857142857143,31.0,False,,,,,,,,,,1.0,0.9911347517730495,0.9806451612903224,1.1,1.05,0.9704786190663004,0.9817858353100644,1.0,7.1,0.99583041349283,1.056,1.0515969166484285,-0.0044030833515715,,,
TE,Josh Oliver (44313188),Josh Oliver,44313188,TE/FLEX,2500,MIA@MIN 10/04/2026 04:05PM ET,MIN,2.5,OUT,MIA@MIN,MIA,1,True,,OUT,True,24.5,38.5,-10.5,,,,,,,,,,,,,,,,,,,,,,,,,,,,False,unmodeled,,,,0,False,,,,,,,,,,,24.5,True,,,,,,0.0,0.196,1.1760000000000002,0.4704,3.5,24.33333333333333,False,,,,,,,,,,1.0,1.0726950354609928,1.032258064516129,1.1,0.95,0.9398783836798744,1.075313453066757,1.0,21.6,1.0728219645035777,1.1760000000000002,1.2616386302562073,0.0856386302562071,,,
TE,Gavin Bartholomew (44313190),Gavin Bartholomew,44313190,TE/FLEX,2500,MIA@MIN 10/04/2026 04:05PM ET,MIN,0.0,,MIA@MIN,MIA,1,True,,,False,24.5,38.5,-10.5,,,,,,,,,,,,,,,,,,,,,,,,,,,,False,unmodeled,,,,0,False,,,,,,,,,,,24.5,True,,,,,,0.0,0.196,1.1760000000000002,0.4704,3.5,24.33333333333333,False,,,,,,,,,,1.0,1.0726950354609928,1.032258064516129,1.1,0.95,0.9398783836798744,1.075313453066757,1.0,21.6,1.0728219645035777,1.1760000000000002,1.2616386302562073,0.0856386302562071,,,
TE,Ben Yurosek (44313192),Ben Yurosek,44313192,TE/FLEX,2500,MIA@MIN 10/04/2026 04:05PM ET,MIN,0.0,IR,MIA@MIN,MIA,1,True,,IR,True,24.5,38.5,-10.5,,,,,,,,,,,,,,,,,,,,,,,,,,,,False,unmodeled,,,,0,False,,,,,,,,,,,24.5,True,,,,,,0.0,0.196,1.1760000000000002,0.4704,3.5,24.33333333333333,False,,,,,,,,,,1.0,1.0726950354609928,1.032258064516129,1.1,0.95,0.9398783836798744,1.075313453066757,1.0,21.6,1.0728219645035777,1.1760000000000002,1.2616386302562073,0.0856386302562071,,,
TE,Andrew DePaola (44313194),Andrew DePaola,44313194,TE/FLEX,2500,MIA@MIN 10/04/2026 04:05PM ET,MIN,0.0,,MIA@MIN,MIA,1,True,,,False,24.5,38.5,-10.5,,,,,,,,,,,,,,,,,,,,,,,,,,,,False,unmodeled,,,,0,False,,,,,,,,,,,24.5,True,,,,,,0.0,0.196,1.1760000000000002,0.4704,3.5,24.33333333333333,False,,,,,,,,,,1.0,1.0726950354609928,1.032258064516129,1.1,0.95,0.9398783836798744,1.075313453066757,1.0,21.6,1.0728219645035777,1.1760000000000002,1.2616386302562073,0.0856386302562071,,,
TE,Cam Grandy (44313196),Cam Grandy,44313196,TE/FLEX,2500,MIA@MIN 10/04/2026 04:05PM ET,MIN,0.0,,MIA@MIN,MIA,1,True,,,False,24.5,38.5,-10.5,,,,,,,,,,,,,,,,,,,,,,,,,,,,False,unmodeled,,,,0,False,,,,,,,,,,,24.5,True,,,,,,0.0,0.196,1.1760000000000002,0.4704,3.5,24.33333333333333,False,,,,,,,,,,1.0,1.0726950354609928,1.032258064516129,1.1,0.95,0.9398783836798744,1.075313453066757,1.0,21.6,1.0728219645035777,1.1760000000000002,1.2616386302562073,0.0856386302562071,,,
TE,Will Kacmarek (44313198),Will Kacmarek,44313198,TE/FLEX,2500,MIA@MIN 10/04/2026 04:05PM ET,MIA,0.5,,MIA@MIN,MIN,0,True,,,False,14.0,38.5,10.5,,,,,,,,,,,,,,,,,,,,,,,,,,,,False,unmodeled,,,,0,False,,,,,,,,,,,14.0,False,,,,,,0.0,0.1119999999999999,0.6719999999999995,0.2687999999999998,2.0,33.0,True,,,,,,,,,,1.0,0.9875886524822696,0.9806451612903224,0.91,1.0,1.0379560612004708,0.9411216536767196,1.0,4.4,0.9535785887717956,0.6719999999999995,0.6408048116546461,-0.0311951883453533,,,
TE,Seydou Traore (44313200),Seydou Traore,44313200,TE/FLEX,2500,MIA@MIN 10/04/2026 04:05PM ET,MIA,0.0,,MIA@MIN,MIN,0,True,,,False,14.0,38.5,10.5,,,,,,,,,,,,,,,,,,,,,,,,,,,,False,unmodeled,,,,0,False,,,,,,,,,,,14.0,False,,,,,,0.0,0.1119999999999999,0.6719999999999995,0.2687999999999998,2.0,33.0,True,,,,,,,,,,1.0,0.9875886524822696,0.9806451612903224,0.91,1.0,1.0379560612004708,0.9411216536767196,1.0,4.4,0.9535785887717956,0.6719999999999995,0.6408048116546461,-0.0311951883453533,,,
TE,Justin Joly (44313202),Justin Joly,44313202,TE/FLEX,2500,MIA@MIN 10/04/2026 04:05PM ET,MIA,0.0,,MIA@MIN,MIN,0,True,,,False,14.0,38.5,10.5,,,,,,,,,,,,,,,,,,,,,,,,,,,,False,unmodeled,,,,0,False,,,,,,,,,,,14.0,False,,,,,,0.0,0.1119999999999999,0.6719999999999995,0.2687999999999998,2.0,33.0,True,,,,,,,,,,1.0,0.9875886524822696,0.9806451612903224,0.91,1.0,1.0379560612004708,0.9411216536767196,1.0,4.4,0.9535785887717956,0.6719999999999995,0.6408048116546461,-0.0311951883453533,,,
TE,Cole Turner (44313204),Cole Turner,44313204,TE/FLEX,2500,MIA@MIN 10/04/2026 04:05PM ET,MIA,0.0,IR,MIA@MIN,MIN,0,True,,IR,True,14.0,38.5,10.5,,,,,,,,,,,,,,,,,,,,,,,,,,,,False,unmodeled,,,,0,False,,,,,,,,,,,14.0,False,,,,,,0.0,0.1119999999999999,0.6719999999999995,0.2687999999999998,2.0,33.0,True,,,,,,,,,,1.0,0.9875886524822696,0.9806451612903224,0.91,1.0,1.0379560612004708,0.9411216536767196,1.0,4.4,0.9535785887717956,0.6719999999999995,0.6408048116546461,-0.0311951883453533,,,
TE,Tre Watson (44313206),Tre Watson,44313206,TE/FLEX,2500,MIA@MIN 10/04/2026 04:05PM ET,MIA,0.0,,MIA@MIN,MIN,0,True,,,False,14.0,38.5,10.5,,,,,,,,,,,,,,,,,,,,,,,,,,,,False,unmodeled,,,,0,False,,,,,,,,,,,14.0,False,,,,,,0.0,0.1119999999999999,0.6719999999999995,0.2687999999999998,2.0,33.0,True,,,,,,,,,,1.0,0.9875886524822696,0.9806451612903224,0.91,1.0,1.0379560612004708,0.9411216536767196,1.0,4.4,0.9535785887717956,0.6719999999999995,0.6408048116546461,-0.0311951883453533,,,
TE,Elijah Higgins (44313208),Elijah Higgins,44313208,TE/FLEX,2500,ARI@NYG 10/04/2026 01:00PM ET,ARI,1.7,,ARI@NYG,NYG,0,True,,,False,22.75,44.5,-1.0,,,,,,,,,,,,,,,,,,,,,,,,,,,,False,unmodeled,,,,0,False,,,,,,,,,,,22.75,True,,,,,,0.0,0.182,1.092,0.4368,3.25,39.0,False,,,,,,,,,,1.0,0.99822695035461,0.9806451612903224,0.97,1.05,1.037171439780306,1.006184344290071,1.023294117647059,18.8,0.998022643077224,1.092,1.0898407262403285,-0.0021592737596716,,,
TE,Hunter Long (44313210),Hunter Long,44313210,TE/FLEX,2500,ARI@NYG 10/04/2026 01:00PM ET,ARI,0.5,,ARI@NYG,NYG,0,True,,,False,22.75,44.5,-1.0,,,,,,,,,,,,,,,,,,,,,,,,,,,,False,unmodeled,,,,0,False,,,,,,,,,,,22.75,True,,,,,,0.0,0.182,1.092,0.4368,3.25,39.0,False,,,,,,,,,,1.0,0.99822695035461,0.9806451612903224,0.97,1.05,1.037171439780306,1.006184344290071,1.023294117647059,18.8,0.998022643077224,1.092,1.0898407262403285,-0.0021592737596716,,,
TE,Tip Reiman (44313212),Tip Reiman,44313212,TE/FLEX,2500,ARI@NYG 10/04/2026 01:00PM ET,ARI,0.0,OUT,ARI@NYG,NYG,0,True,,OUT,True,22.75,44.5,-1.0,,,,,,,,,,,,,,,,,,,,,,,,,,,,False,unmodeled,,,,0,False,,,,,,,,,,,22.75,True,,,,,,0.0,0.182,1.092,0.4368,3.25,39.0,False,,,,,,,,,,1.0,0.99822695035461,0.9806451612903224,0.97,1.05,1.037171439780306,1.006184344290071,1.023294117647059,18.8,0.998022643077224,1.092,1.0898407262403285,-0.0021592737596716,,,
TE,Jameson Geers (44313214),Jameson Geers,44313214,TE/FLEX,2500,ARI@NYG 10/04/2026 01:00PM ET,ARI,0.0,IR,ARI@NYG,NYG,0,True,,IR,True,22.75,44.5,-1.0,,,,,,,,,,,,,,,,,,,,,,,,,,,,False,unmodeled,,,,0,False,,,,,,,,,,,22.75,True,,,,,,0.0,0.182,1.092,0.4368,3.25,39.0,False,,,,,,,,,,1.0,0.99822695035461,0.9806451612903224,0.97,1.05,1.037171439780306,1.006184344290071,1.023294117647059,18.8,0.998022643077224,1.092,1.0898407262403285,-0.0021592737596716,,,
TE,Teagan Quitoriano (44313216),Teagan Quitoriano,44313216,TE/FLEX,2500,ARI@NYG 10/04/2026 01:00PM ET,ARI,0.0,,ARI@NYG,NYG,0,True,,,False,22.75,44.5,-1.0,,,,,,,,,,,,,,,,,,,,,,,,,,,,False,unmodeled,,,,0,False,,,,,,,,,,,22.75,True,,,,,,0.0,0.182,1.092,0.4368,3.25,39.0,False,,,,,,,,,,1.0,0.99822695035461,0.9806451612903224,0.97,1.05,1.037171439780306,1.006184344290071,1.023294117647059,18.8,0.998022643077224,1.092,1.0898407262403285,-0.0021592737596716,,,
TE,Shawn Bowman (44313218),Shawn Bowman,44313218,TE/FLEX,2500,ARI@NYG 10/04/2026 01:00PM ET,ARI,0.0,,ARI@NYG,NYG,0,True,,,False,22.75,44.5,-1.0,,,,,,,,,,,,,,,,,,,,,,,,,,,,False,unmodeled,,,,0,False,,,,,,,,,,,22.75,True,,,,,,0.0,0.182,1.092,0.4368,3.25,39.0,False,,,,,,,,,,1.0,0.99822695035461,0.9806451612903224,0.97,1.05,1.037171439780306,1.006184344290071,1.023294117647059,18.8,0.998022643077224,1.092,1.0898407262403285,-0.0021592737596716,,,
TE,Chris Manhertz (44313220),Chris Manhertz,44313220,TE/FLEX,2500,ARI@NYG 10/04/2026 01:00PM ET,NYG,0.0,,ARI@NYG,ARI,1,True,,,False,21.75,44.5,1.0,,,,,,,,,,,,,,,,,,,,,,,,,,,,False,unmodeled,,,,0,False,,,,,,,,,,,21.75,True,,,,,,0.0,0.174,1.044,0.4176,3.107142857142857,33.0,True,,,,,,,,,,1.0,1.0797872340425532,1.032258064516129,1.06,1.05,1.0638485680659082,1.1,1.0,11.0,1.08,1.044,1.12752,0.08352,,,
TE,Thomas Fidone II (44313222),Thomas Fidone II,44313222,TE/FLEX,2500,ARI@NYG 10/04/2026 01:00PM ET,NYG,0.0,,ARI@NYG,ARI,1,True,,,False,21.75,44.5,1.0,,,,,,,,,,,,,,,,,,,,,,,,,,,,False,unmodeled,,,,0,False,,,,,,,,,,,21.75,True,,,,,,0.0,0.174,1.044,0.4176,3.107142857142857,33.0,True,,,,,,,,,,1.0,1.0797872340425532,1.032258064516129,1.06,1.05,1.0638485680659082,1.1,1.0,11.0,1.08,1.044,1.12752,0.08352,,,
TE,Ben Mann (44313224),Ben Mann,44313224,TE/FLEX,2500,ARI@NYG 10/04/2026 01:00PM ET,NYG,0.0,,ARI@NYG,ARI,1,True,,,False,21.75,44.5,1.0,,,,,,,,,,,,,,,,,,,,,,,,,,,,False,unmodeled,,,,0,False,,,,,,,,,,,21.75,True,,,,,,0.0,0.174,1.044,0.4176,3.107142857142857,33.0,True,,,,,,,,,,1.0,1.0797872340425532,1.032258064516129,1.06,1.05,1.0638485680659082,1.1,1.0,11.0,1.08,1.044,1.12752,0.08352,,,
TE,E.J. Jenkins (44313226),E.J. Jenkins,44313226,TE/FLEX,2500,LAR@PHI 10/04/2026 01:00PM ET,PHI,0.0,,LAR@PHI,LAR,1,True,,,False,20.5,44.0,3.0,,,,,,,,,,,,,,,,,,,,,,,,,,,,False,unmodeled,,,,0,False,,,,,,,,,,,20.5,True,,,,,,0.0,0.1639999999999999,0.9839999999999992,0.3935999999999997,2.9285714285714284,33.0,True,,,,,,,,,,1.0,0.9343971631205674,0.9290322580645162,1.09,0.95,0.9916633974107494,0.9065570992883768,1.0,21.8,0.9341089211952008,0.9839999999999992,0.9191631784560768,-0.0648368215439224,,,
TE,Grant Calcaterra (44313228),Grant Calcaterra,44313228,TE/FLEX,2500,LAR@PHI 10/04/2026 01:00PM ET,PHI,0.0,IR,LAR@PHI,LAR,1,True,,IR,True,20.5,44.0,3.0,,,,,,,,,,,,,,,,,,,,,,,,,,,,False,unmodeled,,,,0,False,,,,,,,,,,,20.5,True,,,,,,0.0,0.1639999999999999,0.9839999999999992,0.3935999999999997,2.9285714285714284,33.0,True,,,,,,,,,,1.0,0.9343971631205674,0.9290322580645162,1.09,0.95,0.9916633974107494,0.9065570992883768,1.0,21.8,0.9341089211952008,0.9839999999999992,0.9191631784560768,-0.0648368215439224,,,
TE,Eli Stowers (44313230),Eli Stowers,44313230,TE/FLEX,2500,LAR@PHI 10/04/2026 01:00PM ET,PHI,0.0,IR,LAR@PHI,LAR,1,True,,IR,True,20.5,44.0,3.0,,,,,,,,,,,,,,,,,,,,,,,,,,,,False,unmodeled,,,,0,False,,,,,,,,,,,20.5,True,,,,,,0.0,0.1639999999999999,0.9839999999999992,0.3935999999999997,2.9285714285714284,33.0,True,,,,,,,,,,1.0,0.9343971631205674,0.9290322580645162,1.09,0.95,0.9916633974107494,0.9065570992883768,1.0,21.8,0.9341089211952008,0.9839999999999992,0.9191631784560768,-0.0648368215439224,,,
TE,Josiah Deguara (44313232),Josiah Deguara,44313232,TE/FLEX,2500,LAR@PHI 10/04/2026 01:00PM ET,PHI,0.0,,LAR@PHI,LAR,1,True,,,False,20.5,44.0,3.0,,,,,,,,,,,,,,,,,,,,,,,,,,,,False,unmodeled,,,,0,False,,,,,,,,,,,20.5,True,,,,,,0.0,0.1639999999999999,0.9839999999999992,0.3935999999999997,2.9285714285714284,33.0,True,,,,,,,,,,1.0,0.9343971631205674,0.9290322580645162,1.09,0.95,0.9916633974107494,0.9065570992883768,1.0,21.8,0.9341089211952008,0.9839999999999992,0.9191631784560768,-0.0648368215439224,,,
TE,Rocco Underwood (44313234),Rocco Underwood,44313234,TE/FLEX,2500,LAR@PHI 10/04/2026 01:00PM ET,PHI,0.0,,LAR@PHI,LAR,1,True,,,False,20.5,44.0,3.0,,,,,,,,,,,,,,,,,,,,,,,,,,,,False,unmodeled,,,,0,False,,,,,,,,,,,20.5,True,,,,,,0.0,0.1639999999999999,0.9839999999999992,0.3935999999999997,2.9285714285714284,33.0,True,,,,,,,,,,1.0,0.9343971631205674,0.9290322580645162,1.09,0.95,0.9916633974107494,0.9065570992883768,1.0,21.8,0.9341089211952008,0.9839999999999992,0.9191631784560768,-0.0648368215439224,,,
TE,Max Klare (44313236),Max Klare,44313236,TE/FLEX,2500,LAR@PHI 10/04/2026 01:00PM ET,LAR,0.0,,LAR@PHI,PHI,0,True,,,False,23.5,44.0,-3.0,,,,,,,,,,,,,,,,,,,,,,,,,,,,False,unmodeled,,,,0,False,,,,,,,,,,,23.5,True,,,,,,0.0,0.188,1.128,0.4512,3.357142857142857,37.0,False,,,,,,,,,,1.0,0.9911347517730495,1.0064516129032255,1.09,1.1,1.0324637112593174,0.9,1.0,22.0,0.9524288492335852,1.128,1.074339741935484,-0.053660258064516,,,
TE,Dan Villari (44313238),Dan Villari,44313238,TE/FLEX,2500,LAR@PHI 10/04/2026 01:00PM ET,LAR,0.0,,LAR@PHI,PHI,0,True,,,False,23.5,44.0,-3.0,,,,,,,,,,,,,,,,,,,,,,,,,,,,False,unmodeled,,,,0,False,,,,,,,,,,,23.5,True,,,,,,0.0,0.188,1.128,0.4512,3.357142857142857,37.0,False,,,,,,,,,,1.0,0.9911347517730495,1.0064516129032255,1.09,1.1,1.0324637112593174,0.9,1.0,22.0,0.9524288492335852,1.128,1.074339741935484,-0.053660258064516,,,
TE,Durham Smythe (44313240),Durham Smythe,44313240,TE/FLEX,2500,TEN@BAL 10/04/2026 01:00PM ET,BAL,0.5,,TEN@BAL,TEN,1,True,,,False,27.5,43.5,-11.5,,,,,,,,,,,,,,,,,,,,,,,,,,,,False,unmodeled,,,,0,False,,,,,,,,,,,27.5,True,,,,,,0.0,0.2199999999999999,1.3199999999999994,0.5279999999999998,3.928571428571429,33.0,True,,,,,,,,,,1.0,1.00531914893617,1.032258064516129,1.0,1.0,1.0159866614358573,0.9004574720433751,1.0,12.6,0.9498072033095118,1.3199999999999994,1.2537455083685551,-0.0662544916314442,,,
TE,Matt Hibner (44313242),Matt Hibner,44313242,TE/FLEX,2500,TEN@BAL 10/04/2026 01:00PM ET,BAL,4.2,,TEN@BAL,TEN,1,True,,,False,27.5,43.5,-11.5,,,,,,,,,,,,,,,,,,,,,,,,,,,,False,unmodeled,,,,0,False,,,,,,,,,,,27.5,True,,,,,,0.0,0.2199999999999999,1.3199999999999994,0.5279999999999998,3.928571428571429,33.0,True,,,,,,,,,,1.0,1.00531914893617,1.032258064516129,1.0,1.0,1.0159866614358573,0.9004574720433751,1.0,12.6,0.9498072033095118,1.3199999999999994,1.2537455083685551,-0.0662544916314442,,,
TE,Josh Cuevas (44313244),Josh Cuevas,44313244,TE/FLEX,2500,TEN@BAL 10/04/2026 01:00PM ET,BAL,0.8,,TEN@BAL,TEN,1,True,,,False,27.5,43.5,-11.5,,,,,,,,,,,,,,,,,,,,,,,,,,,,False,unmodeled,,,,0,False,,,,,,,,,,,27.5,True,,,,,,0.0,0.2199999999999999,1.3199999999999994,0.5279999999999998,3.928571428571429,33.0,True,,,,,,,,,,1.0,1.00531914893617,1.032258064516129,1.0,1.0,1.0159866614358573,0.9004574720433751,1.0,12.6,0.9498072033095118,1.3199999999999994,1.2537455083685551,-0.0662544916314442,,,
TE,Nick Vannett (44313246),Nick Vannett,44313246,TE/FLEX,2500,TEN@BAL 10/04/2026 01:00PM ET,BAL,0.0,,TEN@BAL,TEN,1,True,,,False,27.5,43.5,-11.5,,,,,,,,,,,,,,,,,,,,,,,,,,,,False,unmodeled,,,,0,False,,,,,,,,,,,27.5,True,,,,,,0.0,0.2199999999999999,1.3199999999999994,0.5279999999999998,3.928571428571429,33.0,True,,,,,,,,,,1.0,1.00531914893617,1.032258064516129,1.0,1.0,1.0159866614358573,0.9004574720433751,1.0,12.6,0.9498072033095118,1.3199999999999994,1.2537455083685551,-0.0662544916314442,,,
TE,Ty Pezza (44313248),Ty Pezza,44313248,TE/FLEX,2500,TEN@BAL 10/04/2026 01:00PM ET,BAL,0.0,,TEN@BAL,TEN,1,True,,,False,27.5,43.5,-11.5,,,,,,,,,,,,,,,,,,,,,,,,,,,,False,unmodeled,,,,0,False,,,,,,,,,,,27.5,True,,,,,,0.0,0.2199999999999999,1.3199999999999994,0.5279999999999998,3.928571428571429,33.0,True,,,,,,,,,,1.0,1.00531914893617,1.032258064516129,1.0,1.0,1.0159866614358573,0.9004574720433751,1.0,12.6,0.9498072033095118,1.3199999999999994,1.2537455083685551,-0.0662544916314442,,,
TE,Daniel Bellinger (44313250),Daniel Bellinger,44313250,TE/FLEX,2500,TEN@BAL 10/04/2026 01:00PM ET,TEN,1.8,,TEN@BAL,BAL,0,True,,,False,16.0,43.5,11.5,,,,,,,,,,,,,,,,,,,,,,,,,,,,False,unmodeled,,,,0,False,,,,,,,,,,,16.0,False,,,,,,0.0,0.128,0.768,0.3072,2.2857142857142856,33.0,True,,,,,,,,,,1.0,0.9946808510638298,1.0064516129032255,1.03,1.05,1.048156139662613,1.006184344290071,0.992235294117647,14.5,1.0057167634158193,0.768,0.7723904743033492,0.0043904743033491,,,
TE,David Martin-Robinson (44313252),David Martin-Robinson,44313252,TE/FLEX,2500,TEN@BAL 10/04/2026 01:00PM ET,TEN,0.0,,TEN@BAL,BAL,0,True,,,False,16.0,43.5,11.5,,,,,,,,,,,,,,,,,,,,,,,,,,,,False,unmodeled,,,,0,False,,,,,,,,,,,16.0,False,,,,,,0.0,0.128,0.768,0.3072,2.2857142857142856,33.0,True,,,,,,,,,,1.0,0.9946808510638298,1.0064516129032255,1.03,1.05,1.048156139662613,1.006184344290071,0.992235294117647,14.5,1.0057167634158193,0.768,0.7723904743033492,0.0043904743033491,,,
TE,Kylen Granson (44313254),Kylen Granson,44313254,TE/FLEX,2500,TEN@BAL 10/04/2026 01:00PM ET,TEN,0.0,,TEN@BAL,BAL,0,True,,,False,16.0,43.5,11.5,,,,,,,,,,,,,,,,,,,,,,,,,,,,False,unmodeled,,,,0,False,,,,,,,,,,,16.0,False,,,,,,0.0,0.128,0.768,0.3072,2.2857142857142856,33.0,True,,,,,,,,,,1.0,0.9946808510638298,1.0064516129032255,1.03,1.05,1.048156139662613,1.006184344290071,0.992235294117647,14.5,1.0057167634158193,0.768,0.7723904743033492,0.0043904743033491,,,
TE,Jaren Kanak (44313256),Jaren Kanak,44313256,TE/FLEX,2500,TEN@BAL 10/04/2026 01:00PM ET,TEN,0.0,IR,TEN@BAL,BAL,0,True,,IR,True,16.0,43.5,11.5,,,,,,,,,,,,,,,,,,,,,,,,,,,,False,unmodeled,,,,0,False,,,,,,,,,,,16.0,False,,,,,,0.0,0.128,0.768,0.3072,2.2857142857142856,33.0,True,,,,,,,,,,1.0,0.9946808510638298,1.0064516129032255,1.03,1.05,1.048156139662613,1.006184344290071,0.992235294117647,14.5,1.0057167634158193,0.768,0.7723904743033492,0.0043904743033491,,,
TE,Joel Wilson (44313258),Joel Wilson,44313258,TE/FLEX,2500,TEN@BAL 10/04/2026 01:00PM ET,TEN,0.0,,TEN@BAL,BAL,0,True,,,False,16.0,43.5,11.5,,,,,,,,,,,,,,,,,,,,,,,,,,,,False,unmodeled,,,,0,False,,,,,,,,,,,16.0,False,,,,,,0.0,0.128,0.768,0.3072,2.2857142857142856,33.0,True,,,,,,,,,,1.0,0.9946808510638298,1.0064516129032255,1.03,1.05,1.048156139662613,1.006184344290071,0.992235294117647,14.5,1.0057167634158193,0.768,0.7723904743033492,0.0043904743033491,,,
TE,Payne Durham (44313260),Payne Durham,44313260,TE/FLEX,2500,GB@TB 10/04/2026 01:00PM ET,TB,0.0,,GB@TB,GB,1,True,,,False,17.75,39.5,4.0,,,,,,,,,,,,,,,,,,,,,,,,,,,,False,unmodeled,,,,0,False,,,,,,,,,,,17.75,False,,,,,,0.0,0.142,0.8519999999999999,0.3407999999999999,2.5357142857142856,33.0,True,,,,,,,,,,1.0,1.0088652482269502,0.9290322580645162,0.97,1.0,1.0403099254609651,0.9838190443917316,1.0,13.5,0.9832200122786416,0.8519999999999999,0.8377034504614025,-0.0142965495385973,,,
TE,Ko Kieft (44313262),Ko Kieft,44313262,TE/FLEX,2500,GB@TB 10/04/2026 01:00PM ET,TB,0.0,,GB@TB,GB,1,True,,,False,17.75,39.5,4.0,,,,,,,,,,,,,,,,,,,,,,,,,,,,False,unmodeled,,,,0,False,,,,,,,,,,,17.75,False,,,,,,0.0,0.142,0.8519999999999999,0.3407999999999999,2.5357142857142856,33.0,True,,,,,,,,,,1.0,1.0088652482269502,0.9290322580645162,0.97,1.0,1.0403099254609651,0.9838190443917316,1.0,13.5,0.9832200122786416,0.8519999999999999,0.8377034504614025,-0.0142965495385973,,,
TE,Bauer Sharp (44313264),Bauer Sharp,44313264,TE/FLEX,2500,GB@TB 10/04/2026 01:00PM ET,TB,0.0,,GB@TB,GB,1,True,,,False,17.75,39.5,4.0,,,,,,,,,,,,,,,,,,,,,,,,,,,,False,unmodeled,,,,0,False,,,,,,,,,,,17.75,False,,,,,,0.0,0.142,0.8519999999999999,0.3407999999999999,2.5357142857142856,33.0,True,,,,,,,,,,1.0,1.0088652482269502,0.9290322580645162,0.97,1.0,1.0403099254609651,0.9838190443917316,1.0,13.5,0.9832200122786416,0.8519999999999999,0.8377034504614025,-0.0142965495385973,,,
TE,CJ Dippre (44313266),CJ Dippre,44313266,TE/FLEX,2500,GB@TB 10/04/2026 01:00PM ET,TB,0.0,,GB@TB,GB,1,True,,,False,17.75,39.5,4.0,,,,,,,,,,,,,,,,,,,,,,,,,,,,False,unmodeled,,,,0,False,,,,,,,,,,,17.75,False,,,,,,0.0,0.142,0.8519999999999999,0.3407999999999999,2.5357142857142856,33.0,True,,,,,,,,,,1.0,1.0088652482269502,0.9290322580645162,0.97,1.0,1.0403099254609651,0.9838190443917316,1.0,13.5,0.9832200122786416,0.8519999999999999,0.8377034504614025,-0.0142965495385973,,,
TE,Evan Deckers (44313268),Evan Deckers,44313268,TE/FLEX,2500,GB@TB 10/04/2026 01:00PM ET,TB,0.0,,GB@TB,GB,1,True,,,False,17.75,39.5,4.0,,,,,,,,,,,,,,,,,,,,,,,,,,,,False,unmodeled,,,,0,False,,,,,,,,,,,17.75,False,,,,,,0.0,0.142,0.8519999999999999,0.3407999999999999,2.5357142857142856,33.0,True,,,,,,,,,,1.0,1.0088652482269502,0.9290322580645162,0.97,1.0,1.0403099254609651,0.9838190443917316,1.0,13.5,0.9832200122786416,0.8519999999999999,0.8377034504614025,-0.0142965495385973,,,
TE,Mark Redman (44313270),Mark Redman,44313270,TE/FLEX,2500,GB@TB 10/04/2026 01:00PM ET,GB,0.0,,GB@TB,TB,0,True,,,False,21.75,39.5,-4.0,,,,,,,,,,,,,,,,,,,,,,,,,,,,False,unmodeled,,,,0,False,,,,,,,,,,,21.75,True,,,,,,0.0,0.174,1.044,0.4176,3.107142857142857,41.333333333333336,False,,,,,,,,,,1.0,0.99822695035461,1.0064516129032255,1.0,1.0,0.9649862691251472,1.0712470349034224,1.0,30.5,1.0393877680758576,1.044,1.0851208298711954,0.0411208298711953,,,
TE,Josh Whyle (44313272),Josh Whyle,44313272,TE/FLEX,2500,GB@TB 10/04/2026 01:00PM ET,GB,0.0,,GB@TB,TB,0,True,,,False,21.75,39.5,-4.0,,,,,,,,,,,,,,,,,,,,,,,,,,,,False,unmodeled,,,,0,False,,,,,,,,,,,21.75,True,,,,,,0.0,0.174,1.044,0.4176,3.107142857142857,41.333333333333336,False,,,,,,,,,,1.0,0.99822695035461,1.0064516129032255,1.0,1.0,0.9649862691251472,1.0712470349034224,1.0,30.5,1.0393877680758576,1.044,1.0851208298711954,0.0411208298711953,,,
TE,Luke Musgrave (44313274),Luke Musgrave,44313274,TE/FLEX,2500,GB@TB 10/04/2026 01:00PM ET,GB,0.0,OUT,GB@TB,TB,0,True,,OUT,True,21.75,39.5,-4.0,,,,,,,,,,,,,,,,,,,,,,,,,,,,False,unmodeled,,,,0,False,,,,,,,,,,,21.75,True,,,,,,0.0,0.174,1.044,0.4176,3.107142857142857,41.333333333333336,False,,,,,,,,,,1.0,0.99822695035461,1.0064516129032255,1.0,1.0,0.9649862691251472,1.0712470349034224,1.0,30.5,1.0393877680758576,1.044,1.0851208298711954,0.0411208298711953,,,
TE,Thomas Yassmin (44313276),Thomas Yassmin,44313276,TE/FLEX,2500,GB@TB 10/04/2026 01:00PM ET,GB,0.0,IR,GB@TB,TB,0,True,,IR,True,21.75,39.5,-4.0,,,,,,,,,,,,,,,,,,,,,,,,,,,,False,unmodeled,,,,0,False,,,,,,,,,,,21.75,True,,,,,,0.0,0.174,1.044,0.4176,3.107142857142857,41.333333333333336,False,,,,,,,,,,1.0,0.99822695035461,1.0064516129032255,1.0,1.0,0.9649862691251472,1.0712470349034224,1.0,30.5,1.0393877680758576,1.044,1.0851208298711954,0.0411208298711953,,,
TE,Drake Dabney (44313278),Drake Dabney,44313278,TE/FLEX,2500,GB@TB 10/04/2026 01:00PM ET,GB,0.0,,GB@TB,TB,0,True,,,False,21.75,39.5,-4.0,,,,,,,,,,,,,,,,,,,,,,,,,,,,False,unmodeled,,,,0,False,,,,,,,,,,,21.75,True,,,,,,0.0,0.174,1.044,0.4176,3.107142857142857,41.333333333333336,False,,,,,,,,,,1.0,0.99822695035461,1.0064516129032255,1.0,1.0,0.9649862691251472,1.0712470349034224,1.0,30.5,1.0393877680758576,1.044,1.0851208298711954,0.0411208298711953,,,
TE,Nate Boerkircher (44313280),Nate Boerkircher,44313280,TE/FLEX,2500,JAX@CIN 10/04/2026 01:00PM ET,JAX,0.6,,JAX@CIN,CIN,0,True,,,False,24.5,51.5,2.5,,,,,,,,,,,,,,,,,,,,,,,,,,,,False,unmodeled,,,,0,False,,,,,,,,,,,24.5,True,,,,,,0.0,0.196,1.1760000000000002,0.4704,3.5,33.0,True,,,,,,,,,,1.0,1.0088652482269502,1.1,0.9,1.05,0.9916633974107494,1.1,1.0,21.5,1.0572163120567375,1.1760000000000002,1.2432863829787235,0.0672863829787235,,,
TE,Quintin Morris (44313282),Quintin Morris,44313282,TE/FLEX,2500,JAX@CIN 10/04/2026 01:00PM ET,JAX,0.6,,JAX@CIN,CIN,0,True,,,False,24.5,51.5,2.5,,,,,,,,,,,,,,,,,,,,,,,,,,,,False,unmodeled,,,,0,False,,,,,,,,,,,24.5,True,,,,,,0.0,0.196,1.1760000000000002,0.4704,3.5,33.0,True,,,,,,,,,,1.0,1.0088652482269502,1.1,0.9,1.05,0.9916633974107494,1.1,1.0,21.5,1.0572163120567375,1.1760000000000002,1.2432863829787235,0.0672863829787235,,,
TE,Tanner Koziol (44313284),Tanner Koziol,44313284,TE/FLEX,2500,JAX@CIN 10/04/2026 01:00PM ET,JAX,0.0,,JAX@CIN,CIN,0,True,,,False,24.5,51.5,2.5,,,,,,,,,,,,,,,,,,,,,,,,,,,,False,unmodeled,,,,0,False,,,,,,,,,,,24.5,True,,,,,,0.0,0.196,1.1760000000000002,0.4704,3.5,33.0,True,,,,,,,,,,1.0,1.0088652482269502,1.1,0.9,1.05,0.9916633974107494,1.1,1.0,21.5,1.0572163120567375,1.1760000000000002,1.2432863829787235,0.0672863829787235,,,
TE,Brenden Bates (44313286),Brenden Bates,44313286,TE/FLEX,2500,JAX@CIN 10/04/2026 01:00PM ET,JAX,0.0,,JAX@CIN,CIN,0,True,,,False,24.5,51.5,2.5,,,,,,,,,,,,,,,,,,,,,,,,,,,,False,unmodeled,,,,0,False,,,,,,,,,,,24.5,True,,,,,,0.0,0.196,1.1760000000000002,0.4704,3.5,33.0,True,,,,,,,,,,1.0,1.0088652482269502,1.1,0.9,1.05,0.9916633974107494,1.1,1.0,21.5,1.0572163120567375,1.1760000000000002,1.2432863829787235,0.0672863829787235,,,
TE,Erick All Jr. (44313288),Erick All Jr.,44313288,TE/FLEX,2500,JAX@CIN 10/04/2026 01:00PM ET,CIN,0.8,,JAX@CIN,JAX,1,True,,,False,27.0,51.5,-2.5,,,,,,,,,,,,,,,,,,,,,,,,,,,,False,unmodeled,,,,0,False,,,,,,,,,,,27.0,True,,,,,,0.0,0.216,1.296,0.5184,3.857142857142857,34.333333333333336,False,,,,,,,,,,1.0,0.99822695035461,0.9806451612903224,1.06,0.9,1.0018634758728913,0.908590308370044,1.0,18.5,0.9533459233212088,1.296,1.2355363166242868,-0.0604636833757132,,,
TE,Tanner Hudson (44313290),Tanner Hudson,44313290,TE/FLEX,2500,JAX@CIN 10/04/2026 01:00PM ET,CIN,2.4,,JAX@CIN,JAX,1,True,,,False,27.0,51.5,-2.5,,,,,,,,,,,,,,,,,,,,,,,,,,,,False,unmodeled,,,,0,False,,,,,,,,,,,27.0,True,,,,,,0.0,0.216,1.296,0.5184,3.857142857142857,34.333333333333336,False,,,,,,,,,,1.0,0.99822695035461,0.9806451612903224,1.06,0.9,1.0018634758728913,0.908590308370044,1.0,18.5,0.9533459233212088,1.296,1.2355363166242868,-0.0604636833757132,,,
TE,Jack Endries (44313292),Jack Endries,44313292,TE/FLEX,2500,JAX@CIN 10/04/2026 01:00PM ET,CIN,0.0,,JAX@CIN,JAX,1,True,,,False,27.0,51.5,-2.5,,,,,,,,,,,,,,,,,,,,,,,,,,,,False,unmodeled,,,,0,False,,,,,,,,,,,27.0,True,,,,,,0.0,0.216,1.296,0.5184,3.857142857142857,34.333333333333336,False,,,,,,,,,,1.0,0.99822695035461,0.9806451612903224,1.06,0.9,1.0018634758728913,0.908590308370044,1.0,18.5,0.9533459233212088,1.296,1.2355363166242868,-0.0604636833757132,,,
TE,William Wagner (44313294),William Wagner,44313294,TE/FLEX,2500,JAX@CIN 10/04/2026 01:00PM ET,CIN,0.0,,JAX@CIN,JAX,1,True,,,False,27.0,51.5,-2.5,,,,,,,,,,,,,,,,,,,,,,,,,,,,False,unmodeled,,,,0,False,,,,,,,,,,,27.0,True,,,,,,0.0,0.216,1.296,0.5184,3.857142857142857,34.333333333333336,False,,,,,,,,,,1.0,0.99822695035461,0.9806451612903224,1.06,0.9,1.0018634758728913,0.908590308370044,1.0,18.5,0.9533459233212088,1.296,1.2355363166242868,-0.0604636833757132,,,
TE,Cameron Latu (44313296),Cameron Latu,44313296,TE/FLEX,2500,NE@BUF 10/04/2026 01:00PM ET,NE,0.0,,NE@BUF,BUF,0,True,,,False,21.0,48.5,6.5,,,,,,,,,,,,,,,,,,,,,,,,,,,,False,unmodeled,,,,0,False,,,,,,,,,,,21.0,True,,,,,,0.0,0.1679999999999999,1.0079999999999991,0.4031999999999997,3.0,33.0,True,,,,,,,,,,1.0,1.0159574468085106,1.1,0.91,1.05,1.0622793252255789,0.9634869535750592,1.0,12.6,0.9849071861684104,1.0079999999999991,0.9927864436577568,-0.0152135563422424,,,
TE,Tanner Arkin (44313298),Tanner Arkin,44313298,TE/FLEX,2500,NE@BUF 10/04/2026 01:00PM ET,NE,0.0,,NE@BUF,BUF,0,True,,,False,21.0,48.5,6.5,,,,,,,,,,,,,,,,,,,,,,,,,,,,False,unmodeled,,,,0,False,,,,,,,,,,,21.0,True,,,,,,0.0,0.1679999999999999,1.0079999999999991,0.4031999999999997,3.0,33.0,True,,,,,,,,,,1.0,1.0159574468085106,1.1,0.91,1.05,1.0622793252255789,0.9634869535750592,1.0,12.6,0.9849071861684104,1.0079999999999991,0.9927864436577568,-0.0152135563422424,,,
TE,Julian Hill (44313300),Julian Hill,44313300,TE/FLEX,2500,NE@BUF 10/04/2026 01:00PM ET,NE,0.0,IR,NE@BUF,BUF,0,True,,IR,True,21.0,48.5,6.5,,,,,,,,,,,,,,,,,,,,,,,,,,,,False,unmodeled,,,,0,False,,,,,,,,,,,21.0,True,,,,,,0.0,0.1679999999999999,1.0079999999999991,0.4031999999999997,3.0,33.0,True,,,,,,,,,,1.0,1.0159574468085106,1.1,0.91,1.05,1.0622793252255789,0.9634869535750592,1.0,12.6,0.9849071861684104,1.0079999999999991,0.9927864436577568,-0.0152135563422424,,,
TE,Tanner Conner (44313302),Tanner Conner,44313302,TE/FLEX,2500,NE@BUF 10/04/2026 01:00PM ET,NE,0.0,,NE@BUF,BUF,0,True,,,False,21.0,48.5,6.5,,,,,,,,,,,,,,,,,,,,,,,,,,,,False,unmodeled,,,,0,False,,,,,,,,,,,21.0,True,,,,,,0.0,0.1679999999999999,1.0079999999999991,0.4031999999999997,3.0,33.0,True,,,,,,,,,,1.0,1.0159574468085106,1.1,0.91,1.05,1.0622793252255789,0.9634869535750592,1.0,12.6,0.9849071861684104,1.0079999999999991,0.9927864436577568,-0.0152135563422424,,,
TE,Jackson Hawes (44313304),Jackson Hawes,44313304,TE/FLEX,2500,NE@BUF 10/04/2026 01:00PM ET,BUF,0.0,,NE@BUF,NE,1,True,,,False,27.5,48.5,-6.5,,,,,,,,,,,,,,,,,,,,,,,,,,,,False,unmodeled,,,,0,False,,,,,,,,,,,27.5,True,,,,,,0.0,0.2199999999999999,1.3199999999999994,0.5279999999999998,3.928571428571429,28.666666666666668,False,,,,,,,,,,1.0,0.9663120567375888,0.9290322580645162,0.97,1.0,1.0159866614358573,0.9,1.0,30.4,0.9264812399908487,1.3199999999999994,1.2229552367879195,-0.0970447632120796,,,
TE,Keleki Latu (44313306),Keleki Latu,44313306,TE/FLEX,2500,NE@BUF 10/04/2026 01:00PM ET,BUF,0.0,,NE@BUF,NE,1,True,,,False,27.5,48.5,-6.5,,,,,,,,,,,,,,,,,,,,,,,,,,,,False,unmodeled,,,,0,False,,,,,,,,,,,27.5,True,,,,,,0.0,0.2199999999999999,1.3199999999999994,0.5279999999999998,3.928571428571429,28.666666666666668,False,,,,,,,,,,1.0,0.9663120567375888,0.9290322580645162,0.97,1.0,1.0159866614358573,0.9,1.0,30.4,0.9264812399908487,1.3199999999999994,1.2229552367879195,-0.0970447632120796,,,
DST,Broncos (44313324),Broncos,44313324,DST,2500,DEN@SF 10/04/2026 04:25PM ET,DEN,8.3,,DEN@SF,SF,0,True,,,False,22.0,46.5,2.5,,,,,,,,,,,,,,,,,,,,,,,,,,,,False,unmodeled,,,,0,False,,,,,,,,,,,0.0,False,,,,,,,,,,3.142857142857143,31.0,False,,,,,,,,,,1.0,0.9911347517730495,0.9806451612903224,1.1,1.05,0.9704786190663004,0.9817858353100644,1.0,7.1,1.0,,,,,,
DST,Cardinals (44313325),Cardinals,44313325,DST,2500,ARI@NYG 10/04/2026 01:00PM ET,ARI,3.3,,ARI@NYG,NYG,0,True,,,False,22.75,44.5,-1.0,,,,,,,,,,,,,,,,,,,,,,,,,,,,False,unmodeled,,,,0,False,,,,,,,,,,,0.0,False,,,,,,,,,,3.25,39.0,False,,,,,,,,,,1.0,0.99822695035461,0.9806451612903224,0.97,1.05,1.037171439780306,1.006184344290071,1.023294117647059,18.8,1.0,,,,,,
DST,Jets (44313326),Jets,44313326,DST,2400,NYJ@CHI 10/04/2026 01:00PM ET,NYJ,5.3,,NYJ@CHI,CHI,0,True,,,False,20.0,43.0,3.0,,,,,,,,,,,,,,,,,,,,,,,,,,,,False,unmodeled,,,,0,False,,,,,,,,,,,0.0,False,,,,,,,,,,2.857142857142857,33.0,True,,,,,,,,,,1.0,1.0265957446808511,1.0064516129032255,0.97,0.95,0.9681247548058062,0.969586580820061,1.044,43.4,1.0,,,,,,
DST,Raiders (44313327),Raiders,44313327,DST,2400,KC@LV 10/04/2026 04:25PM ET,LV,12.3,,KC@LV,KC,1,True,,,False,21.5,47.5,4.5,,,,,,,,,,,,,,,,,,,,,,,,,,,,False,unmodeled,,,,0,False,,,,,,,,,,,0.0,False,,,,,,,,,,3.071428571428572,33.0,True,,,,,,,,,,1.0,0.9556737588652482,0.9290322580645162,1.06,0.95,0.927324440957238,1.0366824805150796,0.9767058823529412,22.7,1.0,,,,,,
DST,Patriots (44313328),Patriots,44313328,DST,2300,NE@BUF 10/04/2026 01:00PM ET,NE,8.7,,NE@BUF,BUF,0,True,,,False,21.0,48.5,6.5,,,,,,,,,,,,,,,,,,,,,,,,,,,,False,unmodeled,,,,0,False,,,,,,,,,,,0.0,False,,,,,,,,,,3.0,33.0,True,,,,,,,,,,1.0,1.0159574468085106,1.1,0.91,1.05,1.0622793252255789,0.9634869535750592,1.0,12.6,1.0,,,,,,
DST,Chargers (44313329),Chargers,44313329,DST,2200,LAC@SEA 10/04/2026 04:25PM ET,LAC,6.3,,LAC@SEA,SEA,0,True,,,False,18.0,43.0,7.0,,,,,,,,,,,,,,,,,,,,,,,,,,,,False,unmodeled,,,,0,False,,,,,,,,,,,0.0,False,,,,,,,,,,2.571428571428572,33.0,True,,,,,,,,,,1.0,0.927304964539007,0.9,0.97,0.9,0.9367398979992154,0.9797526262283972,1.0,5.3,1.0,,,,,,
DST,Titans (44313330),Titans,44313330,DST,2100,TEN@BAL 10/04/2026 01:00PM ET,TEN,4.7,,TEN@BAL,BAL,0,True,,,False,16.0,43.5,11.5,,,,,,,,,,,,,,,,,,,,,,,,,,,,False,unmodeled,,,,0,False,,,,,,,,,,,0.0,False,,,,,,,,,,2.2857142857142856,33.0,True,,,,,,,,,,1.0,0.9946808510638298,1.0064516129032255,1.03,1.05,1.048156139662613,1.006184344290071,0.992235294117647,14.5,1.0,,,,,,
DST,Dolphins (44313331),Dolphins,44313331,DST,2000,MIA@MIN 10/04/2026 04:05PM ET,MIA,0.7,,MIA@MIN,MIN,0,True,,,False,14.0,38.5,10.5,,,,,,,,,,,,,,,,,,,,,,,,,,,,False,unmodeled,,,,0,False,,,,,,,,,,,0.0,False,,,,,,,,,,2.0,33.0,True,,,,,,,,,,1.0,0.9875886524822696,0.9806451612903224,0.91,1.0,1.0379560612004708,0.9411216536767196,1.0,4.4,1.0,,,,,,
